0,0,-0.09907804,-0.259852,-0.07301072,-12.50621
0.02,0,-0.1883779,-0.322521,-0.07354365,-42.66232
0.04,0,-0.2485642,-0.9818009,-0.07167841,-98.85104
0.06,0,-0.3108891,-1.199221,-0.07354365,-194.3166
0.08,0,-0.3404182,-2.833169,-0.07221133,-351.7678
0.1,0,-0.4022712,-3.49301,-0.07354365,-606.1996
0.12,0,-0.4451079,-7.623271,-0.0724778,-1020.871
0.14,0,-0.4893858,-9.330658,-0.07301072,-1676.921
0.16,0,-0.5175646,-19.75498,-0.07274425,-2735.729
0.18,0,-0.5413832,-24.07808,-0.07327718,-4400.259
0.2,0,-0.5656074,-50.4171,-0.07354365,-7080.751
0.22,0,-0.5721651,-61.30382,-0.07381011,-11288.19
0.24,0,-0.5861251,-127.8233,-0.07301072,-18057.93
0.26,0,-0.6056806,-155.3283,-0.07274425,-28684.45
0.28,0,-0.6268755,-323.2818,-0.07221133,-45780.63
0.3,0,-0.6369506,-392.6939,-0.07274425,-72611.87
0.32,0,-0.6577485,-816.7379,-0.07407656,-115774.6
0.34,0,-0.669924,-991.929,-0.0724778,-183513.8
0.36,0,-0.683168,-2062.464,-0.07354365,-292479.4
0.38,0,-0.670041,-2504.585,-0.07274425,-463483.1
0.4,0,-0.665989,-5207.218,-0.07274425,-738556.8
0.42,0,-0.6679097,-6323.136,-0.07221133,-1170243
0.44,0,-0.6762074,-13146.09,-0.07274425,-1864651
0.46,0,-0.6651326,-15962.6,-0.0724778,-2954415
0.48,0,-0.6816787,-33187.56,-0.07327718,-4707402
0.5,0,-0.6651928,-40296.32,-0.07221133,-7458438
0.52,0,-0.6694683,-83781.66,-0.07301072,-1.188374e+07
0.54,0,-0.6639861,-101724,-0.07274425,-1.882854e+07
0.56,0,-0.6783704,-211505.1,-0.0724778,-2.999994e+07
0.58,0,-0.6883361,-256791.2,-0.07274425,-4.753163e+07
0.6,0,-0.6946114,-533939.1,-0.07327718,-7.57331e+07
0.62,0,-0.6826927,-648240.6,-0.07381011,-1.199907e+08
0.64,0,-0.6882817,-1347915,-0.07034609,-1.911834e+08
0.66,0,-0.6631058,-1636410,-0.04210107,-3.029086e+08
0.68,0,-0.6314467,-3402772,-0.07594181,-4.826303e+08
0.7,0,-0.6584826,-4130929,-0.07354365,-7.646729e+08
0.72,0,-0.6339119,-8590203,-0.07487596,-1.218369e+09
0.74,0,-0.6520431,-1.042805e+07,-0.07700766,-1.930366e+09
0.76,0,-0.6544675,-2.168572e+07,-0.06954671,-3.075692e+09
0.78,0,-0.6537986,-2.632442e+07,-0.07274425,-4.873081e+09
0.8,0,-0.6353533,-5.474498e+07,-0.07141194,-7.764383e+09
0.82,0,-0.6261774,-6.645298e+07,-0.0724778,-1.230177e+10
0.84,0,-0.6290091,-1.382022e+08,-0.07434303,-1.960068e+10
0.86,0,-0.6318098,-1.677529e+08,-0.07167841,-3.1055e+10
0.88,0,-0.634918,-3.488874e+08,-0.07381011,-4.948062e+10
0.9,0,-0.6399963,-4.234728e+08,-0.07167841,-7.839628e+10
0.92,0,-0.6449968,-8.807562e+08,-0.07221133,-1.249106e+11
0.94,0,-0.6565516,-1.069008e+09,-0.07327718,-1.979062e+11
0.96,0,-0.6543897,-2.223444e+09,-0.07301072,-3.153286e+11
0.98,0,-0.6680352,-2.698589e+09,-0.07354365,-4.996011e+11
1,0,-0.6580774,-5.613021e+09,-0.07407656,-7.960264e+11
1.02,0,-0.6674792,-6.812278e+09,-0.07274425,-1.26121e+12
1.04,0,-0.6565065,-1.416991e+10,-0.07301072,-2.009516e+12
1.06,0,-0.6520426,-1.719681e+10,-0.07221133,-3.18384e+12
1.08,0,-0.6573907,-3.577154e+10,-0.0724778,-5.072892e+12
1.1,0,-0.6611472,-4.341137e+10,-0.07301072,-8.037393e+12
1.12,0,-0.6558558,-9.030423e+10,-0.07194487,-1.280618e+13
1.14,0,-0.6490106,-1.09587e+11,-0.07274425,-2.028986e+13
1.16,0,-0.6690626,-2.279705e+11,-0.07327718,-3.232837e+13
1.18,0,-0.6534119,-2.766396e+11,-0.07301072,-5.122041e+13
1.2,0,-0.6468617,-5.755052e+11,-0.07274425,-8.161085e+13
1.22,0,-0.6398498,-6.983448e+11,-0.07301072,-1.293025e+14
1.24,0,-0.6504599,-1.452846e+12,-0.07327718,-2.060213e+14
1.26,0,-0.6446856,-1.762891e+12,-0.07167841,-3.264157e+14
1.28,0,-0.6435235,-3.66767e+12,-0.07407656,-5.200872e+14
1.3,0,-0.6633911,-4.450215e+12,-0.0724778,-8.240146e+14
1.32,0,-0.6651881,-9.258928e+12,-0.07327718,-1.312926e+15
1.34,0,-0.6667614,-1.123406e+13,-0.07327718,-2.08017e+15
1.36,0,-0.6575314,-2.33739e+13,-0.07167841,-3.314396e+15
1.38,0,-0.6642072,-2.835909e+13,-0.07594181,-5.251252e+15
1.4,0,-0.6928117,-5.900674e+13,-0.07167841,-8.366975e+15
1.42,0,-0.6854484,-7.158927e+13,-0.07514242,-1.325644e+16
1.44,0,-0.6991373,-1.489608e+14,-0.07274425,-2.112188e+16
1.46,0,-0.6877905,-1.807189e+14,-0.07194487,-3.3465e+16
1.48,0,-0.6855235,-3.760474e+14,-0.07514242,-5.332081e+16
1.5,0,-0.6853687,-4.56204e+14,-0.0724778,-8.448016e+16
1.52,0,-0.6895515,-9.493209e+14,-0.07381011,-1.346049e+17
1.54,0,-0.6858998,-1.151635e+15,-0.0724778,-2.132645e+17
1.56,0,-0.6925199,-2.396534e+15,-0.07327718,-3.398012e+17
1.58,0,-0.6965175,-2.907169e+15,-0.07301072,-5.383722e+17
1.6,0,-0.6845202,-6.049981e+15,-0.0724778,-8.578058e+17
1.62,0,-0.68498,-7.338813e+15,-0.07301072,-1.359085e+18
1.64,0,-0.6788719,-1.5273e+16,-0.0724778,-2.165475e+18
1.66,0,-0.6830151,-1.852598e+16,-0.07301072,-3.430919e+18
1.68,0,-0.6675863,-3.855627e+16,-0.07194487,-5.466599e+18
1.7,0,-0.6831006,-4.676672e+16,-0.0724778,-8.661129e+18
1.72,0,-0.6873236,-9.733421e+16,-0.07354365,-1.380007e+19
1.74,0,-0.6765357,-1.180572e+17,-0.07407656,-2.186444e+19
1.76,0,-0.6736621,-2.457174e+17,-0.07167841,-3.483737e+19
1.78,0,-0.6796803,-2.980218e+17,-0.07274425,-5.519533e+19
1.8,0,-0.681592,-6.203067e+17,-0.07381011,-8.794466e+19
1.82,0,-0.668662,-7.523215e+17,-0.07274425,-1.393369e+20
1.84,0,-0.6687452,-1.565947e+18,-0.07221133,-2.220105e+20
1.86,0,-0.6826226,-1.899149e+18,-0.0724778,-3.517469e+20
1.88,0,-0.6773321,-3.953189e+18,-0.07301072,-5.604511e+20
1.9,0,-0.690156,-4.794182e+18,-0.0724778,-8.879616e+20
1.92,0,-0.7003512,-9.979713e+18,-0.07434303,-1.414822e+21
1.94,0,-0.6996174,-1.210236e+19,-0.07221133,-2.2416e+21
1.96,0,-0.6890191,-2.51935e+19,-0.07274425,-3.571625e+21
1.98,0,-0.7041771,-3.0551e+19,-0.07167841,-5.658771e+21
2,0,-0.6864959,-6.36003e+19,-0.07221133,-9.016334e+21
2.02,30,-0.6743091,-7.712249e+19,-0.07407656,-1.428519e+22
2.04,30,-0.67097,-1.605572e+20,-0.0724778,-2.276115e+22
2.06,30,-0.6571841,-1.946868e+20,0.04076876,-3.606201e+22
2.08,30,0.004733801,-4.053219e+20,0.9504716,-5.745902e+22
2.1,30,1.790422,-4.914645e+20,1.216668,-9.103615e+22
2.12,30,3.240338,-1.023224e+21,1.303002,-1.450515e+23
2.14,30,4.890403,-1.240645e+21,1.460214,-2.298147e+23
2.16,30,6.365249,-2.5831e+21,1.206276,-3.661731e+23
2.18,30,7.679221,-3.131866e+21,1.140459,-5.80152e+23
2.2,30,8.705749,-6.520962e+21,0.7700766,-9.2438e+23
2.22,30,8.825446,-7.906033e+21,0.08846554,-1.464555e+24
2.24,30,8.610315,-1.646198e+22,-0.0844686,-2.333536e+24
2.26,30,8.830725,-1.995787e+22,0.06048698,-3.697172e+24
2.28,30,9.00803,-4.155781e+22,-0.04743032,-5.89086e+24
2.3,30,8.862404,-5.038133e+22,-0.02398162,-9.333266e+24
2.32,30,8.941294,-1.049115e+23,-0.02717917,-1.487109e+25
2.34,30,8.914263,-1.271819e+23,-0.06501684,-2.356121e+25
2.36,30,8.893425,-2.648461e+23,-0.04609801,-3.754109e+25
2.38,30,8.879366,-3.21056e+23,-0.05915467,-5.94787e+25
2.4,30,8.87877,-6.685965e+23,-0.06315161,-9.477002e+25
2.42,30,8.840279,-8.104687e+23,-0.08127105,-1.5015e+26
2.44,30,8.794773,-1.687853e+24,-0.07833997,-2.392407e+26
2.46,30,8.750656,-2.045934e+24,-0.07407656,-3.790438e+26
2.48,30,8.733177,-4.260937e+24,-0.07434303,-6.039474e+26
2.5,30,8.713598,-5.164726e+24,-0.07301072,-9.568708e+26
2.52,30,8.691071,-1.075661e+25,-0.07540888,-1.524626e+27
2.54,30,8.687992,-1.303775e+25,-0.07354365,-2.415557e+27
2.56,30,8.677357,-2.715477e+25,-0.07514242,-3.848818e+27
2.58,30,8.65867,-3.29123e+25,-0.07354365,-6.097912e+27
2.6,30,8.647257,-6.855145e+25,-0.07434303,-9.716088e+27
2.62,30,8.644261,-8.308331e+25,-0.07221133,-1.539378e+28
2.64,30,8.649687,-1.730562e+26,-0.07407656,-2.452763e+28
2.66,30,8.640323,-2.097342e+26,-0.07301072,-3.886057e+28
2.68,30,8.635205,-4.368756e+26,-0.07354365,-6.191839e+28
2.7,30,8.638277,-5.294498e+26,-0.07274425,-9.810091e+28
2.72,30,8.628875,-1.10288e+27,-0.07434303,-1.563089e+29
2.74,30,8.62334,-1.336534e+27,-0.07221133,-2.476492e+29
2.76,30,8.62376,-2.784189e+27,-0.07301072,-3.945916e+29
2.78,30,8.624067,-3.373928e+27,-0.07221133,-6.25174e+29
2.8,30,8.621887,-7.028607e+27,-0.07381011,-9.961206e+29
2.82,30,8.613512,-8.517091e+27,-0.0724778,-1.57821e+30
2.84,30,8.612328,-1.774352e+28,-0.0724778,-2.514641e+30
2.86,30,8.610185,-2.150042e+28,-0.07301072,-3.984087e+30
2.88,30,8.608634,-4.479302e+28,-0.07327718,-6.348047e+30
2.9,30,8.595958,-5.42753e+28,-0.0724778,-1.005756e+31
2.92,30,8.61392,-1.130787e+29,-0.07327718,-1.602523e+31
2.94,30,8.606841,-1.370117e+29,-0.07327718,-2.538965e+31
2.96,30,8.602271,-2.85464e+29,-0.07301072,-4.045464e+31
2.98,30,8.600651,-3.458704e+29,-0.07381011,-6.409448e+31
3,30,8.594672,-7.206457e+29,-0.07167841,-1.021251e+32
3.02,30,8.599683,-8.731095e+29,-0.07354365,-1.618022e+32
3.04,30,8.6108,-1.81925e+30,-0.07167841,-2.57808e+32
3.06,30,8.596174,-2.204064e+30,-0.07274425,-4.08459e+32
3.08,30,8.589409,-4.592645e+30,-0.0724778,-6.508194e+32
3.1,30,8.587366,-5.563903e+30,-0.07301072,-1.031127e+33
3.12,30,8.601985,-1.1594e+31,-0.0724778,-1.642951e+33
3.14,30,8.609832,-1.404543e+31,-0.07274425,-2.603013e+33
3.16,30,8.592052,-2.926873e+31,-0.07274425,-4.147522e+33
3.18,30,8.598856,-3.545607e+31,-0.07327718,-6.571133e+33
3.2,30,8.627153,-7.388809e+31,-0.0724778,-1.047015e+34
3.22,30,8.654737,-8.950477e+31,-0.07301072,-1.658839e+34
3.24,30,8.678022,-1.865284e+32,-0.07301072,-2.643121e+34
3.26,30,8.658489,-2.259444e+32,-0.07354365,-4.187629e+34
3.28,30,8.639263,-4.708857e+32,-0.07327718,-6.672384e+34
3.3,30,8.631544,-5.703707e+32,-0.06794793,-1.057139e+35
3.32,30,8.645368,-1.188738e+33,-0.06608269,-1.6844e+35
3.34,30,8.672444,-1.439835e+33,-0.07354365,-2.668678e+35
3.36,30,8.642988,-3.000934e+33,-0.07940581,-4.252157e+35
3.38,30,8.640837,-3.634698e+33,-0.07407656,-6.7369e+35
3.4,30,8.619004,-7.575774e+33,-0.07301072,-1.073429e+36
3.42,30,8.624245,-9.175376e+33,-0.07141194,-1.700686e+36
3.44,30,8.621305,-1.912482e+34,-0.07194487,-2.709802e+36
3.46,30,8.614847,-2.316218e+34,-0.07221133,-4.293268e+36
3.48,30,8.617175,-4.828008e+34,-0.07274425,-6.840717e+36
3.5,30,8.616095,-5.847026e+34,-0.07301072,-1.083807e+37
3.52,30,8.611251,-1.218817e+35,-0.07274425,-1.726894e+37
3.54,30,8.599678,-1.476014e+35,-0.07354365,-2.735999e+37
3.56,30,8.603847,-3.076869e+35,-0.07354365,-4.359432e+37
3.58,30,8.589988,-3.726027e+35,-0.07327718,-6.906847e+37
3.6,30,8.601891,-7.76747e+35,-0.07194487,-1.10051e+38
3.62,30,8.605538,-9.405923e+35,-0.07301072,-1.743587e+38
3.64,30,8.583758,-1.960876e+36,-0.07034609,-2.778165e+38
3.66,30,8.592482,-2.374417e+36,-0.06341807,-Inf
3.68,30,8.598901,-Inf,-0.0780735,NaN
3.7,30,8.576221,NaN,-0.07913936,NaN
3.72,30,8.59196,NaN,-0.07194487,NaN
3.74,30,8.607526,NaN,-0.07514242,NaN
3.76,30,8.606266,NaN,-0.07087902,NaN
3.78,30,8.608932,NaN,-0.07274425,NaN
3.8,30,8.624595,NaN,-0.07301072,NaN
3.82,30,8.63205,NaN,-0.0724778,NaN
3.84,30,8.615106,NaN,-0.07274425,NaN
3.86,30,8.61656,NaN,-0.07114548,NaN
3.88,30,8.612971,NaN,-0.07354365,NaN
3.9,30,8.600997,NaN,-0.07221133,NaN
3.92,30,8.58558,NaN,-0.07274425,NaN
3.94,30,8.596636,NaN,-0.0724778,NaN
3.96,30,8.594972,NaN,-0.07301072,NaN
3.98,30,8.599389,NaN,-0.07327718,NaN
4,30,8.601082,NaN,-0.07194487,NaN
4.02,0,8.598304,NaN,-0.07354365,NaN
4.04,0,8.508317,NaN,-0.08207044,NaN
4.06,0,8.400099,NaN,-0.4199449,NaN
4.08,0,7.308009,NaN,-1.167639,NaN
4.1,0,5.740318,NaN,-1.611565,NaN
4.12,0,4.012156,NaN,-1.770377,NaN
4.14,0,2.142897,NaN,-1.466343,NaN
4.16,0,0.9680042,NaN,-1.243847,NaN
4.18,0,-0.2230523,NaN,-1.249176,NaN
4.2,0,-0.166556,NaN,-0.1939847,NaN
4.22,0,-0.04792142,NaN,-0.2632649,NaN
4.24,0,-0.4680797,NaN,-0.2019786,NaN
4.26,0,-0.356646,NaN,-0.05515773,NaN
4.28,0,-0.3393222,NaN,-0.1566799,NaN
4.3,0,-0.5105822,NaN,-0.09645942,NaN
4.32,0,-0.4757245,NaN,-0.1156447,NaN
4.34,0,-0.6047204,NaN,-0.1196417,NaN
4.36,0,-0.5823024,NaN,-0.05862175,NaN
4.38,0,-0.5686432,NaN,-0.07674119,NaN
4.4,0,-0.5895858,NaN,-0.07647473,NaN
4.42,0,-0.5720218,NaN,-0.07354365,NaN
4.44,0,-0.6030442,NaN,-0.07647473,NaN
4.46,0,-0.5917675,NaN,-0.06954671,NaN
4.48,0,-0.5722154,NaN,-0.07487596,NaN
4.5,0,-0.5654305,NaN,-0.07327718,NaN
4.52,0,-0.5523985,NaN,-0.07221133,NaN
4.54,0,-0.5515458,NaN,-0.07381011,NaN
4.56,0,-0.5424823,NaN,-0.07301072,NaN
4.58,0,-0.5623394,NaN,-0.07381011,NaN
4.6,0,-0.5519664,NaN,-0.07301072,NaN
4.62,0,-0.5588175,NaN,-0.0724778,NaN
4.64,0,-0.5470811,NaN,-0.07274425,NaN
4.66,0,-0.548115,NaN,-0.07354365,NaN
4.68,0,-0.5535033,NaN,-0.07354365,NaN
4.7,0,-0.5519826,NaN,-0.07327718,NaN
4.72,0,-0.5408292,NaN,-0.0724778,NaN
4.74,0,-0.5475188,NaN,-0.0724778,NaN
4.76,0,-0.5494427,NaN,-0.07301072,NaN
4.78,0,-0.5364089,NaN,-0.07327718,NaN
4.8,0,-0.5526542,NaN,-0.0724778,NaN
4.82,0,-0.5699266,NaN,-0.0724778,NaN
4.84,0,-0.5686058,NaN,-0.0724778,NaN
4.86,0,-0.5684407,NaN,-0.07194487,NaN
4.88,0,-0.5856585,NaN,-0.07434303,NaN
4.9,0,-0.6003115,NaN,-0.07381011,NaN
4.92,0,-0.5863787,NaN,-0.0724778,NaN
4.94,0,-0.5816057,NaN,-0.0724778,NaN
4.96,0,-0.583234,NaN,-0.07381011,NaN
4.98,0,-0.57762,NaN,-0.07274425,NaN
5,0,-0.5931282,NaN,-0.07221133,NaN
5.02,0,-0.5815438,NaN,-0.0724778,NaN
5.04,0,-0.5868845,NaN,-0.07301072,NaN
5.06,0,-0.578068,NaN,-0.07301072,NaN
5.08,0,-0.5765842,NaN,-0.07327718,NaN
5.1,0,-0.5932733,NaN,-0.07327718,NaN
5.12,0,-0.5819579,NaN,-0.07274425,NaN
5.14,0,-0.592304,NaN,-0.07354365,NaN
5.16,0,-0.5891185,NaN,-0.07327718,NaN
5.18,0,-0.5764993,NaN,-0.0724778,NaN
5.2,0,-0.5847524,NaN,-0.07381011,NaN
5.22,0,-0.5813746,NaN,-0.07221133,NaN
5.24,0,-0.5670407,NaN,-0.07434303,NaN
5.26,0,-0.5651061,NaN,-0.07301072,NaN
5.28,0,-0.5527816,NaN,-0.07141194,NaN
5.3,0,-0.5608783,NaN,-0.07381011,NaN
5.32,0,-0.56286,NaN,-0.07167841,NaN
5.34,0,-0.5667364,NaN,-0.07381011,NaN
5.36,0,-0.5682687,NaN,-0.07194487,NaN
5.38,0,-0.5776632,NaN,-0.0724778,NaN
5.4,0,-0.5771859,NaN,-0.07274425,NaN
5.42,0,-0.5710098,NaN,-0.07301072,NaN
5.44,0,-0.5695722,NaN,-0.0724778,NaN
5.46,0,-0.5438328,NaN,-0.07354365,NaN
5.48,0,-0.5549303,NaN,-0.07274425,NaN
5.5,0,-0.5512135,NaN,-0.07274425,NaN
5.52,0,-0.554733,NaN,-0.07354365,NaN
5.54,0,-0.5660352,NaN,-0.07274425,NaN
5.56,0,-0.5679315,NaN,-0.07221133,NaN
5.58,0,-0.5641322,NaN,-0.07274425,NaN
5.6,0,-0.5818174,NaN,-0.07274425,NaN
5.62,0,-0.5726534,NaN,-0.07354365,NaN
5.64,0,-0.5815207,NaN,-0.0724778,NaN
5.66,0,-0.5808709,NaN,-0.07301072,NaN
5.68,0,-0.5717378,NaN,-0.07194487,NaN
5.7,0,-0.5779849,NaN,-0.07274425,NaN
5.72,0,-0.5877238,NaN,-0.0724778,NaN
5.74,0,-0.569823,NaN,-0.07301072,NaN
5.76,0,-0.578214,NaN,-0.07167841,NaN
5.78,0,-0.5984575,NaN,-0.0724778,NaN
5.8,0,-0.5834273,NaN,-0.07274425,NaN
5.82,0,-0.5822612,NaN,-0.07274425,NaN
5.84,0,-0.5880542,NaN,-0.07354365,NaN
5.86,0,-0.5665242,NaN,-0.0724778,NaN
5.88,0,-0.565613,NaN,-0.0724778,NaN
5.9,0,-0.5735642,NaN,-0.07221133,NaN
5.92,0,-0.585867,NaN,-0.07301072,NaN
5.94,0,-0.5864458,NaN,-0.07327718,NaN
5.96,0,-0.5851991,NaN,-0.07301072,NaN
5.98,0,-0.5847911,NaN,-0.07221133,NaN
6,0,-0.6019672,NaN,-0.07327718,NaN
6.02,30,-0.5895731,NaN,-0.07274425,NaN
6.04,30,-0.5859197,NaN,-0.0724778,NaN
6.06,30,-0.426762,NaN,0.1931853,NaN
6.08,30,0.627179,NaN,1.037338,NaN
6.1,30,2.201427,NaN,1.224928,NaN
6.12,30,3.58248,NaN,1.340573,NaN
6.14,30,5.194328,NaN,1.399461,NaN
6.16,30,6.637612,NaN,1.176698,NaN
6.18,30,7.629833,NaN,1.142058,NaN
6.2,30,8.641891,NaN,0.5910138,NaN
6.22,30,8.686914,NaN,-0.04849617,NaN
6.24,30,8.509249,NaN,-0.01199081,NaN
6.26,30,8.866795,NaN,0.09752527,NaN
6.28,30,9.006342,NaN,-0.0362389,NaN
6.3,30,8.908466,NaN,0.001332312,NaN
6.32,30,9.049936,NaN,-0.01678714,NaN
6.34,30,9.028958,NaN,-0.004796324,NaN
6.36,30,9.069838,NaN,-0.03783767,NaN
6.38,30,9.072439,NaN,-0.003464012,NaN
6.4,30,9.092493,NaN,-0.09006432,NaN
6.42,30,9.011011,NaN,-0.07327718,NaN
6.44,30,9.01333,NaN,-0.07860643,NaN
6.46,30,9.00606,NaN,-0.0724778,NaN
6.48,30,8.963503,NaN,-0.07434303,NaN
6.5,30,8.958731,NaN,-0.07167841,NaN
6.52,30,8.937515,NaN,-0.07354365,NaN
6.54,30,8.911401,NaN,-0.0746095,NaN
6.56,30,8.901539,NaN,-0.07141194,NaN
6.58,30,8.877923,NaN,-0.07514242,NaN
6.6,30,8.857212,NaN,-0.0724778,NaN
6.62,30,8.829562,NaN,-0.07407656,NaN
6.64,30,8.825385,NaN,-0.07381011,NaN
6.66,30,8.815125,NaN,-0.07221133,NaN
6.68,30,8.796695,NaN,-0.07407656,NaN
6.7,30,8.802834,NaN,-0.07141194,NaN
6.72,30,8.785665,NaN,-0.0724778,NaN
6.74,30,8.79747,NaN,-0.07274425,NaN
6.76,30,8.793944,NaN,-0.07301072,NaN
6.78,30,8.782334,NaN,-0.07434303,NaN
6.8,30,8.773046,NaN,-0.0724778,NaN
6.82,30,8.771425,NaN,-0.07381011,NaN
6.84,30,8.7758,NaN,-0.0724778,NaN
6.86,30,8.772156,NaN,-0.07354365,NaN
6.88,30,8.756567,NaN,-0.07381011,NaN
6.9,30,8.741958,NaN,-0.07274425,NaN
6.92,30,8.743448,NaN,-0.07514242,NaN
6.94,30,8.747705,NaN,-0.07274425,NaN
6.96,30,8.755256,NaN,-0.07167841,NaN
6.98,30,8.757524,NaN,-0.07354365,NaN
7,30,8.756325,NaN,-0.07274425,NaN
7.02,30,8.750765,NaN,-0.07381011,NaN
7.04,30,8.749944,NaN,-0.0724778,NaN
7.06,30,8.737864,NaN,-0.07327718,NaN
7.08,30,8.732766,NaN,-0.07354365,NaN
7.1,30,8.725154,NaN,-0.07221133,NaN
7.12,30,8.720972,NaN,-0.07354365,NaN
7.14,30,8.732651,NaN,-0.0724778,NaN
7.16,30,8.741469,NaN,-0.07221133,NaN
7.18,30,8.7298,NaN,-0.07354365,NaN
7.2,30,8.745132,NaN,-0.07221133,NaN
7.22,30,8.757324,NaN,-0.07301072,NaN
7.24,30,8.756916,NaN,-0.07327718,NaN
7.26,30,8.740484,NaN,-0.07327718,NaN
7.28,30,8.749794,NaN,-0.07274425,NaN
7.3,30,8.733068,NaN,-0.07274425,NaN
7.32,30,8.708839,NaN,-0.07354365,NaN
7.34,30,8.708228,NaN,-0.07301072,NaN
7.36,30,8.722918,NaN,-0.0724778,NaN
7.38,30,8.728974,NaN,-0.07114548,NaN
7.4,30,8.732961,NaN,-0.07327718,NaN
7.42,30,8.733684,NaN,-0.07381011,NaN
7.44,30,8.727511,NaN,-0.07327718,NaN
7.46,30,8.742064,NaN,-0.07301072,NaN
7.48,30,8.729388,NaN,-0.07354365,NaN
7.5,30,8.722919,NaN,-0.07274425,NaN
7.52,30,8.716692,NaN,-0.07381011,NaN
7.54,30,8.712453,NaN,-0.07327718,NaN
7.56,30,8.729498,NaN,-0.07381011,NaN
7.58,30,8.728188,NaN,-0.07301072,NaN
7.6,30,8.729581,NaN,-0.07274425,NaN
7.62,30,8.729499,NaN,-0.07327718,NaN
7.64,30,8.747304,NaN,-0.07274425,NaN
7.66,30,8.758698,NaN,-0.07354365,NaN
7.68,30,8.76751,NaN,-0.07327718,NaN
7.7,30,8.759655,NaN,-0.07381011,NaN
7.72,30,8.741652,NaN,-0.07327718,NaN
7.74,30,8.746919,NaN,-0.07194487,NaN
7.76,30,8.740589,NaN,-0.0724778,NaN
7.78,30,8.73575,NaN,-0.07301072,NaN
7.8,30,8.751815,NaN,-0.07274425,NaN
7.82,30,8.740768,NaN,-0.0724778,NaN
7.84,30,8.738199,NaN,-0.07221133,NaN
7.86,30,8.74577,NaN,-0.07327718,NaN
7.88,30,8.738117,NaN,-0.0724778,NaN
7.9,30,8.732652,NaN,-0.07274425,NaN
7.92,30,8.744164,NaN,-0.07221133,NaN
7.94,30,8.748055,NaN,-0.07301072,NaN
7.96,30,8.748492,NaN,-0.07301072,NaN
7.98,30,8.759,NaN,-0.07354365,NaN
8,30,8.764879,NaN,-0.0724778,NaN
8.02,0,8.755637,NaN,-0.0724778,NaN
8.04,0,8.643316,NaN,-0.08793262,NaN
8.06,0,8.634478,NaN,-0.4964196,NaN
8.08,0,7.443061,NaN,-1.187623,NaN
8.1,0,5.909338,NaN,-1.615562,NaN
8.12,0,4.1848,NaN,-1.769577,NaN
8.14,0,2.385681,NaN,-1.42291,NaN
8.16,0,1.086431,NaN,-1.236386,NaN
8.18,0,-0.1521903,NaN,-1.241182,NaN
8.2,0,0.1475491,NaN,-0.1484196,NaN
8.22,0,0.2333241,NaN,-0.2637978,NaN
8.24,0,-0.1894275,NaN,-0.2342205,NaN
8.26,0,-0.1202614,NaN,-0.06022052,NaN
8.28,0,-0.1198656,NaN,-0.1452221,NaN
8.3,0,-0.3184904,NaN,-0.1092496,NaN
8.32,0,-0.2809134,NaN,-0.1116478,NaN
8.34,0,-0.4556566,NaN,-0.09512711,NaN
8.36,0,-0.3967019,NaN,-0.0596876,NaN
8.38,0,-0.4278481,NaN,-0.08260337,NaN
8.4,0,-0.4392906,NaN,-0.06821439,NaN
8.42,0,-0.4094289,NaN,-0.07354365,NaN
8.44,0,-0.4411432,NaN,-0.07567535,NaN
8.46,0,-0.4331222,NaN,-0.06848086,NaN
8.48,0,-0.4555222,NaN,-0.07674119,NaN
8.5,0,-0.4570142,NaN,-0.07061256,NaN
8.52,0,-0.4805732,NaN,-0.07327718,NaN
8.54,0,-0.5046035,NaN,-0.07354365,NaN
8.56,0,-0.5090684,NaN,-0.07194487,NaN
8.58,0,-0.5074882,NaN,-0.07540888,NaN
8.6,0,-0.5028948,NaN,-0.07221133,NaN
8.62,0,-0.5074392,NaN,-0.07327718,NaN
8.64,0,-0.5099152,NaN,-0.07327718,NaN
8.66,0,-0.5083457,NaN,-0.0724778,NaN
8.68,0,-0.5187619,NaN,-0.07381011,NaN
8.7,0,-0.5295975,NaN,-0.0724778,NaN
8.72,0,-0.5306493,NaN,-0.07301072,NaN
8.74,0,-0.5328424,NaN,-0.07274425,NaN
8.76,0,-0.5215811,NaN,-0.07167841,NaN
8.78,0,-0.5490786,NaN,-0.07301072,NaN
8.8,0,-0.5437423,NaN,-0.07194487,NaN
8.82,0,-0.551423,NaN,-0.07381011,NaN
8.84,0,-0.5526188,NaN,-0.07274425,NaN
8.86,0,-0.5651211,NaN,-0.07221133,NaN
8.88,0,-0.5816602,NaN,-0.07327718,NaN
8.9,0,-0.5804385,NaN,-0.0724778,NaN
8.92,0,-0.5712812,NaN,-0.07194487,NaN
8.94,0,-0.5808496,NaN,-0.07301072,NaN
8.96,0,-0.562772,NaN,-0.07354365,NaN
8.98,0,-0.5624162,NaN,-0.07407656,NaN
9,0,-0.5673202,NaN,-0.07327718,NaN
9.02,0,-0.5475083,NaN,-0.07327718,NaN
9.04,0,-0.5422014,NaN,-0.07327718,NaN
9.06,0,-0.5525322,NaN,-0.07327718,NaN
9.08,0,-0.55421,NaN,-0.06741501,NaN
9.1,0,-0.5497912,NaN,-0.05862175,NaN
9.12,0,-0.534016,NaN,-0.07967228,NaN
9.14,0,-0.5536952,NaN,-0.06954671,NaN
9.16,0,-0.5317006,NaN,-0.07540888,NaN
9.18,0,-0.5606293,NaN,-0.07700766,NaN
9.2,0,-0.5492727,NaN,-0.07034609,NaN
9.22,0,-0.5595637,NaN,-0.07407656,NaN
9.24,0,-0.552184,NaN,-0.07114548,NaN
9.26,0,-0.5522778,NaN,-0.07327718,NaN
9.28,0,-0.5592029,NaN,-0.07407656,NaN
9.3,0,-0.5396486,NaN,-0.0724778,NaN
9.32,0,-0.5388129,NaN,-0.07381011,NaN
9.34,0,-0.5484742,NaN,-0.07221133,NaN
9.36,0,-0.5527341,NaN,-0.0724778,NaN
9.38,0,-0.5417277,NaN,-0.07274425,NaN
9.4,0,-0.5437842,NaN,-0.0724778,NaN
9.42,0,-0.5487179,NaN,-0.07407656,NaN
9.44,0,-0.5633676,NaN,-0.07087902,NaN
9.46,0,-0.5718437,NaN,-0.0724778,NaN
9.48,0,-0.5805444,NaN,-0.07221133,NaN
9.5,0,-0.5719434,NaN,-0.0724778,NaN
9.52,0,-0.5816981,NaN,-0.07327718,NaN
9.54,0,-0.5777523,NaN,-0.07274425,NaN
9.56,0,-0.5778027,NaN,-0.07327718,NaN
9.58,0,-0.5656028,NaN,-0.07301072,NaN
9.6,0,-0.582261,NaN,-0.07194487,NaN
9.62,0,-0.5812221,NaN,-0.07274425,NaN
9.64,0,-0.589069,NaN,-0.0724778,NaN
9.66,0,-0.6000388,NaN,-0.07354365,NaN
9.68,0,-0.5911639,NaN,-0.07301072,NaN
9.7,0,-0.5963183,NaN,-0.0724778,NaN
9.72,0,-0.5710412,NaN,-0.07274425,NaN
9.74,0,-0.563325,NaN,-0.07221133,NaN
9.76,0,-0.5671509,NaN,-0.07381011,NaN
9.78,0,-0.5628901,NaN,-0.07221133,NaN
9.8,0,-0.5839731,NaN,-0.07301072,NaN
9.82,0,-0.5830231,NaN,-0.07301072,NaN
9.84,0,-0.5812069,NaN,-0.07354365,NaN
9.86,0,-0.576097,NaN,-0.07301072,NaN
9.88,0,-0.5751079,NaN,-0.07354365,NaN
9.9,0,-0.5799881,NaN,-0.07327718,NaN
9.92,0,-0.5960262,NaN,-0.07301072,NaN
9.94,0,-0.593363,NaN,-0.07274425,NaN
9.96,0,-0.5987778,NaN,-0.07301072,NaN
9.98,0,-0.5723261,NaN,-0.07327718,NaN
10,0,-0.5783462,NaN,-0.07407656,NaN
10.02,30,-0.5705882,NaN,-0.07301072,NaN
10.04,30,-0.5835282,NaN,-0.07327718,NaN
10.06,30,-0.4988595,NaN,0.284049,NaN
10.08,30,0.7520322,NaN,1.067449,NaN
10.1,30,2.163741,NaN,1.215602,NaN
10.12,30,3.619019,NaN,1.381874,NaN
10.14,30,5.312564,NaN,1.363755,NaN
10.16,30,6.674354,NaN,1.16604,NaN
10.18,30,7.834713,NaN,1.123139,NaN
10.2,30,8.669587,NaN,0.5225329,NaN
10.22,30,8.82058,NaN,-0.09326187,NaN
10.24,30,8.5049,NaN,0.00319755,NaN
10.26,30,8.756481,NaN,0.07674119,NaN
10.28,30,8.833729,NaN,-0.03650536,NaN
10.3,30,8.756,NaN,0,NaN
10.32,30,8.857074,NaN,-0.02451455,NaN
10.34,30,8.830318,NaN,-0.02877795,NaN
10.36,30,8.838317,NaN,-0.05702297,NaN
10.38,30,8.827099,NaN,-0.04343339,NaN
10.4,30,8.84369,NaN,-0.0618193,NaN
10.42,30,8.830606,NaN,-0.04902909,NaN
10.44,30,8.867107,NaN,-0.03384073,NaN
10.46,30,8.890368,NaN,-0.07514242,NaN
10.48,30,8.846165,NaN,-0.0724778,NaN
10.5,30,8.8426,NaN,-0.07194487,NaN
10.52,30,8.837611,NaN,-0.07034609,NaN
10.54,30,8.812135,NaN,-0.07194487,NaN
10.56,30,8.786076,NaN,-0.06928024,NaN
10.58,30,8.768959,NaN,-0.06475038,NaN
10.6,30,8.761992,NaN,-0.07913936,NaN
10.62,30,8.762007,NaN,-0.07274425,NaN
10.64,30,8.743854,NaN,-0.07274425,NaN
10.66,30,8.747453,NaN,-0.07434303,NaN
10.68,30,8.739261,NaN,-0.07034609,NaN
10.7,30,8.737373,NaN,-0.07274425,NaN
10.72,30,8.726563,NaN,-0.07194487,NaN
10.74,30,8.726868,NaN,-0.07301072,NaN
10.76,30,8.723431,NaN,-0.07327718,NaN
10.78,30,8.697957,NaN,-0.07274425,NaN
10.8,30,8.690057,NaN,-0.07354365,NaN
10.82,30,8.689014,NaN,-0.07327718,NaN
10.84,30,8.693048,NaN,-0.07327718,NaN
10.86,30,8.674309,NaN,-0.07167841,NaN
10.88,30,8.673996,NaN,-0.07327718,NaN
10.9,30,8.691722,NaN,-0.07354365,NaN
10.92,30,8.683319,NaN,-0.07327718,NaN
10.94,30,8.680616,NaN,-0.07274425,NaN
10.96,30,8.686313,NaN,-0.07167841,NaN
10.98,30,8.679276,NaN,-0.07301072,NaN
11,30,8.691619,NaN,-0.07407656,NaN
11.02,30,8.689951,NaN,-0.0724778,NaN
11.04,30,8.666712,NaN,-0.07327718,NaN
11.06,30,8.66869,NaN,-0.07381011,NaN
11.08,30,8.658163,NaN,-0.07194487,NaN
11.1,30,8.656269,NaN,-0.07301072,NaN
11.12,30,8.642034,NaN,-0.07301072,NaN
11.14,30,8.645648,NaN,-0.07301072,NaN
11.16,30,8.634178,NaN,-0.07381011,NaN
11.18,30,8.628405,NaN,-0.07274425,NaN
11.2,30,8.642552,NaN,-0.07221133,NaN
11.22,30,8.641994,NaN,-0.07354365,NaN
11.24,30,8.640929,NaN,-0.07167841,NaN
11.26,30,8.649876,NaN,-0.07221133,NaN
11.28,30,8.647103,NaN,-0.07274425,NaN
11.3,30,8.644539,NaN,-0.07327718,NaN
11.32,30,8.639722,NaN,-0.07274425,NaN
11.34,30,8.65244,NaN,-0.07301072,NaN
11.36,30,8.644305,NaN,-0.07274425,NaN
11.38,30,8.642595,NaN,-0.07327718,NaN
11.4,30,8.650888,NaN,-0.07354365,NaN
11.42,30,8.663246,NaN,-0.07301072,NaN
11.44,30,8.660294,NaN,-0.07194487,NaN
11.46,30,8.648458,NaN,-0.07381011,NaN
11.48,30,8.651731,NaN,-0.07354365,NaN
11.5,30,8.647179,NaN,-0.07274425,NaN
11.52,30,8.635758,NaN,-0.07301072,NaN
11.54,30,8.633781,NaN,-0.0724778,NaN
11.56,30,8.646318,NaN,-0.07167841,NaN
11.58,30,8.638763,NaN,-0.07274425,NaN
11.6,30,8.64244,NaN,-0.07274425,NaN
11.62,30,8.662248,NaN,-0.07301072,NaN
11.64,30,8.663651,NaN,-0.07301072,NaN
11.66,30,8.692831,NaN,-0.0724778,NaN
11.68,30,8.67051,NaN,-0.0724778,NaN
11.7,30,8.67883,NaN,-0.0724778,NaN
11.72,30,8.684075,NaN,-0.07381011,NaN
11.74,30,8.683237,NaN,-0.07354365,NaN
11.76,30,8.675961,NaN,-0.07354365,NaN
11.78,30,8.672243,NaN,-0.07327718,NaN
11.8,30,8.669387,NaN,-0.07301072,NaN
11.82,30,8.666212,NaN,-0.07301072,NaN
11.84,30,8.681758,NaN,-0.07221133,NaN
11.86,30,8.68583,NaN,-0.07194487,NaN
11.88,30,8.700624,NaN,-0.07381011,NaN
11.9,30,8.689713,NaN,-0.07354365,NaN
11.92,30,8.69098,NaN,-0.07301072,NaN
11.94,30,8.696115,NaN,-0.07221133,NaN
11.96,30,8.691727,NaN,-0.07274425,NaN
11.98,30,8.695838,NaN,-0.07221133,NaN
12,30,8.697781,NaN,-0.07381011,NaN
12.02,0,8.687788,NaN,-0.07114548,NaN
12.04,0,8.682894,NaN,-0.07327718,NaN
12.06,0,8.541145,NaN,-0.1073844,NaN
12.08,0,8.41969,NaN,-0.535856,NaN
12.1,0,7.047106,NaN,-1.271825,NaN
12.12,0,5.504705,NaN,-1.652334,NaN
12.14,0,3.831049,NaN,-1.775173,NaN
12.16,0,1.995998,NaN,-1.375479,NaN
12.18,0,0.7207757,NaN,-1.245712,NaN
12.2,0,-0.4516067,NaN,-1.146055,NaN
12.22,0,-0.01715174,NaN,-0.1180429,NaN
12.24,0,-0.01192334,NaN,-0.2637978,NaN
12.26,0,-0.4781585,NaN,-0.1966493,NaN
12.28,0,-0.2608386,NaN,-0.06101991,NaN
12.3,0,-0.2638543,NaN,-0.1396263,NaN
12.32,0,-0.4479578,NaN,-0.1001899,NaN
12.34,0,-0.3529449,NaN,-0.09779173,NaN
12.36,0,-0.4846219,NaN,-0.0810046,NaN
12.38,0,-0.415525,NaN,-0.06341807,NaN
12.4,0,-0.4423442,NaN,-0.07754058,NaN
12.42,0,-0.4674774,NaN,-0.06714854,NaN
12.44,0,-0.4564054,NaN,-0.07007963,NaN
12.46,0,-0.4767696,NaN,-0.07301072,NaN
12.48,0,-0.4750586,NaN,-0.06848086,NaN
12.5,0,-0.4927509,NaN,-0.07407656,NaN
12.52,0,-0.4952269,NaN,-0.07007963,NaN
12.54,0,-0.5108234,NaN,-0.07141194,NaN
12.56,0,-0.5131826,NaN,-0.07354365,NaN
12.58,0,-0.518384,NaN,-0.07221133,NaN
12.6,0,-0.5185884,NaN,-0.07381011,NaN
12.62,0,-0.5118856,NaN,-0.07141194,NaN
12.64,0,-0.5253173,NaN,-0.07274425,NaN
12.66,0,-0.5311393,NaN,-0.07274425,NaN
12.68,0,-0.5441753,NaN,-0.07167841,NaN
12.7,0,-0.5314636,NaN,-0.07301072,NaN
12.72,0,-0.5342328,NaN,-0.07194487,NaN
12.74,0,-0.5366657,NaN,-0.07194487,NaN
12.76,0,-0.5446637,NaN,-0.07327718,NaN
12.78,0,-0.5325298,NaN,-0.07221133,NaN
12.8,0,-0.5440177,NaN,-0.07327718,NaN
12.82,0,-0.5368237,NaN,-0.0724778,NaN
12.84,0,-0.5322322,NaN,-0.07274425,NaN
12.86,0,-0.5449814,NaN,-0.07301072,NaN
12.88,0,-0.5414724,NaN,-0.07327718,NaN
12.9,0,-0.5339009,NaN,-0.07327718,NaN
12.92,0,-0.5296571,NaN,-0.07274425,NaN
12.94,0,-0.5289571,NaN,-0.07274425,NaN
12.96,0,-0.5240784,NaN,-0.07301072,NaN
12.98,0,-0.5310153,NaN,-0.07221133,NaN
13,0,-0.5334283,NaN,-0.07301072,NaN
13.02,0,-0.5465897,NaN,-0.07354365,NaN
13.04,0,-0.5465963,NaN,-0.0724778,NaN
13.06,0,-0.5546292,NaN,-0.07301072,NaN
13.08,0,-0.5619668,NaN,-0.07327718,NaN
13.1,0,-0.5763919,NaN,-0.07221133,NaN
13.12,0,-0.5666237,NaN,-0.07381011,NaN
13.14,0,-0.5587573,NaN,-0.07301072,NaN
13.16,0,-0.5586097,NaN,-0.07381011,NaN
13.18,0,-0.5576736,NaN,-0.07301072,NaN
13.2,0,-0.5517986,NaN,-0.0724778,NaN
13.22,0,-0.5592072,NaN,-0.07301072,NaN
13.24,0,-0.5569527,NaN,-0.07327718,NaN
13.26,0,-0.5700045,NaN,-0.07327718,NaN
13.28,0,-0.5671982,NaN,-0.0724778,NaN
13.3,0,-0.5602145,NaN,-0.0724778,NaN
13.32,0,-0.5696157,NaN,-0.07301072,NaN
13.34,0,-0.5799253,NaN,-0.07354365,NaN
13.36,0,-0.5894432,NaN,-0.0724778,NaN
13.38,0,-0.6116241,NaN,-0.07274425,NaN
13.4,0,-0.5946375,NaN,-0.07381011,NaN
13.42,0,-0.5941757,NaN,-0.07327718,NaN
13.44,0,-0.5831144,NaN,-0.07167841,NaN
13.46,0,-0.5867651,NaN,-0.07301072,NaN
13.48,0,-0.589709,NaN,-0.07274425,NaN
13.5,0,-0.5871049,NaN,-0.07354365,NaN
13.52,0,-0.5837333,NaN,-0.0724778,NaN
13.54,0,-0.5696111,NaN,-0.07327718,NaN
13.56,0,-0.5506102,NaN,-0.07274425,NaN
13.58,0,-0.5491739,NaN,-0.07301072,NaN
13.6,0,-0.5568975,NaN,-0.07301072,NaN
13.62,0,-0.5386723,NaN,-0.07354365,NaN
13.64,0,-0.5518988,NaN,-0.07274425,NaN
13.66,0,-0.553828,NaN,-0.07354365,NaN
13.68,0,-0.5717955,NaN,-0.07327718,NaN
13.7,0,-0.579801,NaN,-0.07301072,NaN
13.72,0,-0.5825058,NaN,-0.07167841,NaN
13.74,0,-0.5871946,NaN,-0.0724778,NaN
13.76,0,-0.5640849,NaN,-0.07221133,NaN
13.78,0,-0.5652577,NaN,-0.07274425,NaN
13.8,0,-0.5642245,NaN,-0.07221133,NaN
13.82,0,-0.5671416,NaN,-0.07301072,NaN
13.84,0,-0.5594581,NaN,-0.07327718,NaN
13.86,0,-0.561443,NaN,-0.07301072,NaN
13.88,0,-0.5524365,NaN,-0.07274425,NaN
13.9,0,-0.5609955,NaN,-0.07274425,NaN
13.92,0,-0.5605627,NaN,-0.07381011,NaN
13.94,0,-0.5661135,NaN,-0.07221133,NaN
13.96,0,-0.5883175,NaN,-0.07301072,NaN
13.98,0,-0.5775703,NaN,-0.07274425,NaN
14,0,-0.5776602,NaN,-0.07327718,NaN
14.02,0,-0.5776602,NaN,-0.07327718,NaN
