0,0,-0.005173609
0.02,0,-0.0271206
0.04,0,-0.05502727
0.06,0,-0.04837232
0.08,0,-0.03663418
0.1,0,-0.06084686
0.12,0,-0.05923517
0.14,0,-0.05109154
0.16,0,-0.03311105
0.18,0,-0.04477746
0.2,0,-0.05597005
0.22,0,-0.0509925
0.24,0,-0.04474083
0.26,0,-0.03233466
0.28,0,-0.01767839
0.3,0,-0.02098238
0.32,0,-0.02929444
0.34,0,-0.04995804
0.36,0,-0.04459083
0.38,0,-0.04872207
0.4,0,-0.05494489
0.42,0,-0.06921574
0.44,0,-0.05870503
0.46,0,-0.05345736
0.48,0,-0.04602651
0.5,0,-0.05467048
0.52,0,-0.03015209
0.54,0,-0.03294337
0.56,0,-0.03884446
0.58,0,-0.06603339
0.6,0,-0.05778901
0.62,0,-0.04229737
0.64,0,-0.04543621
0.66,0,-0.04780275
0.68,0,-0.04302581
0.7,0,-0.04182759
0.72,0,-0.04105209
0.74,0,-0.02659812
0.76,0,-0.02206992
0.78,0,-0.02298432
0.8,0,-0.02812976
0.82,0,-0.03107709
0.84,0,-0.03709868
0.86,0,-0.03027715
0.88,0,-0.02855846
0.9,0,-0.0493879
0.92,0,-0.02553999
0.94,0,-0.03346683
0.96,0,-0.05393463
0.98,0,-0.06105912
1,0,-0.05134066
1.02,0,-0.04825898
1.04,0,-0.04060256
1.06,0,-0.04928389
1.08,0,-0.04654491
1.1,0,-0.02922965
1.12,0,-0.04138234
1.14,0,-0.0433675
1.16,0,-0.03427237
1.18,0,-0.01941995
1.2,0,-0.04404851
1.22,0,-0.0139318
1.24,0,-0.02380242
1.26,0,-0.02026531
1.28,0,-0.03277805
1.3,0,-0.03571563
1.32,0,-0.03720015
1.34,0,-0.03611863
1.36,0,-0.03798284
1.38,0,-0.01357659
1.4,0,-0.03638441
1.42,0,-0.04667942
1.44,0,-0.04151615
1.46,0,-0.06610886
1.48,0,-0.07410961
1.5,0,-0.06225484
1.52,0,-0.052653
1.54,0,-0.07685049
1.56,0,-0.06782963
1.58,0,-0.0360589
1.6,0,-0.04957055
1.62,0,-0.07355598
1.64,0,-0.06910936
1.66,0,-0.06950988
1.68,0,-0.08213173
1.7,0,-0.06702463
1.72,0,-0.07750406
1.74,0,-0.08016168
1.76,0,-0.0829455
1.78,0,-0.07460118
1.8,0,-0.06070571
1.82,0,-0.04409207
1.84,0,-0.04932218
1.86,0,-0.05555378
1.88,0,-0.07042567
1.9,0,-0.02477469
1.92,0,-0.04381683
1.94,0,-0.02301919
1.96,0,-0.05673458
1.98,0,-0.03767797
2,0,-0.02681463
2.02,5,-0.05385748
2.04,5,-0.04819641
2.06,5,-0.01254497
2.08,5,0.1186055
2.1,5,0.5184081
2.12,5,0.6306676
2.14,5,0.8950368
2.16,5,0.8982193
2.18,5,1.073107
2.2,5,1.11991
2.22,5,1.152843
2.24,5,1.209609
2.26,5,1.186714
2.28,5,1.202469
2.3,5,1.169726
2.32,5,1.180863
2.34,5,1.149585
2.36,5,1.16376
2.38,5,1.156908
2.4,5,1.153171
2.42,5,1.116086
2.44,5,1.114013
2.46,5,1.096645
2.48,5,1.088784
2.5,5,1.079013
2.52,5,1.091408
2.54,5,1.09496
2.56,5,1.087102
2.58,5,1.091217
2.6,5,1.071851
2.62,5,1.070654
2.64,5,1.074211
2.66,5,1.07424
2.68,5,1.084993
2.7,5,1.082133
2.72,5,1.092714
2.74,5,1.078669
2.76,5,1.078328
2.78,5,1.082655
2.8,5,1.066704
2.82,5,1.070644
2.84,5,1.082985
2.86,5,1.088223
2.88,5,1.084397
2.9,5,1.088883
2.92,5,1.081236
2.94,5,1.052981
2.96,5,1.063878
2.98,5,1.076889
3,5,1.083274
3.02,5,1.063585
3.04,5,1.064474
3.06,5,1.052
3.08,5,1.057389
3.1,5,1.057889
3.12,5,1.072407
3.14,5,1.080284
3.16,5,1.089036
3.18,5,1.097361
3.2,5,1.088929
3.22,5,1.089126
3.24,5,1.092422
3.26,5,1.074451
3.28,5,1.070359
3.3,5,1.073634
3.32,5,1.06409
3.34,5,1.061215
3.36,5,1.06998
3.38,5,1.059727
3.4,5,1.067957
3.42,5,1.065293
3.44,5,1.059018
3.46,5,1.055755
3.48,5,1.047214
3.5,5,1.051376
3.52,5,1.058753
3.54,5,1.051562
3.56,5,1.049757
3.58,5,1.046761
3.6,5,1.047408
3.62,5,1.047413
3.64,5,1.061399
3.66,5,1.066888
3.68,5,1.068694
3.7,5,1.069371
3.72,5,1.068699
3.74,5,1.067654
3.76,5,1.073198
3.78,5,1.095754
3.8,5,1.090067
3.82,5,1.089625
3.84,5,1.094704
3.86,5,1.093616
3.88,5,1.083911
3.9,5,1.089666
3.92,5,1.078424
3.94,5,1.090667
3.96,5,1.08412
3.98,5,1.0891
4,5,1.087295
4.02,10,1.080426
4.04,10,1.093131
4.06,10,1.058426
4.08,10,1.500488
4.1,10,1.804159
4.12,10,2.061855
4.14,10,2.333109
4.16,10,2.471266
4.18,10,2.632199
4.2,10,2.633273
4.22,10,2.675672
4.24,10,2.679805
4.26,10,2.682897
4.28,10,2.703109
4.3,10,2.700122
4.32,10,2.711133
4.34,10,2.686662
4.36,10,2.703821
4.38,10,2.71042
4.4,10,2.722102
4.42,10,2.72433
4.44,10,2.721169
4.46,10,2.70138
4.48,10,2.712411
4.5,10,2.708275
4.52,10,2.719021
4.54,10,2.71449
4.56,10,2.704952
4.58,10,2.709424
4.6,10,2.714894
4.62,10,2.734115
4.64,10,2.742482
4.66,10,2.754845
4.68,10,2.754326
4.7,10,2.753395
4.72,10,2.753678
4.74,10,2.749506
4.76,10,2.758371
4.78,10,2.759597
4.8,10,2.774023
4.82,10,2.778788
4.84,10,2.76944
4.86,10,2.77763
4.88,10,2.749677
4.9,10,2.757636
4.92,10,2.759859
4.94,10,2.759008
4.96,10,2.761237
4.98,10,2.749766
5,10,2.75581
5.02,10,2.753732
5.04,10,2.772265
5.06,10,2.754985
5.08,10,2.754539
5.1,10,2.740899
5.12,10,2.745658
5.14,10,2.737476
5.16,10,2.740386
5.18,10,2.732275
5.2,10,2.738612
5.22,10,2.758364
5.24,10,2.746147
5.26,10,2.749194
5.28,10,2.725831
5.3,10,2.751234
5.32,10,2.746871
5.34,10,2.726518
5.36,10,2.720975
5.38,10,2.734442
5.4,10,2.731702
5.42,10,2.717225
5.44,10,2.727455
5.46,10,2.753299
5.48,10,2.74153
5.5,10,2.738542
5.52,10,2.734578
5.54,10,2.736568
5.56,10,2.729365
5.58,10,2.742471
5.6,10,2.734569
5.62,10,2.731422
5.64,10,2.724253
5.66,10,2.72669
5.68,10,2.727284
5.7,10,2.728003
5.72,10,2.726454
5.74,10,2.716514
5.76,10,2.727436
5.78,10,2.73716
5.8,10,2.743185
5.82,10,2.73481
5.84,10,2.74563
5.86,10,2.72991
5.88,10,2.720379
5.9,10,2.716173
5.92,10,2.712537
5.94,10,2.718003
5.96,10,2.723893
5.98,10,2.734757
6,10,2.726779
6.02,15,2.733423
6.04,15,2.735832
6.06,15,2.795775
6.08,15,3.127824
6.1,15,3.462027
6.12,15,3.682898
6.14,15,4.055058
6.16,15,4.209948
6.18,15,4.364881
6.2,15,4.394364
6.22,15,4.422791
6.24,15,4.511975
6.26,15,4.416417
6.28,15,4.467433
6.3,15,4.411719
6.32,15,4.438936
6.34,15,4.409777
6.36,15,4.426164
6.38,15,4.39371
6.4,15,4.43254
6.42,15,4.404113
6.44,15,4.39813
6.46,15,4.38267
6.48,15,4.388299
6.5,15,4.385187
6.52,15,4.394827
6.54,15,4.397818
6.56,15,4.388965
6.58,15,4.385315
6.6,15,4.389768
6.62,15,4.395838
6.64,15,4.393306
6.66,15,4.388339
6.68,15,4.374184
6.7,15,4.360094
6.72,15,4.36964
6.74,15,4.386679
6.76,15,4.386033
6.78,15,4.363829
6.8,15,4.362267
6.82,15,4.357957
6.84,15,4.363835
6.86,15,4.358288
6.88,15,4.336055
6.9,15,4.348355
6.92,15,4.368627
6.94,15,4.358579
6.96,15,4.347834
6.98,15,4.344073
7,15,4.325103
7.02,15,4.330655
7.04,15,4.350052
7.06,15,4.335757
7.08,15,4.349854
7.1,15,4.342016
7.12,15,4.327451
7.14,15,4.339116
7.16,15,4.331767
7.18,15,4.329418
7.2,15,4.349082
7.22,15,4.362475
7.24,15,4.371552
7.26,15,4.374784
7.28,15,4.382978
7.3,15,4.388923
7.32,15,4.395236
7.34,15,4.38074
7.36,15,4.376608
7.38,15,4.382879
7.4,15,4.406515
7.42,15,4.411033
7.44,15,4.403685
7.46,15,4.40763
7.48,15,4.40688
7.5,15,4.401355
7.52,15,4.399364
7.54,15,4.397866
7.56,15,4.392613
7.58,15,4.391732
7.6,15,4.381021
7.62,15,4.380804
7.64,15,4.38094
7.66,15,4.38339
7.68,15,4.380009
7.7,15,4.371569
7.72,15,4.379837
7.74,15,4.380696
7.76,15,4.373883
7.78,15,4.392112
7.8,15,4.398221
7.82,15,4.37921
7.84,15,4.390932
7.86,15,4.392393
7.88,15,4.397423
7.9,15,4.375803
7.92,15,4.378983
7.94,15,4.363258
7.96,15,4.357103
7.98,15,4.344563
8,15,4.361647
8.02,20,4.350451
8.04,20,4.355238
8.06,20,4.467912
8.08,20,5.210104
8.1,20,5.415195
8.12,20,5.660588
8.14,20,5.872903
8.16,20,5.943745
8.18,20,6.150586
8.2,20,6.131475
8.22,20,6.15158
8.24,20,6.147538
8.26,20,6.049217
8.28,20,6.08153
8.3,20,6.034873
8.32,20,6.078067
8.34,20,6.016551
8.36,20,6.035714
8.38,20,6.006869
8.4,20,6.012056
8.42,20,5.998506
8.44,20,5.987779
8.46,20,6.005743
8.48,20,5.992723
8.5,20,5.976193
8.52,20,5.980429
8.54,20,5.9767
8.56,20,5.974895
8.58,20,5.981198
8.6,20,5.978899
8.62,20,5.986231
8.64,20,5.983056
8.66,20,5.980594
8.68,20,5.985362
8.7,20,5.987025
8.72,20,5.994661
8.74,20,6.001173
8.76,20,5.984578
8.78,20,5.983882
8.8,20,5.971773
8.82,20,5.951143
8.84,20,5.957647
8.86,20,5.963446
8.88,20,5.96726
8.9,20,5.981822
8.92,20,5.972049
8.94,20,5.982244
8.96,20,5.965587
8.98,20,5.962752
9,20,5.971098
9.02,20,5.963484
9.04,20,5.954446
9.06,20,5.943621
9.08,20,5.947049
9.1,20,5.95834
9.12,20,5.979558
9.14,20,5.96794
9.16,20,5.965711
9.18,20,5.981188
9.2,20,5.9859
9.22,20,5.993625
9.24,20,5.965342
9.26,20,5.960101
9.28,20,5.957376
9.3,20,5.946905
9.32,20,5.950009
9.34,20,5.95372
9.36,20,5.971182
9.38,20,5.970853
9.4,20,5.95313
9.42,20,5.945137
9.44,20,5.923648
9.46,20,5.943811
9.48,20,5.948888
9.5,20,5.951011
9.52,20,5.94075
9.54,20,5.929746
9.56,20,5.933916
9.58,20,5.946632
9.6,20,5.948242
9.62,20,5.956835
9.64,20,5.97698
9.66,20,5.977261
9.68,20,5.978156
9.7,20,5.978934
9.72,20,5.975467
9.74,20,5.960022
9.76,20,5.98526
9.78,20,5.97064
9.8,20,5.969575
9.82,20,5.976541
9.84,20,5.990906
9.86,20,5.991347
9.88,20,5.995286
9.9,20,6.000763
9.92,20,5.997364
9.94,20,5.994208
9.96,20,6.011942
9.98,20,5.995603
10,20,5.996799
10.02,25,5.996456
10.04,25,5.99748
10.06,25,6.15673
10.08,25,6.668252
10.1,25,7.009926
10.12,25,7.184395
10.14,25,7.389429
10.16,25,7.396235
10.18,25,7.527261
10.2,25,7.540975
10.22,25,7.553257
10.24,25,7.59529
10.26,25,7.547387
10.28,25,7.58673
10.3,25,7.58123
10.32,25,7.608931
10.34,25,7.579226
10.36,25,7.575392
10.38,25,7.571304
10.4,25,7.564744
10.42,25,7.551205
10.44,25,7.586478
10.46,25,7.572393
10.48,25,7.56099
10.5,25,7.560779
10.52,25,7.566188
10.54,25,7.567235
10.56,25,7.563892
10.58,25,7.57634
10.6,25,7.607563
10.62,25,7.603456
10.64,25,7.606498
10.66,25,7.582411
10.68,25,7.586627
10.7,25,7.590914
10.72,25,7.602931
10.74,25,7.595957
10.76,25,7.596314
10.78,25,7.59459
10.8,25,7.584057
10.82,25,7.600869
10.84,25,7.606577
10.86,25,7.614914
10.88,25,7.618649
10.9,25,7.628626
10.92,25,7.620592
10.94,25,7.609004
10.96,25,7.614206
10.98,25,7.60432
11,25,7.599608
11.02,25,7.585402
11.04,25,7.595649
11.06,25,7.605051
11.08,25,7.603152
11.1,25,7.604302
11.12,25,7.612715
11.14,25,7.615153
11.16,25,7.623742
11.18,25,7.634772
11.2,25,7.614202
11.22,25,7.598923
11.24,25,7.596692
11.26,25,7.594747
11.28,25,7.572359
11.3,25,7.572147
11.32,25,7.574595
11.34,25,7.574881
11.36,25,7.570889
11.38,25,7.576727
11.4,25,7.572029
11.42,25,7.55872
11.44,25,7.571823
11.46,25,7.569297
11.48,25,7.568493
11.5,25,7.56637
11.52,25,7.565158
11.54,25,7.565496
11.56,25,7.567586
11.58,25,7.557584
11.6,25,7.575564
11.62,25,7.58144
11.64,25,7.598072
11.66,25,7.603414
11.68,25,7.601791
11.7,25,7.596939
11.72,25,7.595854
11.74,25,7.58501
11.76,25,7.586281
11.78,25,7.590227
11.8,25,7.601496
11.82,25,7.613118
11.84,25,7.631841
11.86,25,7.623098
11.88,25,7.618257
11.9,25,7.619655
11.92,25,7.625292
11.94,25,7.619351
11.96,25,7.617074
11.98,25,7.60513
12,25,7.619663
12.02,30,7.614885
12.04,30,7.602779
12.06,30,7.671203
12.08,30,7.821661
12.1,30,8.347681
12.12,30,8.436642
12.14,30,8.753212
12.16,30,8.882451
12.18,30,9.016291
12.2,30,9.113085
12.22,30,9.104988
12.24,30,9.169937
12.26,30,9.131139
12.28,30,9.182036
12.3,30,9.147166
12.32,30,9.191337
12.34,30,9.180621
12.36,30,9.19339
12.38,30,9.198012
12.4,30,9.209617
12.42,30,9.18504
12.44,30,9.182809
12.46,30,9.185392
12.48,30,9.195557
12.5,30,9.223186
12.52,30,9.225204
12.54,30,9.218499
12.56,30,9.227151
12.58,30,9.239381
12.6,30,9.215874
12.62,30,9.214256
12.64,30,9.233224
12.66,30,9.227959
12.68,30,9.226615
12.7,30,9.198606
12.72,30,9.197779
12.74,30,9.199821
12.76,30,9.189964
12.78,30,9.196442
12.8,30,9.200089
12.82,30,9.206854
12.84,30,9.20594
12.86,30,9.206541
12.88,30,9.210954
12.9,30,9.206285
12.92,30,9.202058
12.94,30,9.2134
12.96,30,9.213288
12.98,30,9.214781
13,30,9.213708
13.02,30,9.217452
13.04,30,9.208025
13.06,30,9.199364
13.08,30,9.197546
13.1,30,9.209749
13.12,30,9.207867
13.14,30,9.196879
13.16,30,9.2097
13.18,30,9.188057
13.2,30,9.192258
13.22,30,9.201101
13.24,30,9.192283
13.26,30,9.205479
13.28,30,9.206659
13.3,30,9.206774
13.32,30,9.194864
13.34,30,9.198387
13.36,30,9.204496
13.38,30,9.205208
13.4,30,9.216953
13.42,30,9.209211
13.44,30,9.20874
13.46,30,9.221198
13.48,30,9.214616
13.5,30,9.213211
13.52,30,9.205119
13.54,30,9.191398
13.56,30,9.196371
13.58,30,9.205691
13.6,30,9.199024
13.62,30,9.194773
13.64,30,9.202514
13.66,30,9.209899
13.68,30,9.239119
13.7,30,9.228232
13.72,30,9.21963
13.74,30,9.211691
13.76,30,9.199621
13.78,30,9.199863
13.8,30,9.209628
13.82,30,9.190528
13.84,30,9.184124
13.86,30,9.173887
13.88,30,9.164084
13.9,30,9.177614
13.92,30,9.188286
13.94,30,9.179084
13.96,30,9.16846
13.98,30,9.153126
14,30,9.153093
14.02,25,9.168736
14.04,25,9.176579
14.06,25,9.151262
14.08,25,8.789943
14.1,25,8.55734
14.12,25,8.377915
14.14,25,8.19952
14.16,25,8.199535
14.18,25,8.110644
14.2,25,8.066108
14.22,25,8.088321
14.24,25,8.065408
14.26,25,8.088823
14.28,25,8.09461
14.3,25,8.093118
14.32,25,8.096084
14.34,25,8.118994
14.36,25,8.109079
14.38,25,8.131445
14.4,25,8.148944
14.42,25,8.14514
14.44,25,8.151285
14.46,25,8.153263
14.48,25,8.135026
14.5,25,8.146803
14.52,25,8.143016
14.54,25,8.149151
14.56,25,8.135138
14.58,25,8.132215
14.6,25,8.140102
14.62,25,8.159252
14.64,25,8.142599
14.66,25,8.143806
14.68,25,8.161497
14.7,25,8.175524
14.72,25,8.176561
14.74,25,8.158836
14.76,25,8.160445
14.78,25,8.179121
14.8,25,8.180206
14.82,25,8.195194
14.84,25,8.202093
14.86,25,8.214588
14.88,25,8.195743
14.9,25,8.197186
14.92,25,8.162233
14.94,25,8.154235
14.96,25,8.146852
14.98,25,8.155395
15,25,8.160013
15.02,25,8.170624
15.04,25,8.159977
15.06,25,8.159752
15.08,25,8.149936
15.1,25,8.141781
15.12,25,8.149615
15.14,25,8.163495
15.16,25,8.147719
15.18,25,8.140549
15.2,25,8.150661
15.22,25,8.145573
15.24,25,8.141682
15.26,25,8.162548
15.28,25,8.139839
15.3,25,8.13626
15.32,25,8.131268
15.34,25,8.129329
15.36,25,8.132895
15.38,25,8.140377
15.4,25,8.152769
15.42,25,8.142137
15.44,25,8.143098
15.46,25,8.156385
15.48,25,8.154086
15.5,25,8.162573
15.52,25,8.160028
15.54,25,8.147814
15.56,25,8.152967
15.58,25,8.157013
15.6,25,8.157323
15.62,25,8.149088
15.64,25,8.161757
15.66,25,8.181913
15.68,25,8.177637
15.7,25,8.184949
15.72,25,8.166661
15.74,25,8.16715
15.76,25,8.169369
15.78,25,8.164547
15.8,25,8.171274
15.82,25,8.16113
15.84,25,8.167029
15.86,25,8.17039
15.88,25,8.172566
15.9,25,8.171093
15.92,25,8.160809
15.94,25,8.158888
15.96,25,8.158424
15.98,25,8.161299
16,25,8.161408
16.02,20,8.16007
16.04,20,8.165358
16.06,20,8.163184
16.08,20,7.896362
16.1,20,7.51268
16.12,20,7.348255
16.14,20,6.931764
16.16,20,6.569473
16.18,20,6.532022
16.2,20,6.486339
16.22,20,6.435518
16.24,20,6.42566
16.26,20,6.474058
16.28,20,6.394948
16.3,20,6.480199
16.32,20,6.445144
16.34,20,6.463419
16.36,20,6.469707
16.38,20,6.470837
16.4,20,6.463219
16.42,20,6.509686
16.44,20,6.488672
16.46,20,6.504035
16.48,20,6.53203
16.5,20,6.524772
16.52,20,6.536329
16.54,20,6.529893
16.56,20,6.532016
16.58,20,6.550663
16.6,20,6.55374
16.62,20,6.559915
16.64,20,6.558358
16.66,20,6.541018
16.68,20,6.544504
16.7,20,6.541121
16.72,20,6.550111
16.74,20,6.55335
16.76,20,6.555192
16.78,20,6.549166
16.8,20,6.548137
16.82,20,6.563976
16.84,20,6.556592
16.86,20,6.539146
16.88,20,6.528278
16.9,20,6.526958
16.92,20,6.533072
16.94,20,6.534615
16.96,20,6.527572
16.98,20,6.545443
17,20,6.543281
17.02,20,6.563553
17.04,20,6.568476
17.06,20,6.562176
17.08,20,6.563393
17.1,20,6.558783
17.12,20,6.552777
17.14,20,6.554337
17.16,20,6.555965
17.18,20,6.548449
17.2,20,6.541319
17.22,20,6.556953
17.24,20,6.564789
17.26,20,6.568549
17.28,20,6.579778
17.3,20,6.588271
17.32,20,6.582508
17.34,20,6.583028
17.36,20,6.586292
17.38,20,6.561722
17.4,20,6.578316
17.42,20,6.553465
17.44,20,6.550923
17.46,20,6.551818
17.48,20,6.529733
17.5,20,6.527709
17.52,20,6.531896
17.54,20,6.521326
17.56,20,6.529263
17.58,20,6.540894
17.6,20,6.551226
17.62,20,6.534805
17.64,20,6.535116
17.66,20,6.522046
17.68,20,6.517322
17.7,20,6.538089
17.72,20,6.537237
17.74,20,6.542366
17.76,20,6.528824
17.78,20,6.541378
17.8,20,6.549548
17.82,20,6.566811
17.84,20,6.566296
17.86,20,6.551683
17.88,20,6.5564
17.9,20,6.552018
17.92,20,6.572155
17.94,20,6.561092
17.96,20,6.551836
17.98,20,6.560276
18,20,6.565633
18.02,15,6.546091
18.04,15,6.462626
18.06,15,6.265579
18.08,15,5.835445
18.1,15,5.490487
18.12,15,5.358392
18.14,15,4.905788
18.16,15,4.850244
18.18,15,4.807577
18.2,15,4.733357
18.22,15,4.697643
18.24,15,4.751864
18.26,15,4.724596
18.28,15,4.736316
18.3,15,4.717255
18.32,15,4.709054
18.34,15,4.736695
18.36,15,4.745849
18.38,15,4.736816
18.4,15,4.751258
18.42,15,4.749194
18.44,15,4.744765
18.46,15,4.753225
18.48,15,4.731869
18.5,15,4.712994
18.52,15,4.73809
18.54,15,4.727281
18.56,15,4.726034
18.58,15,4.714681
18.6,15,4.730871
18.62,15,4.733271
18.64,15,4.737478
18.66,15,4.744741
18.68,15,4.740308
18.7,15,4.748079
18.72,15,4.742027
18.74,15,4.751905
18.76,15,4.724787
18.78,15,4.726275
18.8,15,4.718627
18.82,15,4.721941
18.84,15,4.710648
18.86,15,4.715573
18.88,15,4.726476
18.9,15,4.716015
18.92,15,4.714777
18.94,15,4.721261
18.96,15,4.717575
18.98,15,4.697145
19,15,4.698013
19.02,15,4.691658
19.04,15,4.690508
19.06,15,4.690923
19.08,15,4.686248
19.1,15,4.68746
19.12,15,4.694333
19.14,15,4.692066
19.16,15,4.696053
19.18,15,4.697068
19.2,15,4.700695
19.22,15,4.697769
19.24,15,4.692996
19.26,15,4.709135
19.28,15,4.697413
19.3,15,4.697425
19.32,15,4.703846
19.34,15,4.715868
19.36,15,4.714869
19.38,15,4.723353
19.4,15,4.714494
19.42,15,4.712287
19.44,15,4.712554
19.46,15,4.703752
19.48,15,4.699247
19.5,15,4.69796
19.52,15,4.689823
19.54,15,4.706176
19.56,15,4.716366
19.58,15,4.721909
19.6,15,4.725162
19.62,15,4.722415
19.64,15,4.722225
19.66,15,4.710837
19.68,15,4.709622
19.7,15,4.706359
19.72,15,4.691631
19.74,15,4.68787
19.76,15,4.687649
19.78,15,4.705067
19.8,15,4.702974
19.82,15,4.712722
19.84,15,4.713506
19.86,15,4.714318
19.88,15,4.71273
19.9,15,4.70739
19.92,15,4.706443
19.94,15,4.708944
19.96,15,4.706681
19.98,15,4.705696
20,15,4.705621
20.02,10,4.711972
20.04,10,4.704761
20.06,10,4.67714
20.08,10,4.31241
20.1,10,3.930776
20.12,10,3.770389
20.14,10,3.463343
20.16,10,3.235869
20.18,10,3.161312
20.2,10,3.159198
20.22,10,3.003366
20.24,10,3.105088
20.26,10,3.041378
20.28,10,3.06752
20.3,10,3.082953
20.32,10,3.051939
20.34,10,3.0403
20.36,10,3.07053
20.38,10,3.051656
20.4,10,3.047538
20.42,10,3.07643
20.44,10,3.071495
20.46,10,3.11183
20.48,10,3.106597
20.5,10,3.110873
20.52,10,3.127446
20.54,10,3.124981
20.56,10,3.111125
20.58,10,3.145619
20.6,10,3.137714
20.62,10,3.138725
20.64,10,3.108549
20.66,10,3.115433
20.68,10,3.116539
20.7,10,3.108736
20.72,10,3.112487
20.74,10,3.124859
20.76,10,3.124466
20.78,10,3.134827
20.8,10,3.128436
20.82,10,3.128181
20.84,10,3.13483
20.86,10,3.131705
20.88,10,3.132557
20.9,10,3.12269
20.92,10,3.115291
20.94,10,3.125074
20.96,10,3.129134
20.98,10,3.127838
21,10,3.136425
21.02,10,3.14107
21.04,10,3.144242
21.06,10,3.136261
21.08,10,3.126735
21.1,10,3.113352
21.12,10,3.105986
21.14,10,3.116216
21.16,10,3.139765
21.18,10,3.123446
21.2,10,3.123091
21.22,10,3.131498
21.24,10,3.134955
21.26,10,3.135322
21.28,10,3.132133
21.3,10,3.137661
21.32,10,3.137473
21.34,10,3.157886
21.36,10,3.166976
21.38,10,3.150759
21.4,10,3.146251
21.42,10,3.147716
21.44,10,3.136619
21.46,10,3.118752
21.48,10,3.13156
21.5,10,3.138503
21.52,10,3.147393
21.54,10,3.152184
21.56,10,3.147884
21.58,10,3.134057
21.6,10,3.132056
21.62,10,3.142245
21.64,10,3.140938
21.66,10,3.128162
21.68,10,3.138626
21.7,10,3.149191
21.72,10,3.149745
21.74,10,3.154434
21.76,10,3.167435
21.78,10,3.154208
21.8,10,3.132911
21.82,10,3.148395
21.84,10,3.165378
21.86,10,3.164134
21.88,10,3.186619
21.9,10,3.188857
21.92,10,3.17345
21.94,10,3.176731
21.96,10,3.175579
21.98,10,3.183003
22,10,3.159037
22.02,5,3.16239
22.04,5,3.16867
22.06,5,3.105349
22.08,5,2.954014
22.1,5,2.596276
22.12,5,2.477668
22.14,5,2.161379
22.16,5,1.900191
22.18,5,1.711956
22.2,5,1.673103
22.22,5,1.583108
22.24,5,1.490045
22.26,5,1.583125
22.28,5,1.512774
22.3,5,1.589363
22.32,5,1.541879
22.34,5,1.579214
22.36,5,1.556821
22.38,5,1.575815
22.4,5,1.567399
22.42,5,1.589478
22.44,5,1.568667
22.46,5,1.566145
22.48,5,1.575693
22.5,5,1.582355
22.52,5,1.578036
22.54,5,1.574524
22.56,5,1.567937
22.58,5,1.576707
22.6,5,1.581131
22.62,5,1.577384
22.64,5,1.575734
22.66,5,1.577452
22.68,5,1.576971
22.7,5,1.570579
22.72,5,1.574829
22.74,5,1.583858
22.76,5,1.561281
22.78,5,1.566968
22.8,5,1.558963
22.82,5,1.549623
22.84,5,1.556722
22.86,5,1.550384
22.88,5,1.550537
22.9,5,1.554146
22.92,5,1.561005
22.94,5,1.54946
22.96,5,1.532149
22.98,5,1.52522
23,5,1.53746
23.02,5,1.545569
23.04,5,1.55499
23.06,5,1.56682
23.08,5,1.572859
23.1,5,1.579204
23.12,5,1.585268
23.14,5,1.601084
23.16,5,1.608112
23.18,5,1.607056
23.2,5,1.614808
23.22,5,1.612247
23.24,5,1.597943
23.26,5,1.5883
23.28,5,1.57645
23.3,5,1.571285
23.32,5,1.571252
23.34,5,1.574493
23.36,5,1.588353
23.38,5,1.581599
23.4,5,1.566489
23.42,5,1.554846
23.44,5,1.555597
23.46,5,1.552374
23.48,5,1.555354
23.5,5,1.55437
23.52,5,1.55314
23.54,5,1.545174
23.56,5,1.546181
23.58,5,1.562029
23.6,5,1.570449
23.62,5,1.582653
23.64,5,1.598575
23.66,5,1.596946
23.68,5,1.596168
23.7,5,1.587963
23.72,5,1.601159
23.74,5,1.591468
23.76,5,1.581372
23.78,5,1.576724
23.8,5,1.571732
23.82,5,1.58388
23.84,5,1.592375
23.86,5,1.589929
23.88,5,1.598263
23.9,5,1.604994
23.92,5,1.597921
23.94,5,1.599873
23.96,5,1.593297
23.98,5,1.59801
24,5,1.589047
24.02,0,1.593478
24.04,0,1.592381
24.06,0,1.548252
24.08,0,1.035646
24.1,0,0.7266803
24.12,0,0.452412
24.14,0,0.105718
24.16,0,0.1276365
24.18,0,0.1033887
24.2,0,0.005048689
24.22,0,-0.002620995
24.24,0,-0.04344304
24.26,0,-0.03864098
24.28,0,-0.0235673
24.3,0,-0.03336733
24.32,0,-0.06361681
24.34,0,-0.0302694
24.36,0,-0.03266741
24.38,0,-0.07129908
24.4,0,-0.05842333
24.42,0,-0.08794339
24.44,0,-0.08301446
24.46,0,-0.06617215
24.48,0,-0.07240732
24.5,0,-0.06901077
24.52,0,-0.04603153
24.54,0,-0.04086426
24.56,0,-0.02254476
24.58,0,-0.03864427
24.6,0,-0.02459585
24.62,0,-0.0296786
24.64,0,-0.02761439
24.66,0,-0.02516531
24.68,0,-0.0362517
24.7,0,-0.03221165
24.72,0,-0.02910068
24.74,0,-0.02615834
24.76,0,-0.03001266
24.78,0,-0.02802595
24.8,0,-0.01992568
24.82,0,-0.002436787
24.84,0,0.002401434
24.86,0,0.01065502
24.88,0,0.01732744
24.9,0,0.02082569
24.92,0,0.01984127
24.94,0,0.02092133
24.96,0,0.01385137
24.98,0,0.01129275
25,0,0.02403665
25.02,0,0.01781958
25.04,0,0.01722176
25.06,0,0.008323777
25.08,0,0.006017283
25.1,0,0.006642632
25.12,0,0.003786623
25.14,0,-0.004443265
25.16,0,0.0004510731
25.18,0,0.005362794
25.2,0,0.01988885
25.22,0,0.01385123
25.24,0,0.002858385
25.26,0,0.01447652
25.28,0,-0.001850985
25.3,0,-0.008489169
25.32,0,-0.009709388
25.34,0,-0.009492472
25.36,0,-0.01976155
25.38,0,-0.0140533
25.4,0,0.002366185
25.42,0,-0.004739858
25.44,0,-0.0128471
25.46,0,-0.005459197
25.48,0,-0.008068152
25.5,0,-0.009629443
25.52,0,-0.01264718
25.54,0,-0.008990429
25.56,0,-0.01453208
25.58,0,-0.0264308
25.6,0,-0.03686254
25.62,0,-0.03703061
25.64,0,-0.04066039
25.66,0,-0.04865672
25.68,0,-0.04639335
25.7,0,-0.04695421
25.72,0,-0.05664128
25.74,0,-0.05310569
25.76,0,-0.05882623
25.78,0,-0.03886133
25.8,0,-0.02130116
25.82,0,-0.0242319
25.84,0,-0.03044679
25.86,0,-0.03276607
25.88,0,-0.03702039
25.9,0,-0.03847888
25.92,0,-0.023135
25.94,0,-0.01124404
25.96,0,0.007198431
25.98,0,0.003600322
26,0,0.02401863
26.02,0,0.02401863
