0,0,0.02124551
0.02,0,-0.03314022
0.04,0,-0.07971255
0.06,0,-0.1029263
0.08,0,-0.1387864
0.1,0,-0.1626785
0.12,0,-0.1793737
0.14,0,-0.2149998
0.16,0,-0.2424078
0.18,0,-0.2776576
0.2,0,-0.2827421
0.22,0,-0.2728294
0.24,0,-0.3126395
0.26,0,-0.2782932
0.28,0,-0.309554
0.3,0,-0.3516734
0.32,0,-0.3443989
0.34,0,-0.3321298
0.36,0,-0.3851422
0.38,0,-0.3915881
0.4,0,-0.360626
0.42,0,-0.3561523
0.44,0,-0.3999214
0.46,0,-0.3925337
0.48,0,-0.3854172
0.5,0,-0.4280168
0.52,0,-0.4256928
0.54,0,-0.4216508
0.56,0,-0.4407313
0.58,0,-0.4388609
0.6,0,-0.43654
0.62,0,-0.4127933
0.64,0,-0.4517685
0.66,0,-0.430446
0.68,0,-0.3910048
0.7,0,-0.4111065
0.72,0,-0.4161233
0.74,0,-0.3760293
0.76,0,-0.3756945
0.78,0,-0.3943935
0.8,0,-0.3667662
0.82,0,-0.3686364
0.84,0,-0.3829659
0.86,0,-0.3955393
0.88,0,-0.3460999
0.9,0,-0.3870625
0.92,0,-0.3637132
0.94,0,-0.3478797
0.96,0,-0.3140711
0.98,0,-0.3822151
1,0,-0.3685072
1.02,0,-0.332924
1.04,0,-0.3916793
1.06,0,-0.3931558
1.08,0,-0.342758
1.1,0,-0.3734502
1.12,0,-0.3917894
1.14,0,-0.3290068
1.16,0,-0.331212
1.18,0,-0.3631268
1.2,0,-0.3578524
1.22,0,-0.3750829
1.24,0,-0.3985134
1.26,0,-0.419127
1.28,0,-0.3539492
1.3,0,-0.4112782
1.32,0,-0.4041258
1.34,0,-0.3851527
1.36,0,-0.3841535
1.38,0,-0.4302288
1.4,0,-0.4055912
1.42,0,-0.3758565
1.44,0,-0.3971466
1.46,0,-0.3981912
1.48,0,-0.3848473
1.5,0,-0.3793128
1.52,0,-0.3985815
1.54,0,-0.3757999
1.56,0,-0.3680002
1.58,0,-0.3756396
1.6,0,-0.406368
1.62,0,-0.3330416
1.64,0,-0.3568487
1.66,0,-0.3749107
1.68,0,-0.3464943
1.7,0,-0.3568686
1.72,0,-0.3675948
1.74,0,-0.3686204
1.76,0,-0.3567114
1.78,0,-0.3766625
1.8,0,-0.3775984
1.82,0,-0.3739687
1.84,0,-0.375038
1.86,0,-0.4083552
1.88,0,-0.3916282
1.9,0,-0.383173
1.92,0,-0.3387019
1.94,0,-0.3955128
1.96,0,-0.3729993
1.98,0,-0.3595284
2,0,-0.3768266
2.02,10,-0.349559
2.04,10,-0.3418028
2.06,10,-0.2152978
2.08,10,-0.04186904
2.1,10,0.917237
2.12,10,1.394583
2.14,10,1.880904
2.16,10,2.324609
2.18,10,2.339299
2.2,10,2.604242
2.22,10,2.645229
2.24,10,2.811332
2.26,10,2.813617
2.28,10,2.849611
2.3,10,2.8019
2.32,10,2.805983
2.34,10,2.774926
2.36,10,2.775781
2.38,10,2.81107
2.4,10,2.775953
2.42,10,2.770204
2.44,10,2.791131
2.46,10,2.765466
2.48,10,2.742632
2.5,10,2.739701
2.52,10,2.736868
2.54,10,2.709212
2.56,10,2.750648
2.58,10,2.749304
2.6,10,2.735124
2.62,10,2.725383
2.64,10,2.747
2.66,10,2.727182
2.68,10,2.729075
2.7,10,2.749771
2.72,10,2.752665
2.74,10,2.750426
2.76,10,2.753137
2.78,10,2.768254
2.8,10,2.760958
2.82,10,2.755526
2.84,10,2.751653
2.86,10,2.749633
2.88,10,2.748682
2.9,10,2.718178
2.92,10,2.790379
2.94,10,2.726547
2.96,10,2.775819
2.98,10,2.751861
3,10,2.761424
3.02,10,2.761644
3.04,10,2.770484
3.06,10,2.7763
3.08,10,2.776268
3.1,10,2.78058
3.12,10,2.78791
3.14,10,2.769876
3.16,10,2.770342
3.18,10,2.7704
3.2,10,2.766479
3.22,10,2.778518
3.24,10,2.760219
3.26,10,2.735082
3.28,10,2.740709
3.3,10,2.721051
3.32,10,2.733768
3.34,10,2.710051
3.36,10,2.74136
3.38,10,2.76683
3.4,10,2.771189
3.42,10,2.782336
3.44,10,2.779782
3.46,10,2.772107
3.48,10,2.793707
3.5,10,2.783539
3.52,10,2.77535
3.54,10,2.783571
3.56,10,2.744657
3.58,10,2.752921
3.6,10,2.773551
3.62,10,2.739812
3.64,10,2.79097
3.66,10,2.763628
3.68,10,2.762064
3.7,10,2.760769
3.72,10,2.762612
3.74,10,2.764684
3.76,10,2.769752
3.78,10,2.763795
3.8,10,2.766894
3.82,10,2.759498
3.84,10,2.753722
3.86,10,2.764219
3.88,10,2.762565
3.9,10,2.76644
3.92,10,2.792123
3.94,10,2.762795
3.96,10,2.788244
3.98,10,2.789309
4,10,2.796642
4.02,20,2.785014
4.04,20,2.788557
4.06,20,2.895468
4.08,20,3.893907
4.1,20,4.8453
4.12,20,5.16279
4.14,20,5.581255
4.16,20,5.892367
4.18,20,6.011697
4.2,20,6.136154
4.22,20,6.161642
4.24,20,6.163328
4.26,20,6.180008
4.28,20,6.073781
4.3,20,6.156527
4.32,20,6.097542
4.34,20,6.103574
4.36,20,6.086334
4.38,20,6.113672
4.4,20,6.074571
4.42,20,6.048289
4.44,20,6.059166
4.46,20,6.046209
4.48,20,6.041071
4.5,20,6.040686
4.52,20,6.020807
4.54,20,6.000962
4.56,20,6.001913
4.58,20,5.989983
4.6,20,5.999023
4.62,20,5.957305
4.64,20,5.992392
4.66,20,5.984511
4.68,20,5.975664
4.7,20,5.99417
4.72,20,5.988225
4.74,20,6.001003
4.76,20,5.998132
4.78,20,5.983497
4.8,20,5.98257
4.82,20,5.987074
4.84,20,5.991354
4.86,20,5.984247
4.88,20,5.976879
4.9,20,5.980024
4.92,20,6.042691
4.94,20,5.997994
4.96,20,6.040766
4.98,20,6.015115
5,20,6.005575
5.02,20,6.011488
5.04,20,5.999017
5.06,20,6.012115
5.08,20,5.993776
5.1,20,6.000155
5.12,20,6.01492
5.14,20,6.026117
5.16,20,6.01922
5.18,20,6.005685
5.2,20,5.975371
5.22,20,5.970977
5.24,20,5.975743
5.26,20,5.97389
5.28,20,5.960208
5.3,20,5.935958
5.32,20,5.96822
5.34,20,5.957334
5.36,20,5.977593
5.38,20,5.963007
5.4,20,5.983582
5.42,20,5.989872
5.44,20,6.00335
5.46,20,6.009003
5.48,20,6.015503
5.5,20,6.025905
5.52,20,6.025978
5.54,20,6.020242
5.56,20,6.003804
5.58,20,6.006536
5.6,20,5.97477
5.62,20,5.98497
5.64,20,5.94175
5.66,20,5.955999
5.68,20,5.939105
5.7,20,5.938222
5.72,20,5.946071
5.74,20,5.938029
5.76,20,5.944821
5.78,20,5.969026
5.8,20,5.962657
5.82,20,5.973327
5.84,20,5.987445
5.86,20,5.997887
5.88,20,5.998172
5.9,20,5.98388
5.92,20,5.986166
5.94,20,5.990489
5.96,20,5.979944
5.98,20,6.002539
6,20,6.006829
6.02,30,6.003537
6.04,30,6.024732
6.06,30,6.245178
6.08,30,6.496343
6.1,30,7.41045
6.12,30,8.047488
6.14,30,8.353851
6.16,30,8.714131
6.18,30,8.969659
6.2,30,9.055549
6.22,30,9.095064
6.24,30,9.06865
6.26,30,9.111017
6.28,30,9.11597
6.3,30,9.172473
6.32,30,9.12712
6.34,30,9.191602
6.36,30,9.158722
6.38,30,9.202048
6.4,30,9.198687
6.42,30,9.200346
6.44,30,9.199677
6.46,30,9.207967
6.48,30,9.19388
6.5,30,9.197138
6.52,30,9.202271
6.54,30,9.20151
6.56,30,9.188647
6.58,30,9.206225
6.6,30,9.22534
6.62,30,9.188622
6.64,30,9.208173
6.66,30,9.19748
6.68,30,9.177163
6.7,30,9.194608
6.72,30,9.195811
6.74,30,9.213683
6.76,30,9.184471
6.78,30,9.186703
6.8,30,9.181303
6.82,30,9.182162
6.84,30,9.175142
6.86,30,9.175452
6.88,30,9.172945
6.9,30,9.180664
6.92,30,9.150581
6.94,30,9.188783
6.96,30,9.119288
6.98,30,9.150984
7,30,9.112278
7.02,30,9.146948
7.04,30,9.151951
7.06,30,9.154412
7.08,30,9.126483
7.1,30,9.124687
7.12,30,9.130993
7.14,30,9.122843
7.16,30,9.109682
7.18,30,9.125812
7.2,30,9.147157
7.22,30,9.13319
7.24,30,9.153963
7.26,30,9.184261
7.28,30,9.207894
7.3,30,9.19738
7.32,30,9.21952
7.34,30,9.210609
7.36,30,9.162223
7.38,30,9.198125
7.4,30,9.203542
7.42,30,9.171387
7.44,30,9.165228
7.46,30,9.165404
7.48,30,9.180039
7.5,30,9.179506
7.52,30,9.171427
7.54,30,9.186377
7.56,30,9.165477
7.58,30,9.160913
7.6,30,9.167324
7.62,30,9.161518
7.64,30,9.15805
7.66,30,9.172151
7.68,30,9.163222
7.7,30,9.198735
7.72,30,9.178292
7.74,30,9.193407
7.76,30,9.197215
7.78,30,9.165137
7.8,30,9.178558
7.82,30,9.184469
7.84,30,9.190714
7.86,30,9.182517
7.88,30,9.164175
7.9,30,9.163164
7.92,30,9.167282
7.94,30,9.168318
7.96,30,9.154701
7.98,30,9.184468
8,30,9.154654
8.02,20,9.212939
8.04,20,9.071259
8.06,20,8.777785
8.08,20,8.29049
8.1,20,7.363009
8.12,20,7.190144
8.14,20,6.778539
8.16,20,6.137225
8.18,20,6.344459
8.2,20,6.310732
8.22,20,6.293534
8.24,20,6.319593
8.26,20,6.311002
8.28,20,6.361382
8.3,20,6.357864
8.32,20,6.355824
8.34,20,6.393185
8.36,20,6.435543
8.38,20,6.41757
8.4,20,6.457719
8.42,20,6.471671
8.44,20,6.479066
8.46,20,6.478729
8.48,20,6.492751
8.5,20,6.491753
8.52,20,6.522028
8.54,20,6.508919
8.56,20,6.503327
8.58,20,6.50951
8.6,20,6.500932
8.62,20,6.489443
8.64,20,6.491728
8.66,20,6.492598
8.68,20,6.485882
8.7,20,6.447307
8.72,20,6.475889
8.74,20,6.460644
8.76,20,6.489632
8.78,20,6.490998
8.8,20,6.50114
8.82,20,6.511181
8.84,20,6.530983
8.86,20,6.543974
8.88,20,6.533223
8.9,20,6.529859
8.92,20,6.527834
8.94,20,6.535622
8.96,20,6.53278
8.98,20,6.541671
9,20,6.566382
9.02,20,6.528515
9.04,20,6.535719
9.06,20,6.536984
9.08,20,6.515532
9.1,20,6.524791
9.12,20,6.546927
9.14,20,6.551564
9.16,20,6.5294
9.18,20,6.538598
9.2,20,6.543189
9.22,20,6.546989
9.24,20,6.539215
9.26,20,6.56554
9.28,20,6.558095
9.3,20,6.555647
9.32,20,6.512841
9.34,20,6.560666
9.36,20,6.517263
9.38,20,6.541955
9.4,20,6.516349
9.42,20,6.509866
9.44,20,6.530424
9.46,20,6.522065
9.48,20,6.523059
9.5,20,6.511813
9.52,20,6.527641
9.54,20,6.530851
9.56,20,6.527392
9.58,20,6.516331
9.6,20,6.533413
9.62,20,6.507322
9.64,20,6.526531
9.66,20,6.499079
9.68,20,6.515814
9.7,20,6.498276
9.72,20,6.542458
9.74,20,6.532155
9.76,20,6.541524
9.78,20,6.557702
9.8,20,6.559799
9.82,20,6.534053
9.84,20,6.527641
9.86,20,6.548255
9.88,20,6.542058
9.9,20,6.529434
9.92,20,6.542905
9.94,20,6.515464
9.96,20,6.523326
9.98,20,6.479385
10,20,6.49959
10.02,10,6.502672
10.04,10,6.479767
10.06,10,6.3772
10.08,10,5.701737
10.1,10,4.750743
10.12,10,4.297393
10.14,10,3.801476
10.16,10,3.219703
10.18,10,3.225368
10.2,10,3.064714
10.22,10,3.081891
10.24,10,3.01704
10.26,10,3.08243
10.28,10,3.078226
10.3,10,2.98679
10.32,10,3.05971
10.34,10,3.065108
10.36,10,3.051298
10.38,10,3.096376
10.4,10,3.076276
10.42,10,3.058535
10.44,10,3.081762
10.46,10,3.058575
10.48,10,3.095052
10.5,10,3.108071
10.52,10,3.087159
10.54,10,3.087921
10.56,10,3.114236
10.58,10,3.116254
10.6,10,3.126399
10.62,10,3.120669
10.64,10,3.127419
10.66,10,3.113364
10.68,10,3.135104
10.7,10,3.124275
10.72,10,3.149288
10.74,10,3.119828
10.76,10,3.144252
10.78,10,3.132122
10.8,10,3.129979
10.82,10,3.141999
10.84,10,3.167925
10.86,10,3.137896
10.88,10,3.124392
10.9,10,3.122485
10.92,10,3.118632
10.94,10,3.124048
10.96,10,3.13686
10.98,10,3.133762
11,10,3.135447
11.02,10,3.164074
11.04,10,3.188509
11.06,10,3.170367
11.08,10,3.200653
11.1,10,3.197626
11.12,10,3.195294
11.14,10,3.17491
11.16,10,3.18898
11.18,10,3.191926
11.2,10,3.18609
11.22,10,3.192613
11.24,10,3.191326
11.26,10,3.188267
11.28,10,3.199032
11.3,10,3.186809
11.32,10,3.192138
11.34,10,3.185714
11.36,10,3.08147
11.38,10,3.147594
11.4,10,3.11236
11.42,10,3.16604
11.44,10,3.095903
11.46,10,3.117173
11.48,10,3.143854
11.5,10,3.134313
11.52,10,3.137322
11.54,10,3.150937
11.56,10,3.141197
11.58,10,3.15994
11.6,10,3.163411
11.62,10,3.184322
11.64,10,3.187407
11.66,10,3.183188
11.68,10,3.201149
11.7,10,3.207546
11.72,10,3.182507
11.74,10,3.191251
11.76,10,3.21928
11.78,10,3.188905
11.8,10,3.21391
11.82,10,3.212875
11.84,10,3.201719
11.86,10,3.19307
11.88,10,3.19078
11.9,10,3.188143
11.92,10,3.170975
11.94,10,3.180028
11.96,10,3.179302
11.98,10,3.176612
12,10,3.181556
12.02,0,3.178695
12.04,0,3.170366
12.06,0,3.03535
12.08,0,2.743704
12.1,0,1.916703
12.12,0,1.010688
12.14,0,1.001677
12.16,0,0.4528702
12.18,0,0.06289807
12.2,0,0.4560174
12.22,0,0.2852555
12.24,0,0.2041257
12.26,0,0.09178948
12.28,0,0.1171006
12.3,0,0.1064644
12.32,0,0.1004274
12.34,0,0.1401093
12.36,0,0.07905398
12.38,0,0.1073046
12.4,0,0.07585569
12.42,0,0.05521568
12.44,0,0.05797249
12.46,0,0.03933909
12.48,0,0.0164721
12.5,0,0.03313386
12.52,0,0.01224631
12.54,0,0.01487072
12.56,0,0.02156033
12.58,0,0.03249716
12.6,0,0.02899703
12.62,0,0.03901628
12.64,0,0.01050005
12.66,0,0.01676197
12.68,0,0.02090039
12.7,0,0.02528924
12.72,0,0.009916365
12.74,0,0.003732398
12.76,0,0.01395155
12.78,0,0.007476266
12.8,0,0.003465816
12.82,0,0.00460659
12.84,0,0.0006254464
12.86,0,0.01147239
12.88,0,0.01586235
12.9,0,0.01857781
12.92,0,-0.01614593
12.94,0,0.01253514
12.96,0,0.01917817
12.98,0,-0.001320824
13,0,-0.01192543
13.02,0,0.001698203
13.04,0,-0.01019935
13.06,0,-0.008402146
13.08,0,0.006436445
13.1,0,0.009470992
13.12,0,0.00284759
13.14,0,0.01138755
13.16,0,0.01831101
13.18,0,0.02335579
13.2,0,0.02093678
13.22,0,0.02680102
13.24,0,0.0082394
13.26,0,-0.0003559813
13.28,0,0.03716505
13.3,0,0.04868995
13.32,0,0.0341675
13.34,0,0.04939208
13.36,0,0.0579301
13.38,0,0.03275201
13.4,0,0.03348706
13.42,0,0.03580714
13.44,0,0.02934832
13.46,0,0.01664058
13.48,0,0.009918414
13.5,0,-0.0007051416
13.52,0,-0.0007083416
13.54,0,-0.005842499
13.56,0,-0.008045442
13.58,0,-0.008741371
13.6,0,-0.008991882
13.62,0,-0.00629475
13.64,0,0.004417561
13.66,0,0.02065863
13.68,0,0.04413871
13.7,0,0.02875395
13.72,0,0.03144211
13.74,0,0.02534641
13.76,0,0.02242145
13.78,0,0.02315209
13.8,0,0.02399626
13.82,0,0.01737738
13.84,0,0.02220256
13.86,0,0.01630719
13.88,0,0.01058144
13.9,0,0.01340411
13.92,0,0.02078454
13.94,0,0.01611303
13.96,0,0.02243242
13.98,0,0.02151751
14,0,0.0303219
14.02,-10,-0.006703425
14.04,-10,0.01659754
14.06,-10,-0.02865681
14.08,-10,-0.8686708
14.1,-10,-2.045434
14.12,-10,-2.143776
14.14,-10,-2.931176
14.16,-10,-3.207073
14.18,-10,-3.198336
14.2,-10,-3.437099
14.22,-10,-3.244011
14.24,-10,-3.451263
14.26,-10,-3.359632
14.28,-10,-3.407872
14.3,-10,-3.415623
14.32,-10,-3.437257
14.34,-10,-3.423061
14.36,-10,-3.451515
14.38,-10,-3.454767
14.4,-10,-3.437571
14.42,-10,-3.459661
14.44,-10,-3.460617
14.46,-10,-3.462088
14.48,-10,-3.446699
14.5,-10,-3.465987
14.52,-10,-3.456836
14.54,-10,-3.456673
14.56,-10,-3.452664
14.58,-10,-3.460223
14.6,-10,-3.45283
14.62,-10,-3.459963
14.64,-10,-3.461919
14.66,-10,-3.467214
14.68,-10,-3.444211
14.7,-10,-3.446598
14.72,-10,-3.444088
14.74,-10,-3.422228
14.76,-10,-3.448639
14.78,-10,-3.443293
14.8,-10,-3.440489
14.82,-10,-3.441209
14.84,-10,-3.470724
14.86,-10,-3.474415
14.88,-10,-3.468484
14.9,-10,-3.486223
14.92,-10,-3.483033
14.94,-10,-3.470925
14.96,-10,-3.461345
14.98,-10,-3.474686
15,-10,-3.457932
15.02,-10,-3.458676
15.04,-10,-3.473196
15.06,-10,-3.476401
15.08,-10,-3.487337
15.1,-10,-3.486045
15.12,-10,-3.494189
15.14,-10,-3.484547
15.16,-10,-3.48525
15.18,-10,-3.493588
15.2,-10,-3.466269
15.22,-10,-3.465127
15.24,-10,-3.479844
15.26,-10,-3.484557
15.28,-10,-3.476189
15.3,-10,-3.46766
15.32,-10,-3.472156
15.34,-10,-3.443073
15.36,-10,-3.449347
15.38,-10,-3.417596
15.4,-10,-3.471613
15.42,-10,-3.451261
15.44,-10,-3.478395
15.46,-10,-3.45019
15.48,-10,-3.430261
15.5,-10,-3.446236
15.52,-10,-3.459558
15.54,-10,-3.44226
15.56,-10,-3.451681
15.58,-10,-3.44609
15.6,-10,-3.460361
15.62,-10,-3.455936
15.64,-10,-3.455765
15.66,-10,-3.447717
15.68,-10,-3.446147
15.7,-10,-3.443393
15.72,-10,-3.455564
15.74,-10,-3.439917
15.76,-10,-3.444596
15.78,-10,-3.462079
15.8,-10,-3.425088
15.82,-10,-3.435865
15.84,-10,-3.441816
15.86,-10,-3.45801
15.88,-10,-3.444023
15.9,-10,-3.456784
15.92,-10,-3.480092
15.94,-10,-3.461332
15.96,-10,-3.447846
15.98,-10,-3.460577
16,-10,-3.463662
16.02,-20,-3.462065
16.04,-20,-3.464584
16.06,-20,-3.43072
16.08,-20,-3.922534
16.1,-20,-4.896724
16.12,-20,-5.147269
16.14,-20,-5.720512
16.16,-20,-6.358785
16.18,-20,-6.509015
16.2,-20,-6.662309
16.22,-20,-6.683849
16.24,-20,-6.740845
16.26,-20,-6.830764
16.28,-20,-6.763804
16.3,-20,-6.784348
16.32,-20,-6.766055
16.34,-20,-6.788131
16.36,-20,-6.757641
16.38,-20,-6.776209
16.4,-20,-6.778325
16.42,-20,-6.779684
16.44,-20,-6.800914
16.46,-20,-6.827435
16.48,-20,-6.801155
16.5,-20,-6.804248
16.52,-20,-6.817794
16.54,-20,-6.802845
16.56,-20,-6.807199
16.58,-20,-6.792579
16.6,-20,-6.793222
16.62,-20,-6.785341
16.64,-20,-6.786189
16.66,-20,-6.780493
16.68,-20,-6.776374
16.7,-20,-6.774096
16.72,-20,-6.775892
16.74,-20,-6.765811
16.76,-20,-6.780575
16.78,-20,-6.76622
16.8,-20,-6.795156
16.82,-20,-6.781117
16.84,-20,-6.778907
16.86,-20,-6.787579
16.88,-20,-6.797206
16.9,-20,-6.796055
16.92,-20,-6.810453
16.94,-20,-6.809032
16.96,-20,-6.793459
16.98,-20,-6.783815
17,-20,-6.8004
17.02,-20,-6.791935
17.04,-20,-6.787191
17.06,-20,-6.80899
17.08,-20,-6.810523
17.1,-20,-6.80443
17.12,-20,-6.81251
17.14,-20,-6.792902
17.16,-20,-6.806106
17.18,-20,-6.795493
17.2,-20,-6.81838
17.22,-20,-6.804776
17.24,-20,-6.803033
17.26,-20,-6.805579
17.28,-20,-6.784954
17.3,-20,-6.774779
17.32,-20,-6.775439
17.34,-20,-6.778068
17.36,-20,-6.773529
17.38,-20,-6.779075
17.4,-20,-6.789708
17.42,-20,-6.767846
17.44,-20,-6.763381
17.46,-20,-6.719878
17.48,-20,-6.755421
17.5,-20,-6.730092
17.52,-20,-6.738406
17.54,-20,-6.763828
17.56,-20,-6.741499
17.58,-20,-6.728537
17.6,-20,-6.767672
17.62,-20,-6.779494
17.64,-20,-6.775822
17.66,-20,-6.772758
17.68,-20,-6.787246
17.7,-20,-6.785997
17.72,-20,-6.794474
17.74,-20,-6.789027
17.76,-20,-6.822172
17.78,-20,-6.79199
17.8,-20,-6.786744
17.82,-20,-6.756377
17.84,-20,-6.76757
17.86,-20,-6.789076
17.88,-20,-6.772098
17.9,-20,-6.777375
17.92,-20,-6.774415
17.94,-20,-6.780041
17.96,-20,-6.763867
17.98,-20,-6.76124
18,-20,-6.774741
18.02,-30,-6.76765
18.04,-30,-6.790543
18.06,-30,-6.935068
18.08,-30,-7.803794
18.1,-30,-8.612579
18.12,-30,-8.930395
18.14,-30,-9.509413
18.16,-30,-9.56804
18.18,-30,-9.65455
18.2,-30,-10.09313
18.22,-30,-10.12452
18.24,-30,-10.25505
18.26,-30,-10.21739
18.28,-30,-10.30053
18.3,-30,-10.28123
18.32,-30,-10.35703
18.34,-30,-10.29218
18.36,-30,-10.3029
18.38,-30,-10.31159
18.4,-30,-10.32723
18.42,-30,-10.29979
18.44,-30,-10.33386
18.46,-30,-10.32009
18.48,-30,-10.32169
18.5,-30,-10.2954
18.52,-30,-10.31351
18.54,-30,-10.31636
18.56,-30,-10.31985
18.58,-30,-10.30622
18.6,-30,-10.33154
18.62,-30,-10.31927
18.64,-30,-10.30997
18.66,-30,-10.29924
18.68,-30,-10.29032
18.7,-30,-10.30067
18.72,-30,-10.30358
18.74,-30,-10.30138
18.76,-30,-10.29448
18.78,-30,-10.3145
18.8,-30,-10.29164
18.82,-30,-10.31182
18.84,-30,-10.31762
18.86,-30,-10.31316
18.88,-30,-10.31853
18.9,-30,-10.3385
18.92,-30,-10.3403
18.94,-30,-10.32258
18.96,-30,-10.3297
18.98,-30,-10.32239
19,-30,-10.30501
19.02,-30,-10.30169
19.04,-30,-10.29858
19.06,-30,-10.27729
19.08,-30,-10.27177
19.1,-30,-10.27517
19.12,-30,-10.28191
19.14,-30,-10.27367
19.16,-30,-10.30507
19.18,-30,-10.2782
19.2,-30,-10.29118
19.22,-30,-10.31426
19.24,-30,-10.30974
19.26,-30,-10.33123
19.28,-30,-10.32567
19.3,-30,-10.31629
19.32,-30,-10.32224
19.34,-30,-10.31603
19.36,-30,-10.30145
19.38,-30,-10.30265
19.4,-30,-10.29756
19.42,-30,-10.291
19.44,-30,-10.28859
19.46,-30,-10.27759
19.48,-30,-10.3089
19.5,-30,-10.31802
19.52,-30,-10.27978
19.54,-30,-10.32604
19.56,-30,-10.30069
19.58,-30,-10.27581
19.6,-30,-10.28165
19.62,-30,-10.27164
19.64,-30,-10.25929
19.66,-30,-10.26204
19.68,-30,-10.2712
19.7,-30,-10.27336
19.72,-30,-10.26282
19.74,-30,-10.26608
19.76,-30,-10.27734
19.78,-30,-10.26578
19.8,-30,-10.26889
19.82,-30,-10.36008
19.84,-30,-10.2855
19.86,-30,-10.30087
19.88,-30,-10.27454
19.9,-30,-10.33696
19.92,-30,-10.30195
19.94,-30,-10.2896
19.96,-30,-10.32489
19.98,-30,-10.32875
20,-30,-10.29684
20.02,-20,-10.31681
20.04,-20,-10.3161
20.06,-20,-10.29187
20.08,-20,-9.606261
20.1,-20,-8.924319
20.12,-20,-8.479531
20.14,-20,-7.575496
20.16,-20,-7.168895
20.18,-20,-6.783465
20.2,-20,-6.968619
20.22,-20,-6.79594
20.24,-20,-6.861907
20.26,-20,-6.774787
20.28,-20,-6.836069
20.3,-20,-6.835507
20.32,-20,-6.852427
20.34,-20,-6.893983
20.36,-20,-6.926992
20.38,-20,-6.906419
20.4,-20,-6.917243
20.42,-20,-6.968259
20.44,-20,-6.987633
20.46,-20,-6.982676
20.48,-20,-6.968925
20.5,-20,-7.006441
20.52,-20,-6.984613
20.54,-20,-6.987975
20.56,-20,-7.002977
20.58,-20,-7.00774
20.6,-20,-7.006873
20.62,-20,-7.012092
20.64,-20,-7.001688
20.66,-20,-7.013494
20.68,-20,-7.011168
20.7,-20,-7.015661
20.72,-20,-7.020555
20.74,-20,-7.031554
20.76,-20,-7.046875
20.78,-20,-7.040305
20.8,-20,-6.97149
20.82,-20,-7.012632
20.84,-20,-6.984144
20.86,-20,-6.991758
20.88,-20,-7.01493
20.9,-20,-7.007195
20.92,-20,-7.011857
20.94,-20,-7.031933
20.96,-20,-7.050893
20.98,-20,-7.036745
21,-20,-7.026113
21.02,-20,-7.040132
21.04,-20,-7.044075
21.06,-20,-7.028847
21.08,-20,-7.048581
21.1,-20,-7.044707
21.12,-20,-7.025118
21.14,-20,-7.021197
21.16,-20,-7.064247
21.18,-20,-7.055368
21.2,-20,-7.034118
21.22,-20,-7.040438
21.24,-20,-7.077454
21.26,-20,-7.07128
21.28,-20,-7.056111
21.3,-20,-7.066166
21.32,-20,-7.071339
21.34,-20,-7.0698
21.36,-20,-7.06363
21.38,-20,-7.059581
21.4,-20,-7.052499
21.42,-20,-7.063373
21.44,-20,-7.063762
21.46,-20,-7.081267
21.48,-20,-7.062721
21.5,-20,-7.013857
21.52,-20,-7.013137
21.54,-20,-7.023217
21.56,-20,-7.019006
21.58,-20,-7.08712
21.6,-20,-7.062272
21.62,-20,-7.052598
21.64,-20,-7.085185
21.66,-20,-7.114239
21.68,-20,-7.08685
21.7,-20,-7.080107
21.72,-20,-7.097912
21.74,-20,-7.079188
21.76,-20,-7.066682
21.78,-20,-7.06437
21.8,-20,-7.057055
21.82,-20,-7.058111
21.84,-20,-7.032711
21.86,-20,-7.05195
21.88,-20,-7.043725
21.9,-20,-7.046282
21.92,-20,-7.082599
21.94,-20,-7.069936
21.96,-20,-7.068105
21.98,-20,-7.07104
22,-20,-7.081816
22.02,-10,-7.089667
22.04,-10,-7.095313
22.06,-10,-6.994428
22.08,-10,-6.785681
22.1,-10,-5.620363
22.12,-10,-5.185955
22.14,-10,-4.813449
22.16,-10,-4.355633
22.18,-10,-4.030877
22.2,-10,-3.786261
22.22,-10,-3.731336
22.24,-10,-3.615023
22.26,-10,-3.729543
22.28,-10,-3.66778
22.3,-10,-3.739947
22.32,-10,-3.711831
22.34,-10,-3.751352
22.36,-10,-3.729404
22.38,-10,-3.761439
22.4,-10,-3.749448
22.42,-10,-3.755228
22.44,-10,-3.731401
22.46,-10,-3.759889
22.48,-10,-3.741352
22.5,-10,-3.744125
22.52,-10,-3.750022
22.54,-10,-3.774095
22.56,-10,-3.762639
22.58,-10,-3.765229
22.6,-10,-3.790209
22.62,-10,-3.796282
22.64,-10,-3.790927
22.66,-10,-3.803967
22.68,-10,-3.793262
22.7,-10,-3.76941
22.72,-10,-3.761627
22.74,-10,-3.763152
22.76,-10,-3.763724
22.78,-10,-3.788163
22.8,-10,-3.784896
22.82,-10,-3.773577
22.84,-10,-3.773566
22.86,-10,-3.762282
22.88,-10,-3.764678
22.9,-10,-3.767066
22.92,-10,-3.769564
22.94,-10,-3.745891
22.96,-10,-3.742029
22.98,-10,-3.754072
23,-10,-3.772992
23.02,-10,-3.766396
23.04,-10,-3.764736
23.06,-10,-3.769889
23.08,-10,-3.76582
23.1,-10,-3.759626
23.12,-10,-3.775884
23.14,-10,-3.78856
23.16,-10,-3.809382
23.18,-10,-3.803659
23.2,-10,-3.816351
23.22,-10,-3.80806
23.24,-10,-3.821999
23.26,-10,-3.799595
23.28,-10,-3.786391
23.3,-10,-3.775572
23.32,-10,-3.773937
23.34,-10,-3.781259
23.36,-10,-3.7833
23.38,-10,-3.792681
23.4,-10,-3.807412
23.42,-10,-3.809418
23.44,-10,-3.792933
23.46,-10,-3.795558
23.48,-10,-3.796182
23.5,-10,-3.787219
23.52,-10,-3.805601
23.54,-10,-3.762741
23.56,-10,-3.77356
23.58,-10,-3.756187
23.6,-10,-3.77172
23.62,-10,-3.776466
23.64,-10,-3.750807
23.66,-10,-3.78472
23.68,-10,-3.806286
23.7,-10,-3.793475
23.72,-10,-3.790946
23.74,-10,-3.790103
23.76,-10,-3.793778
23.78,-10,-3.783802
23.8,-10,-3.79882
23.82,-10,-3.78459
23.84,-10,-3.790262
23.86,-10,-3.773036
23.88,-10,-3.799983
23.9,-10,-3.764379
23.92,-10,-3.754441
23.94,-10,-3.779618
23.96,-10,-3.774359
23.98,-10,-3.753011
24,-10,-3.7599
24.02,0,-3.768203
24.04,0,-3.797338
24.06,0,-3.833103
24.08,0,-2.795176
24.1,0,-2.092556
24.12,0,-1.713817
24.14,0,-0.953871
24.16,0,-0.5093985
24.18,0,-0.4090401
24.2,0,-0.4304993
24.22,0,-0.3143238
24.24,0,-0.2943957
24.26,0,-0.2498368
24.28,0,-0.2333982
24.3,0,-0.2447116
24.32,0,-0.2581951
24.34,0,-0.29748
24.36,0,-0.3220075
24.38,0,-0.2800803
24.4,0,-0.3172134
24.42,0,-0.3553139
24.44,0,-0.3376768
24.46,0,-0.3450917
24.48,0,-0.3583348
24.5,0,-0.3371165
24.52,0,-0.3417105
24.54,0,-0.3526589
24.56,0,-0.3589709
24.58,0,-0.3362183
24.6,0,-0.3416839
24.62,0,-0.3553401
24.64,0,-0.3319362
24.66,0,-0.3235235
24.68,0,-0.3533768
24.7,0,-0.3439274
24.72,0,-0.3328672
24.74,0,-0.3525971
24.76,0,-0.3444661
24.78,0,-0.3374048
24.8,0,-0.3640463
24.82,0,-0.3622559
24.84,0,-0.3710793
24.86,0,-0.360126
24.88,0,-0.3858585
24.9,0,-0.3958218
24.92,0,-0.3799768
24.94,0,-0.3718684
24.96,0,-0.3751508
24.98,0,-0.3753521
25,0,-0.3797201
25.02,0,-0.3809597
25.04,0,-0.3533955
25.06,0,-0.3380861
25.08,0,-0.349559
25.1,0,-0.3644714
25.12,0,-0.3724557
25.14,0,-0.3823729
25.16,0,-0.3787841
25.18,0,-0.373243
25.2,0,-0.3901624
25.22,0,-0.3957937
25.24,0,-0.390267
25.26,0,-0.4016039
25.28,0,-0.3984459
25.3,0,-0.3871784
25.32,0,-0.373401
25.34,0,-0.3684195
25.36,0,-0.3738697
25.38,0,-0.3620442
25.4,0,-0.36081
25.42,0,-0.3738379
25.44,0,-0.3730654
25.46,0,-0.3889692
25.48,0,-0.3983215
25.5,0,-0.3852377
25.52,0,-0.388715
25.54,0,-0.3702464
25.56,0,-0.3661404
25.58,0,-0.360099
25.6,0,-0.3508543
25.62,0,-0.3555502
25.64,0,-0.363221
25.66,0,-0.356642
25.68,0,-0.3434752
25.7,0,-0.3389665
25.72,0,-0.3418782
25.74,0,-0.3408835
25.76,0,-0.3445038
25.78,0,-0.3373173
25.8,0,-0.3501499
25.82,0,-0.3660102
25.84,0,-0.3587182
25.86,0,-0.351673
25.88,0,-0.3592117
25.9,0,-0.3414479
25.92,0,-0.3413778
25.94,0,-0.3462706
25.96,0,-0.34228
25.98,0,-0.3337079
26,0,-0.3396899
26.02,0,-0.3396899
