Tiempo,ControlPWM,Plataforma,Posicion,Error
0,1472,-0.03452938,-42.96837,0
0.02,1472,-0.0666557,-42.96837,0
0.04,1472,-0.1001639,-42.96837,0
0.06,1472,-0.1272892,-42.96837,0
0.08,1472,-0.1570882,-43.03585,0
0.1,1472,-0.1833985,-42.96837,0
0.12,1472,-0.2051161,-42.96837,0
0.14,1472,-0.228549,-42.96837,0
0.16,1472,-0.2450442,-42.96837,0
0.18,1472,-0.2745924,-43.03585,0
0.2,1472,-0.2878396,-42.96837,0
0.22,1472,-0.3037612,-43.03585,0
0.24,1472,-0.3208819,-42.96837,0
0.26,1472,-0.3447619,-42.96837,0
0.28,1472,-0.3614152,-42.49601,0
0.3,1472,-0.3731896,-42.90089,0
0.32,1472,-0.3908376,-42.96837,0
0.34,1472,-0.3997256,-42.90089,0
0.36,1472,-0.4059993,-42.90089,0
0.38,1472,-0.4257945,-42.56349,0
0.4,1472,-0.4330987,-43.03585,0
0.42,1472,-0.4386101,-42.96837,0
0.44,1472,-0.4355345,-42.96837,0
0.46,1472,-0.4424349,-43.03585,0
0.48,1472,-0.442562,-42.96837,0
0.5,1472,-0.436956,-42.96837,0
0.52,1472,-0.4306598,-42.96837,0
0.54,1472,-0.4416896,-42.96837,0
0.56,1472,-0.4423143,-42.90089,0
0.58,1472,-0.4449913,-42.96837,0
0.6,1472,-0.4529995,-42.96837,0
0.62,1472,-0.4639248,-43.03585,0
0.64,1472,-0.4586792,-42.96837,0
0.66,1472,-0.4601978,-42.96837,0
0.68,1472,-0.4624441,-42.96837,0
0.7,1472,-0.4694457,-42.96837,0
0.72,1472,-0.4796819,-42.96837,0
0.74,1472,-0.4844537,-42.90089,0
0.76,1472,-0.4908203,-42.96837,0
0.78,1472,-0.4967488,-42.96837,0
0.8,1472,-0.5023438,-42.96837,0
0.82,1472,-0.5027662,-42.96837,0
0.84,1472,-0.5060246,-42.96837,0
0.86,1472,-0.504845,-42.56349,0
0.88,1472,-0.5019125,-42.96837,0
0.9,1472,-0.4982487,-43.03585,0
0.92,1472,-0.4925407,-43.37325,0
0.94,1472,-0.4865802,-42.96837,0
0.96,1472,-0.4844766,-43.37325,0
0.98,1472,-0.4902094,-42.90089,0
1,1472,-0.4958922,-42.90089,0
1.02,1472,-0.5014961,-42.90089,0
1.04,1472,-0.5057184,-42.96837,0
1.06,1472,-0.5034765,-42.96837,0
1.08,1472,-0.5091395,-42.96837,0
1.1,1472,-0.5044625,-42.96837,0
1.12,1472,-0.5080238,-42.96837,0
1.14,1472,-0.5076398,-42.96837,0
1.16,1472,-0.4997751,-43.03585,0
1.18,1472,-0.5082823,-42.96837,0
1.2,1472,-0.5095639,-42.96837,0
1.22,1472,-0.5060977,-42.90089,0
1.24,1472,-0.5025501,-43.03585,0
1.26,1472,-0.5123918,-42.96837,0
1.28,1472,-0.5084748,-42.96837,0
1.3,1472,-0.5043406,-42.96837,0
1.32,1472,-0.5043095,-43.03585,0
1.34,1472,-0.5067991,-42.96837,0
1.36,1472,-0.517744,-42.90089,0
1.38,1472,-0.5145691,-43.03585,0
1.4,1472,-0.5045789,-43.03585,0
1.42,1472,-0.4966643,-42.96837,0
1.44,1472,-0.4939675,-43.37325,0
1.46,1472,-0.4990925,-43.30577,0
1.48,1472,-0.4983717,-42.96837,0
1.5,1472,-0.4947519,-42.96837,0
1.52,1472,-0.4913898,-42.96837,0
1.54,1472,-0.4969957,-42.90089,0
1.56,1472,-0.4933332,-43.30577,0
1.58,1472,-0.4938937,-42.90089,0
1.6,1472,-0.5018216,-42.90089,0
1.62,1472,-0.5052611,-43.30577,0
1.64,1472,-0.5029727,-43.37325,0
1.66,1472,-0.4982358,-42.96837,0
1.68,1472,-0.4928019,-43.44073,0
1.7,1472,-0.4930571,-42.96837,0
1.72,1472,-0.4949141,-42.96837,0
1.74,1472,-0.493201,-43.37325,0
1.76,1472,-0.504059,-42.96837,0
1.78,1472,-0.5034532,-43.03585,0
1.8,1472,-0.5023518,-42.96837,0
1.82,1472,-0.5011759,-42.90089,0
1.84,1472,-0.5002918,-42.90089,0
1.86,1472,-0.5003977,-42.96837,0
1.88,1472,-0.4940289,-42.49601,0
1.9,1472,-0.5003451,-42.96837,0
1.92,1472,-0.4981741,-42.96837,0
1.94,1472,-0.4972511,-42.90089,0
1.96,1472,-0.4901878,-42.90089,0
1.98,1472,-0.4903702,-42.96837,0
2,1172,-0.4916979,-42.96837,0
2.02,1172,-0.4993059,-42.96837,0
2.04,1172,-0.6178033,-42.96837,0
2.06,1172,-1.256644,-43.50821,0
2.08,1172,-2.516119,-43.98057,0
2.1,1172,-4.112208,-43.17081,0
2.12,1172,-5.832338,-43.71065,0
2.14,1172,-7.335377,-43.30577,0
2.16,1172,-8.683372,-43.50821,0
2.18,1172,-9.890703,-43.91309,0
2.2,1172,-10.44079,-43.57569,0
2.22,1172,-10.63456,-43.91309,0
2.24,1172,-10.69746,-43.10333,0
2.26,1172,-10.65469,-43.50821,0
2.28,1172,-10.66175,-43.44073,0
2.3,1172,-10.66449,-43.17081,0
2.32,1172,-10.65756,-42.69845,0
2.34,1172,-10.69013,-43.50821,0
2.36,1172,-10.67772,-43.50821,0
2.38,1172,-10.67248,-43.03585,0
2.4,1172,-10.61864,-43.10333,0
2.42,1172,-10.58451,-43.50821,0
2.44,1172,-10.56286,-42.63097,0
2.46,1172,-10.51661,-42.69845,0
2.48,1172,-10.49519,-43.10333,0
2.5,1172,-10.46988,-43.10333,0
2.52,1172,-10.44549,-43.03585,0
2.54,1172,-10.42315,-42.76593,0
2.56,1172,-10.40402,-43.10333,0
2.58,1172,-10.3868,-43.50821,0
2.6,1172,-10.36669,-42.69845,0
2.62,1172,-10.3573,-43.50821,0
2.64,1172,-10.33864,-43.10333,0
2.66,1172,-10.32798,-42.69845,0
2.68,1172,-10.30525,-43.10333,0
2.7,1172,-10.29703,-43.10333,0
2.72,1172,-10.29096,-43.03585,0
2.74,1172,-10.27286,-43.10333,0
2.76,1172,-10.25866,-43.03585,0
2.78,1172,-10.2492,-43.10333,0
2.8,1172,-10.23924,-43.10333,0
2.82,1172,-10.23011,-43.10333,0
2.84,1172,-10.21665,-43.10333,0
2.86,1172,-10.21179,-43.03585,0
2.88,1172,-10.21115,-43.10333,0
2.9,1172,-10.19997,-43.10333,0
2.92,1172,-10.19983,-43.50821,0
2.94,1172,-10.19865,-43.03585,0
2.96,1172,-10.19355,-43.10333,0
2.98,1172,-10.1901,-43.10333,0
3,1172,-10.18255,-43.10333,0
3.02,1172,-10.17135,-43.10333,0
3.04,1172,-10.15681,-43.10333,0
3.06,1172,-10.15785,-43.10333,0
3.08,1172,-10.1535,-43.10333,0
3.1,1172,-10.15773,-43.10333,0
3.12,1172,-10.15434,-43.57569,0
3.14,1172,-10.14953,-43.03585,0
3.16,1172,-10.13906,-43.03585,0
3.18,1172,-10.13621,-43.17081,0
3.2,1172,-10.12942,-43.10333,0
3.22,1172,-10.13262,-43.50821,0
3.24,1172,-10.13977,-43.10333,0
3.26,1172,-10.13623,-43.03585,0
3.28,1172,-10.13925,-42.69845,0
3.3,1172,-10.12981,-43.03585,0
3.32,1172,-10.12422,-43.10333,0
3.34,1172,-10.11559,-43.57569,0
3.36,1172,-10.1129,-43.10333,0
3.38,1172,-10.11669,-43.10333,0
3.4,1172,-10.11395,-43.10333,0
3.42,1172,-10.12147,-43.03585,0
3.44,1172,-10.11818,-43.17081,0
3.46,1172,-10.11757,-43.03585,0
3.48,1172,-10.11605,-43.10333,0
3.5,1172,-10.11301,-43.64317,0
3.52,1172,-10.10538,-43.10333,0
3.54,1172,-10.11495,-43.10333,0
3.56,1172,-10.10769,-43.10333,0
3.58,1172,-10.10608,-43.17081,0
3.6,1172,-10.11568,-43.03585,0
3.62,1172,-10.10764,-43.03585,0
3.64,1172,-10.10512,-43.10333,0
3.66,1172,-10.107,-43.10333,0
3.68,1172,-10.10396,-43.17081,0
3.7,1172,-10.10158,-43.10333,0
3.72,1172,-10.10223,-43.10333,0
3.74,1172,-10.1001,-42.69845,0
3.76,1172,-10.10562,-43.10333,0
3.78,1172,-10.09615,-43.10333,0
3.8,1172,-10.09614,-42.69845,0
3.82,1172,-10.10428,-43.10333,0
3.84,1172,-10.1046,-43.03585,0
3.86,1172,-10.10671,-43.03585,0
3.88,1172,-10.10409,-43.03585,0
3.9,1172,-10.10162,-43.10333,0
3.92,1172,-10.10459,-43.10333,0
3.94,1172,-10.09631,-42.69845,0
3.96,1172,-10.10105,-42.63097,0
3.98,1172,-10.10898,-43.10333,0
4,1472,-10.10532,-43.17081,0
4.02,1472,-10.09981,-43.03585,0
4.04,1472,-10.12566,-43.50821,0
4.06,1472,-9.49699,-44.45293,0
4.08,1472,-8.244673,-43.50821,0
4.1,1472,-6.774296,-42.49601,0
4.12,1472,-4.984694,-42.09113,0
4.14,1472,-3.464936,-43.23829,0
4.16,1472,-1.94911,-43.50821,0
4.18,1472,-1.038678,-43.10333,0
4.2,1472,-0.6994792,-42.22609,0
4.22,1472,-0.4415369,-43.10333,0
4.24,1472,-0.3149535,-43.44073,0
4.26,1472,-0.2238989,-43.10333,0
4.28,1472,-0.286888,-43.10333,0
4.3,1472,-0.2336814,-43.57569,0
4.32,1472,-0.2898486,-43.84561,0
4.34,1472,-0.3252535,-43.10333,0
4.36,1472,-0.3889289,-43.10333,0
4.38,1472,-0.3755583,-43.03585,0
4.4,1472,-0.3911714,-43.03585,0
4.42,1472,-0.4306769,-43.50821,0
4.44,1472,-0.4678568,-43.10333,0
4.46,1472,-0.4935017,-43.77813,0
4.48,1472,-0.5304033,-43.10333,0
4.5,1472,-0.5620739,-43.57569,0
4.52,1472,-0.5928943,-43.50821,0
4.54,1472,-0.6113737,-43.37325,0
4.56,1472,-0.6318212,-43.37325,0
4.58,1472,-0.64482,-43.03585,0
4.6,1472,-0.6679728,-43.50821,0
4.62,1472,-0.6872349,-43.37325,0
4.64,1472,-0.6920627,-43.84561,0
4.66,1472,-0.7020261,-43.30577,0
4.68,1472,-0.7205965,-43.03585,0
4.7,1472,-0.7273134,-43.03585,0
4.72,1472,-0.7431973,-43.84561,0
4.74,1472,-0.7590844,-42.96837,0
4.76,1472,-0.7724155,-43.30577,0
4.78,1472,-0.7830558,-43.71065,0
4.8,1472,-0.7967312,-43.77813,0
4.82,1472,-0.8068632,-43.30577,0
4.84,1472,-0.8131421,-42.96837,0
4.86,1472,-0.8117167,-43.37325,0
4.88,1472,-0.8167616,-43.77813,0
4.9,1472,-0.8243756,-43.37325,0
4.92,1472,-0.8218479,-42.90089,0
4.94,1472,-0.825063,-43.50821,0
4.96,1472,-0.8320921,-43.77813,0
4.98,1472,-0.8409576,-43.37325,0
5,1472,-0.8482757,-43.37325,0
5.02,1472,-0.8533949,-42.63097,0
5.04,1472,-0.8530741,-43.37325,0
5.06,1472,-0.854021,-43.10333,0
5.08,1472,-0.8612986,-43.44073,0
5.1,1472,-0.8575579,-43.03585,0
5.12,1472,-0.8675068,-43.37325,0
5.14,1472,-0.8695604,-43.77813,0
5.16,1472,-0.8652896,-43.37325,0
5.18,1472,-0.8648304,-43.44073,0
5.2,1472,-0.8626148,-43.37325,0
5.22,1472,-0.8649737,-43.77813,0
5.24,1472,-0.8682849,-43.44073,0
5.26,1472,-0.875452,-43.37325,0
5.28,1472,-0.8777826,-43.84561,0
5.3,1472,-0.8801507,-43.10333,0
5.32,1472,-0.8721997,-43.37325,0
5.34,1472,-0.8729553,-43.37325,0
5.36,1472,-0.8800813,-43.50821,0
5.38,1472,-0.8724946,-43.77813,0
5.4,1472,-0.8726699,-43.50821,0
5.42,1472,-0.8758097,-43.77813,0
5.44,1472,-0.8745896,-43.84561,0
5.46,1472,-0.8776188,-43.77813,0
5.48,1472,-0.8679018,-43.77813,0
5.5,1472,-0.8663714,-43.37325,0
5.52,1472,-0.8780387,-43.84561,0
5.54,1472,-0.8801768,-43.37325,0
5.56,1472,-0.88303,-43.30577,0
5.58,1472,-0.8818994,-43.77813,0
5.6,1472,-0.8898444,-43.50821,0
5.62,1472,-0.8912034,-43.50821,0
5.64,1472,-0.901448,-43.50821,0
5.66,1472,-0.9045576,-43.50821,0
5.68,1472,-0.8914757,-43.77813,0
5.7,1472,-0.8909221,-42.63097,0
5.72,1472,-0.8805851,-43.37325,0
5.74,1472,-0.8778569,-43.77813,0
5.76,1472,-0.8805756,-42.63097,0
5.78,1472,-0.8778534,-43.50821,0
5.8,1472,-0.8884291,-43.03585,0
5.82,1472,-0.8912303,-43.03585,0
5.84,1472,-0.8936198,-43.03585,0
5.86,1472,-0.9021919,-43.37325,0
5.88,1472,-0.9043969,-43.44073,0
5.9,1472,-0.8988618,-43.44073,0
5.92,1472,-0.90655,-43.57569,0
5.94,1472,-0.9020367,-43.10333,0
5.96,1472,-0.8993394,-43.10333,0
5.98,1472,-0.8993955,-43.44073,0
6,1772,-0.8906308,-43.37325,0
6.02,1772,-0.8991915,-43.37325,0
6.04,1772,-0.7595386,-43.03585,0
6.06,1772,0.1920799,-43.71065,0
6.08,1772,1.506491,-42.29357,0
6.1,1772,2.937893,-27.92033,0
6.12,1772,4.467568,-25.82845,0
6.14,1772,5.906546,-27.04309,0
6.16,1772,7.1035,-27.51545,0
6.18,1772,8.130589,-27.58293,0
6.2,1772,8.444085,-27.51545,0
6.22,1772,8.552358,-27.58293,0
6.24,1772,8.577835,-27.58293,0
6.26,1772,8.658093,-28.05529,0
6.28,1772,8.638741,-27.98781,0
6.3,1772,8.681064,-28.05529,0
6.32,1772,8.651686,-27.98781,0
6.34,1772,8.695531,-27.92033,0
6.36,1772,8.658397,-27.98781,0
6.38,1772,8.65988,-27.98781,0
6.4,1772,8.633386,-27.98781,0
6.42,1772,8.60187,-28.05529,0
6.44,1772,8.571974,-27.92033,0
6.46,1772,8.549633,-28.05529,0
6.48,1772,8.52476,-28.05529,0
6.5,1772,8.486902,-27.92033,0
6.52,1772,8.465408,-27.98781,0
6.54,1772,8.451454,-28.46017,0
6.56,1772,8.431078,-27.98781,0
6.58,1772,8.408783,-28.05529,0
6.6,1772,8.398889,-28.05529,0
6.62,1772,8.383328,-28.39269,0
6.64,1772,8.370067,-27.98781,0
6.66,1772,8.356985,-28.05529,0
6.68,1772,8.334547,-27.98781,0
6.7,1772,8.319222,-28.05529,0
6.72,1772,8.312099,-28.39269,0
6.74,1772,8.298557,-27.98781,0
6.76,1772,8.296721,-28.32521,0
6.78,1772,8.297709,-27.92033,0
6.8,1772,8.284813,-28.32521,0
6.82,1772,8.283765,-27.92033,0
6.84,1772,8.283472,-27.98781,0
6.86,1772,8.278993,-27.98781,0
6.88,1772,8.379351,-41.34885,0
6.9,1772,8.374695,-27.92033,0
6.92,1772,8.417147,-27.92033,0
6.94,1772,8.388802,-27.98781,0
6.96,1772,8.37484,-27.92033,0
6.98,1772,8.373178,-28.05529,0
7,1772,8.3538,-28.05529,0
7.02,1772,8.356097,-27.92033,0
7.04,1772,8.350644,-41.41633,0
7.06,1772,8.351375,-28.39269,0
7.08,1772,8.336207,-27.98781,0
7.1,1772,8.336475,-27.98781,0
7.12,1772,8.334542,-27.98781,0
7.14,1772,8.318435,-27.98781,0
7.16,1772,8.309282,-27.98781,0
7.18,1772,8.290654,-27.98781,0
7.2,1772,8.28776,-27.98781,0
7.22,1772,8.297026,-27.98781,0
7.24,1772,8.299308,-28.05529,0
7.26,1772,8.302297,-41.41633,0
7.28,1772,8.295872,-27.98781,0
7.3,1772,8.29834,-27.98781,0
7.32,1772,8.295036,-27.98781,0
7.34,1772,8.297847,-27.98781,0
7.36,1772,8.301796,-27.98781,0
7.38,1772,8.299217,-28.05529,0
7.4,1772,8.291995,-27.92033,0
7.42,1772,8.293013,-27.98781,0
7.44,1772,8.285859,-41.41633,0
7.46,1772,8.277995,-27.98781,0
7.48,1772,8.280724,-41.41633,0
7.5,1772,8.27201,-27.98781,0
7.52,1772,8.276142,-27.98781,0
7.54,1772,8.283329,-27.98781,0
7.56,1772,8.28729,-27.98781,0
7.58,1772,8.278978,-27.98781,0
7.6,1772,8.276164,-27.98781,0
7.62,1772,8.287677,-27.98781,0
7.64,1772,8.279635,-27.98781,0
7.66,1772,8.268748,-27.98781,0
7.68,1772,8.269667,-28.05529,0
7.7,1772,8.281222,-27.98781,0
7.72,1772,8.282431,-27.98781,0
7.74,1772,8.284716,-27.98781,0
7.76,1772,8.281221,-28.39269,0
7.78,1772,8.277844,-41.41633,0
7.8,1772,8.280601,-27.98781,0
7.82,1772,8.283759,-27.98781,0
7.84,1772,8.283681,-27.92033,0
7.86,1772,8.286312,-41.48381,0
7.88,1772,8.287164,-27.98781,0
7.9,1772,8.286553,-27.98781,0
7.92,1772,8.295607,-27.98781,0
7.94,1772,8.292951,-27.98781,0
7.96,1772,8.283267,-28.05529,0
7.98,1772,8.290812,-28.05529,0
8,1472,8.283733,-28.05529,0
8.02,1472,8.308486,-27.92033,0
8.04,1472,7.96539,-27.58293,0
8.06,1472,6.929625,-27.17805,0
8.08,1472,5.517962,-27.44797,0
8.1,1472,4.154852,-25.42357,0
8.12,1472,2.627792,-27.92033,0
8.14,1472,1.346869,-42.63097,0
8.16,1472,0.1238446,-43.30577,0
8.18,1472,-0.5745143,-43.37325,0
8.2,1472,-0.7598714,-42.90089,0
8.22,1472,-0.8208374,-43.37325,0
8.24,1472,-0.8245801,-43.37325,0
8.26,1472,-0.8384997,-42.90089,0
8.28,1472,-0.9129788,-42.90089,0
8.3,1472,-0.9320754,-42.96837,0
8.32,1472,-0.9300577,-42.42853,0
8.34,1472,-0.9379368,-42.96837,0
8.36,1472,-0.8683467,-42.96837,0
8.38,1472,-0.8408281,-42.96837,0
8.4,1472,-0.8089521,-42.90089,0
8.42,1472,-0.7888471,-42.42853,0
8.44,1472,-0.7694303,-42.96837,0
8.46,1472,-0.7393848,-42.96837,0
8.48,1472,-0.7376565,-42.49601,0
8.5,1472,-0.7142163,-42.49601,0
8.52,1472,-0.6866501,-42.90089,0
8.54,1472,-0.669571,-42.96837,0
8.56,1472,-0.6468698,-42.96837,0
8.58,1472,-0.6400716,-42.96837,0
8.6,1472,-0.6244253,-42.96837,0
8.62,1472,-0.622815,-42.96837,0
8.64,1472,-0.6184895,-42.96837,0
8.66,1472,-0.6060486,-42.90089,0
8.68,1472,-0.5940889,-42.96837,0
8.7,1472,-0.5834925,-42.49601,0
8.72,1472,-0.5761022,-42.56349,0
8.74,1472,-0.5734288,-42.90089,0
8.76,1472,-0.5711238,-43.03585,0
8.78,1472,-0.5712203,-42.96837,0
8.8,1472,-0.5668355,-42.56349,0
8.82,1472,-0.5577717,-43.03585,0
8.84,1472,-0.5527359,-42.90089,0
8.86,1472,-0.5509259,-42.96837,0
8.88,1472,-0.5403001,-43.03585,0
8.9,1472,-0.53662,-42.56349,0
8.92,1472,-0.5314033,-42.90089,0
8.94,1472,-0.5268807,-43.03585,0
8.96,1472,-0.5174142,-42.90089,0
8.98,1472,-0.5032483,-42.96837,0
9,1472,-0.5047011,-42.90089,0
9.02,1472,-0.493825,-42.90089,0
9.04,1472,-0.4981841,-42.96837,0
9.06,1472,-0.5088483,-42.96837,0
9.08,1472,-0.5008036,-42.96837,0
9.1,1472,-0.4907266,-42.96837,0
9.12,1472,-0.4901757,-42.96837,0
9.14,1472,-0.4923437,-42.90089,0
9.16,1472,-0.4898461,-42.96837,0
9.18,1472,-0.4824211,-42.56349,0
9.2,1472,-0.4771182,-42.56349,0
9.22,1472,-0.4847814,-43.03585,0
9.24,1472,-0.4844944,-42.96837,0
9.26,1472,-0.4935164,-42.49601,0
9.28,1472,-0.4951237,-42.96837,0
9.3,1472,-0.495764,-42.96837,0
9.32,1472,-0.4905859,-42.96837,0
9.34,1472,-0.4880212,-42.96837,0
9.36,1472,-0.4947828,-43.03585,0
9.38,1472,-0.4949637,-42.96837,0
9.4,1472,-0.4996337,-42.90089,0
9.42,1472,-0.4965664,-42.90089,0
9.44,1472,-0.4937826,-42.56349,0
9.46,1472,-0.4973108,-43.03585,0
9.48,1472,-0.4975848,-42.96837,0
9.5,1472,-0.4991685,-42.96837,0
9.52,1472,-0.4879053,-42.63097,0
9.54,1472,-0.4960525,-42.90089,0
9.56,1472,-0.5015544,-43.03585,0
9.58,1472,-0.5100337,-42.96837,0
9.6,1472,-0.5126901,-42.56349,0
9.62,1472,-0.5126806,-42.56349,0
9.64,1472,-0.5160903,-42.56349,0
9.66,1472,-0.5102706,-42.96837,0
9.68,1472,-0.5190827,-42.96837,0
9.7,1472,-0.5078674,-42.49601,0
9.72,1472,-0.5036253,-42.49601,0
9.74,1472,-0.4971729,-42.96837,0
9.76,1472,-0.4986007,-42.96837,0
9.78,1472,-0.5054044,-42.96837,0
9.8,1472,-0.5131193,-42.96837,0
9.82,1472,-0.4978551,-42.96837,0
9.84,1472,-0.4929768,-43.03585,0
9.86,1472,-0.501022,-42.96837,0
9.88,1472,-0.513447,-42.96837,0
9.9,1472,-0.5083203,-42.96837,0
9.92,1472,-0.5050756,-42.56349,0
9.94,1472,-0.5173622,-42.90089,0
9.96,1472,-0.5263216,-42.90089,0
9.98,1472,-0.5277728,-42.90089,0
10,1472,-0.5164259,-42.96837,0
10.02,1472,-0.5058522,-42.96837,0
10.04,1472,-0.5014667,-42.56349,0
10.06,1472,-0.5054638,-42.96837,0
10.08,1472,-0.5103749,-42.96837,0
10.1,1472,-0.5070258,-42.96837,0
10.12,1472,-0.5059853,-43.03585,0
10.14,1472,-0.5036941,-42.96837,0
10.16,1472,-0.5005521,-42.90089,0
10.18,1472,-0.4948925,-42.96837,0
10.2,1472,-0.4847828,-42.49601,0
10.22,1472,-0.488462,-42.90089,0
10.24,1472,-0.4954151,-42.56349,0
10.26,1472,-0.5032341,-42.96837,0
10.28,1472,-0.5015941,-42.49601,0
10.3,1472,-0.4968623,-43.10333,0
10.32,1472,-0.5012014,-42.90089,0
10.34,1472,-0.4962688,-42.96837,0
10.36,1472,-0.4993551,-42.90089,0
10.38,1472,-0.4964259,-42.96837,0
10.4,1472,-0.4955057,-42.96837,0
10.42,1472,-0.4958409,-42.90089,0
10.44,1472,-0.4966598,-42.90089,0
10.46,1472,-0.4952447,-42.56349,0
10.48,1472,-0.4950303,-42.56349,0
10.5,1472,-0.497832,-42.56349,0
10.52,1472,-0.5054379,-42.90089,0
10.54,1472,-0.497211,-42.96837,0
10.56,1472,-0.4989067,-42.56349,0
10.58,1472,-0.5041851,-42.90089,0
10.6,1472,-0.5041946,-42.56349,0
10.62,1472,-0.5020288,-43.03585,0
10.64,1472,-0.4923995,-42.56349,0
10.66,1472,-0.4888944,-42.96837,0
10.68,1472,-0.4825864,-42.96837,0
10.7,1472,-0.4794926,-42.96837,0
10.72,1472,-0.4878784,-42.96837,0
10.74,1472,-0.4817604,-42.96837,0
10.76,1472,-0.488039,-42.56349,0
10.78,1472,-0.4846898,-42.49601,0
10.8,1472,-0.4878654,-42.90089,0
10.82,1472,-0.4887339,-42.90089,0
10.84,1472,-0.4879823,-42.90089,0
10.86,1472,-0.4883876,-42.90089,0
10.88,1472,-0.4807967,-42.96837,0
10.9,1472,-0.4859612,-42.96837,0
10.92,1472,-0.4828891,-43.03585,0
10.94,1472,-0.483247,-42.42853,0
10.96,1472,-0.4852233,-42.96837,0
10.98,1472,-0.4877924,-42.96837,0
11,1472,-0.4985439,-42.56349,0
11.02,1472,-0.5029391,-42.49601,0
11.04,1472,-0.4980396,-43.03585,0
11.06,1472,-0.4994716,-42.90089,0
11.08,1472,-0.495857,-42.56349,0
11.1,1472,-0.4859976,-42.49601,0
11.12,1472,-0.5003681,-42.90089,0
11.14,1472,-0.5104665,-42.90089,0
11.16,1472,-0.5036788,-42.90089,0
11.18,1472,-0.5018491,-42.96837,0
11.2,1472,-0.5029105,-42.96837,0
11.22,1472,-0.4879442,-42.56349,0
11.24,1472,-0.4928141,-42.90089,0
11.26,1472,-0.4848924,-42.96837,0
11.28,1472,-0.4830486,-42.96837,0
11.3,1472,-0.4827529,-42.49601,0
11.32,1472,-0.4804303,-42.49601,0
11.34,1472,-0.4872224,-42.90089,0
11.36,1472,-0.4894971,-42.90089,0
11.38,1472,-0.4937844,-42.96837,0
11.4,1472,-0.4932821,-43.03585,0
11.42,1472,-0.4845702,-42.96837,0
11.44,1472,-0.5057393,-42.56349,0
11.46,1472,-0.5000592,-42.56349,0
11.48,1472,-0.4939028,-42.49601,0
11.5,1472,-0.4925012,-42.90089,0
11.52,1472,-0.4944234,-42.56349,0
11.54,1472,-0.4948322,-42.96837,0
11.56,1472,-0.4864958,-42.56349,0
11.58,1472,-0.4841799,-42.90089,0
11.6,1472,-0.4948816,-42.90089,0
11.62,1472,-0.4993286,-42.90089,0
11.64,1472,-0.4948294,-42.96837,0
11.66,1472,-0.5004994,-42.96837,0
11.68,1472,-0.5018113,-42.96837,0
11.7,1472,-0.5046223,-42.96837,0
11.72,1472,-0.4960212,-42.96837,0
11.74,1472,-0.4919456,-42.90089,0
11.76,1472,-0.4961993,-42.96837,0
11.78,1472,-0.4934733,-42.90089,0
11.8,1472,-0.4887103,-42.90089,0
11.82,1472,-0.4985557,-42.96837,0
11.84,1472,-0.4957452,-42.90089,0
11.86,1472,-0.5033551,-42.90089,0
11.88,1472,-0.5027875,-42.90089,0
11.9,1472,-0.502777,-42.96837,0
11.92,1472,-0.4992969,-42.96837,0
11.94,1472,-0.5034121,-42.09113,0
11.96,1472,-0.512235,-42.56349,0
11.98,1472,-0.5015655,-42.96837,0
12,1472,-0.5067587,-42.56349,0
12.02,1472,-0.5012235,-42.49601,0
12.04,1472,-0.493854,-42.49601,0
12.06,1472,-0.496915,-42.56349,0
12.08,1472,-0.4925972,-42.42853,0
12.1,1472,-0.4950796,-42.96837,0
12.12,1472,-0.5062036,-42.90089,0
12.14,1472,-0.497606,-42.49601,0
12.16,1472,-0.4887004,-42.56349,0
12.18,1472,-0.4902943,-42.96837,0
12.2,1472,-0.4987688,-42.96837,0
12.22,1472,-0.4979725,-42.56349,0
12.24,1472,-0.4977959,-42.90089,0
12.26,1472,-0.4917429,-42.63097,0
12.28,1472,-0.5063022,-42.49601,0
12.3,1472,-0.512473,-42.56349,0
12.32,1472,-0.5050783,-42.96837,0
12.34,1472,-0.506119,-42.56349,0
12.36,1472,-0.4952765,-43.03585,0
12.38,1472,-0.4981818,-42.56349,0
12.4,1472,-0.5095489,-42.90089,0
12.42,1472,-0.4963379,-42.90089,0
12.44,1472,-0.4804985,-42.90089,0
12.46,1472,-0.4998572,-43.03585,0
12.48,1472,-0.4919726,-42.96837,0
12.5,1472,-0.4941237,-42.96837,0
12.52,1472,-0.483925,-42.56349,0
12.54,1472,-0.4914438,-42.49601,0
12.56,1472,-0.4989802,-42.96837,0
12.58,1472,-0.5008695,-42.56349,0
12.6,1472,-0.4905803,-42.49601,0
12.62,1472,-0.4871786,-42.09113,0
