Tiempo,ControlPWM,Plataforma,Posicion,Error
0,1479,-0.05866805,0.2865496,-0.2865496
0.02,1482,-0.1147845,0.4215097,-0.4215097
0.04,1480,-0.1527601,0.3540297,-0.3540297
0.06,1479,-0.1955398,0.2865496,-0.2865496
0.08,1480,-0.2234447,0.3540297,-0.3540297
0.1,1480,-0.2694052,0.3540297,-0.3540297
0.12,1482,-0.3095569,0.4215097,-0.4215097
0.14,1480,-0.3501009,0.3540297,-0.3540297
0.16,1479,-0.3715803,0.2865496,-0.2865496
0.18,1480,-0.3875356,0.3540297,-0.3540297
0.2,1480,-0.4146936,0.3540297,-0.3540297
0.22,1480,-0.4460916,0.3540297,-0.3540297
0.24,1480,-0.4688761,0.3540297,-0.3540297
0.26,1482,-0.4831589,0.4215097,-0.4215097
0.28,1480,-0.4908337,0.3540297,-0.3540297
0.3,1480,-0.5070761,0.3540297,-0.3540297
0.32,1480,-0.5134655,0.3540297,-0.3540297
0.34,1480,-0.5298797,0.3540297,-0.3540297
0.36,1480,-0.5511931,0.3540297,-0.3540297
0.38,1479,-0.5641156,0.2865496,-0.2865496
0.4,1482,-0.5692906,0.4215097,-0.4215097
0.42,1480,-0.582297,0.3540297,-0.3540297
0.44,1480,-0.5901899,0.3540297,-0.3540297
0.46,1479,-0.603321,0.2865496,-0.2865496
0.48,1479,-0.6118655,0.2865496,-0.2865496
0.5,1480,-0.6224903,0.3540297,-0.3540297
0.52,1480,-0.6332409,0.3540297,-0.3540297
0.54,1480,-0.6286929,0.3540297,-0.3540297
0.56,1482,-0.639339,0.4215097,-0.4215097
0.58,1480,-0.647499,0.3540297,-0.3540297
0.6,1480,-0.6464696,0.3540297,-0.3540297
0.62,1479,-0.6517427,0.2865496,-0.2865496
0.64,1480,-0.657867,0.3540297,-0.3540297
0.66,1480,-0.6638657,0.3540297,-0.3540297
0.68,1480,-0.6790048,0.3540297,-0.3540297
0.7,1479,-0.6800824,0.2865496,-0.2865496
0.72,1482,-0.6838216,0.4215097,-0.4215097
0.74,1482,-0.6817624,0.4215097,-0.4215097
0.76,1482,-0.6916,0.4215097,-0.4215097
0.78,1479,-0.7050364,0.2865496,-0.2865496
0.8,1482,-0.7040151,0.4215097,-0.4215097
0.82,1484,-0.700092,0.4889898,-0.4889898
0.84,1480,-0.6986814,0.3540297,-0.3540297
0.86,1479,-0.70644,0.2865496,-0.2865496
0.88,1480,-0.7092962,0.3540297,-0.3540297
0.9,1480,-0.7163427,0.3540297,-0.3540297
0.92,1480,-0.7197143,0.3540297,-0.3540297
0.94,1480,-0.7245862,0.3540297,-0.3540297
0.96,1480,-0.7215615,0.3540297,-0.3540297
0.98,1480,-0.7271815,0.3540297,-0.3540297
1,1480,-0.7274334,0.3540297,-0.3540297
1.02,1479,-0.7186339,0.2865496,-0.2865496
1.04,1480,-0.7180488,0.3540297,-0.3540297
1.06,1480,-0.7237763,0.3540297,-0.3540297
1.08,1479,-0.7318758,0.2865496,-0.2865496
1.1,1479,-0.7329149,0.2865496,-0.2865496
1.12,1480,-0.7230253,0.3540297,-0.3540297
1.14,1479,-0.7276295,0.2865496,-0.2865496
1.16,1479,-0.7316275,0.2865496,-0.2865496
1.18,1480,-0.7385814,0.3540297,-0.3540297
1.2,1482,-0.7402835,0.4215097,-0.4215097
1.22,1479,-0.7456947,0.2865496,-0.2865496
1.24,1479,-0.7489526,0.2865496,-0.2865496
1.26,1482,-0.7520703,0.4215097,-0.4215097
1.28,1479,-0.7461526,0.2865496,-0.2865496
1.3,1482,-0.7525792,0.4215097,-0.4215097
1.32,1480,-0.7394792,0.3540297,-0.3540297
1.34,1480,-0.7391652,0.3540297,-0.3540297
1.36,1480,-0.75222,0.3540297,-0.3540297
1.38,1479,-0.7492786,0.2865496,-0.2865496
1.4,1479,-0.7558396,0.2865496,-0.2865496
1.42,1480,-0.7502967,0.3540297,-0.3540297
1.44,1480,-0.7479722,0.3540297,-0.3540297
1.46,1482,-0.7549312,0.4215097,-0.4215097
1.48,1479,-0.7552494,0.2865496,-0.2865496
1.5,1482,-0.7546514,0.4215097,-0.4215097
1.52,1482,-0.7698439,0.4215097,-0.4215097
1.54,1480,-0.7596824,0.3540297,-0.3540297
1.56,1479,-0.7555508,0.2865496,-0.2865496
1.58,1482,-0.764317,0.4215097,-0.4215097
1.6,1480,-0.7521596,0.3540297,-0.3540297
1.62,1482,-0.7514995,0.4215097,-0.4215097
1.64,1480,-0.7448378,0.3540297,-0.3540297
1.66,1479,-0.7481937,0.2865496,-0.2865496
1.68,1480,-0.7656116,0.3540297,-0.3540297
1.7,1480,-0.7728189,0.3540297,-0.3540297
1.72,1479,-0.7574782,0.2865496,-0.2865496
1.74,1479,-0.7637292,0.2865496,-0.2865496
1.76,1479,-0.7715703,0.2865496,-0.2865496
1.78,1479,-0.7470964,0.2865496,-0.2865496
1.8,1479,-0.7373098,0.2865496,-0.2865496
1.82,1479,-0.738088,0.2865496,-0.2865496
1.84,1480,-0.7357993,0.3540297,-0.3540297
1.86,1480,-0.7340185,0.3540297,-0.3540297
1.88,1479,-0.7295358,0.2865496,-0.2865496
1.9,1480,-0.7336868,0.3540297,-0.3540297
1.92,1480,-0.7337768,0.3540297,-0.3540297
1.94,1480,-0.7312164,0.3540297,-0.3540297
1.96,1480,-0.7259754,0.3540297,-0.3540297
1.98,1479,-0.7283661,0.2865496,-0.2865496
2,1479,-0.7294533,0.2865496,-0.2865496
2.02,1479,-0.7292508,0.2865496,-0.2865496
2.04,1480,-0.730721,0.3540297,-0.3540297
2.06,1480,-0.724284,0.3540297,-0.3540297
2.08,1480,-0.7244781,0.3540297,-0.3540297
2.1,1479,-0.7143644,0.2865496,-0.2865496
2.12,1480,-0.7177515,0.3540297,-0.3540297
2.14,1480,-0.7223807,0.3540297,-0.3540297
2.16,1480,-0.7258986,0.3540297,-0.3540297
2.18,1479,-0.7259796,0.2865496,-0.2865496
2.2,1480,-0.7265625,0.3540297,-0.3540297
2.22,1480,-0.7266744,0.3540297,-0.3540297
2.24,1479,-0.7272887,0.2865496,-0.2865496
2.26,1480,-0.7325245,0.3540297,-0.3540297
2.28,1480,-0.7359275,0.3540297,-0.3540297
2.3,1480,-0.7277423,0.3540297,-0.3540297
2.32,1480,-0.7268226,0.3540297,-0.3540297
2.34,1479,-0.7221671,0.2865496,-0.2865496
2.36,1482,-0.723054,0.4215097,-0.4215097
2.38,1479,-0.725367,0.2865496,-0.2865496
2.4,1482,-0.7205233,0.4215097,-0.4215097
2.42,1480,-0.7244892,0.3540297,-0.3540297
2.44,1479,-0.7295814,0.2865496,-0.2865496
2.46,1480,-0.7302817,0.3540297,-0.3540297
2.48,1479,-0.7367302,0.2865496,-0.2865496
2.5,1479,-0.7389116,0.2865496,-0.2865496
2.52,1480,-0.7432867,0.3540297,-0.3540297
2.54,1480,-0.7377281,0.3540297,-0.3540297
2.56,1480,-0.7368971,0.3540297,-0.3540297
2.58,1480,-0.7344462,0.3540297,-0.3540297
2.6,1480,-0.7347813,0.3540297,-0.3540297
2.62,1480,-0.7390811,0.3540297,-0.3540297
2.64,1480,-0.7376167,0.3540297,-0.3540297
2.66,1482,-0.7438716,0.4215097,-0.4215097
2.68,1482,-0.7440768,0.4215097,-0.4215097
2.7,1480,-0.7530122,0.3540297,-0.3540297
2.72,1480,-0.7509022,0.3540297,-0.3540297
2.74,1480,-0.7520915,0.3540297,-0.3540297
2.76,1480,-0.7578227,0.3540297,-0.3540297
2.78,1479,-0.7539071,0.2865496,-0.2865496
2.8,1479,-0.7490085,0.2865496,-0.2865496
2.82,1479,-0.7433758,0.2865496,-0.2865496
2.84,1480,-0.7462661,0.3540297,-0.3540297
2.86,1482,-0.7352178,0.4215097,-0.4215097
2.88,1482,-0.740103,0.4215097,-0.4215097
2.9,1480,-0.7374206,0.3540297,-0.3540297
2.92,1482,-0.7351995,0.4215097,-0.4215097
2.94,1479,-0.7391963,0.2865496,-0.2865496
2.96,1482,-0.7388746,0.4215097,-0.4215097
2.98,1482,-0.7316642,0.4215097,-0.4215097
3,1482,-0.7467564,0.4215097,-0.4215097
3.02,1480,-0.7296003,0.3540297,-0.3540297
3.04,1480,-0.7385543,0.3540297,-0.3540297
3.06,1479,-0.7323623,0.2865496,-0.2865496
3.08,1482,-0.7407148,0.4215097,-0.4215097
3.1,1480,-0.7497913,0.3540297,-0.3540297
3.12,1480,-0.7528294,0.3540297,-0.3540297
3.14,1480,-0.7600502,0.3540297,-0.3540297
3.16,1480,-0.7556503,0.3540297,-0.3540297
3.18,1480,-0.7402619,0.3540297,-0.3540297
3.2,1479,-0.7347278,0.2865496,-0.2865496
3.22,1479,-0.7344325,0.2865496,-0.2865496
3.24,1480,-0.7370806,0.3540297,-0.3540297
3.26,1479,-0.7403916,0.2865496,-0.2865496
3.28,1482,-0.7504338,0.4215097,-0.4215097
3.3,1480,-0.7472803,0.3540297,-0.3540297
3.32,1479,-0.7537096,0.2865496,-0.2865496
3.34,1480,-0.7512053,0.3540297,-0.3540297
3.36,1480,-0.7585341,0.3540297,-0.3540297
3.38,1480,-0.7749262,0.3540297,-0.3540297
3.4,1482,-0.7616302,0.4215097,-0.4215097
3.42,1480,-0.7588863,0.3540297,-0.3540297
3.44,1479,-0.7511333,0.2865496,-0.2865496
3.46,1479,-0.7477298,0.2865496,-0.2865496
3.48,1479,-0.7441924,0.2865496,-0.2865496
3.5,1480,-0.7426891,0.3540297,-0.3540297
3.52,1479,-0.7468096,0.2865496,-0.2865496
3.54,1482,-0.7459306,0.4215097,-0.4215097
3.56,1480,-0.7471264,0.3540297,-0.3540297
3.58,1480,-0.7512484,0.3540297,-0.3540297
3.6,1480,-0.747509,0.3540297,-0.3540297
3.62,1482,-0.7355387,0.4215097,-0.4215097
3.64,1480,-0.7419283,0.3540297,-0.3540297
3.66,1482,-0.7493215,0.4215097,-0.4215097
3.68,1482,-0.7479967,0.4215097,-0.4215097
3.7,1480,-0.7479556,0.3540297,-0.3540297
3.72,1480,-0.7485192,0.3540297,-0.3540297
3.74,1449,-0.7477312,-0.9280891,0.9280891
3.76,1472,-0.7451184,0.01663017,-0.01663017
3.78,1472,-0.837542,0.01663017,-0.01663017
3.8,1464,-0.9886644,-0.3207703,0.3207703
3.82,1480,-0.9990768,0.3540297,-0.3540297
3.84,1472,-1.034832,0.01663017,-0.01663017
3.86,1479,-1.0211,0.2865496,-0.2865496
3.88,1479,-1.013814,0.2865496,-0.2865496
3.9,1448,-0.9706051,-0.9955692,0.9955692
3.92,1506,-1.010376,1.36623,-1.36623
3.94,1529,-1.177654,2.31095,-2.31095
3.96,1556,-1.219915,3.39063,-3.39063
3.98,1573,-0.710676,4.06543,-4.06543
4,1580,-0.3618171,4.33535,-4.33535
4.02,1622,0.3045869,6.022349,-6.022349
4.04,1630,0.8756658,6.35975,-6.35975
4.06,1639,1.315483,6.69715,-6.69715
4.08,1664,1.853604,7.70935,-7.70935
4.1,1683,2.429822,8.45163,-8.45163
4.12,1683,3.02228,8.45163,-8.45163
4.14,1713,3.637056,9.666269,-9.666269
4.16,1713,4.310343,9.666269,-9.666269
4.18,1722,4.826445,10.00367,-10.00367
4.2,1737,5.377724,10.61099,-10.61099
4.22,1745,5.713181,10.94839,-10.94839
4.24,1762,6.12627,11.62319,-11.62319
4.26,1754,6.368601,11.28579,-11.28579
4.28,1771,6.700253,11.96059,-11.96059
4.3,1771,7.028705,11.96059,-11.96059
4.32,1767,7.343977,11.82563,-11.82563
4.34,1745,7.592084,10.94839,-10.94839
4.36,1754,7.807328,11.28579,-11.28579
4.38,1762,7.890092,11.62319,-11.62319
4.4,1744,7.827585,10.88091,-10.88091
4.42,1730,7.791265,10.34107,-10.34107
4.44,1722,7.698988,10.00367,-10.00367
4.46,1738,7.574253,10.67847,-10.67847
4.48,1705,7.446079,9.32887,-9.32887
4.5,1705,7.282717,9.32887,-9.32887
4.52,1673,7.094381,8.04675,-8.04675
4.54,1674,6.755569,8.114229,-8.114229
4.56,1651,6.482908,7.16951,-7.16951
4.58,1657,6.09459,7.439429,-7.439429
4.6,1630,5.74507,6.35975,-6.35975
4.62,1614,5.210407,5.68495,-5.68495
4.64,1597,4.962168,5.01015,-5.01015
4.66,1583,4.507836,4.47031,-4.47031
4.68,1566,4.010634,3.79551,-3.79551
4.7,1546,3.44962,2.98575,-2.98575
4.72,1506,2.896883,1.36623,-1.36623
4.74,1523,2.386439,2.04103,-2.04103
4.76,1479,1.934177,0.2865496,-0.2865496
4.78,1471,1.379105,-0.05084991,0.05084991
4.8,1464,0.9152292,-0.3207703,0.3207703
4.82,1458,0.5116836,-0.5906906,0.5906906
4.84,1449,-0.0695098,-0.9280891,0.9280891
4.86,1407,-0.5492732,-2.615089,2.615089
4.88,1400,-1.003669,-2.88501,2.88501
4.9,1384,-1.455058,-3.559811,3.559811
4.92,1345,-1.805297,-5.111851,5.111851
4.94,1358,-2.265596,-4.57201,4.57201
4.96,1321,-2.642031,-6.05657,6.05657
4.98,1304,-2.978034,-6.731369,6.731369
5,1291,-3.478018,-7.27121,7.27121
5.02,1276,-4.316548,-7.878531,7.878531
5.04,1238,-5.449248,-9.363091,9.363091
5.06,1313,-6.295867,-6.39397,6.39397
5.08,1375,-7.05176,-3.897209,3.897209
5.1,1378,-7.467996,-3.762249,3.762249
5.12,1201,-7.959303,-10.84765,10.84765
5.14,1377,-7.949616,-3.829729,3.829729
5.16,1375,-6.92611,-3.897209,3.897209
5.18,1173,-5.859334,-11.99481,11.99481
5.2,1313,-5.627074,-6.39397,6.39397
5.22,1377,-6.906518,-3.829729,3.829729
5.24,1345,-7.306132,-5.111851,5.111851
5.26,1343,-6.872809,-5.179329,5.179329
5.28,1186,-5.950208,-11.45497,11.45497
5.3,1188,-5.128368,-11.38749,11.38749
5.32,1171,-5.359285,-12.06229,12.06229
5.34,1377,-6.511493,-3.829729,3.829729
5.36,1144,-7.950161,-13.14197,13.14197
5.38,1144,-8.897009,-13.14197,13.14197
5.4,1181,-9.338045,-11.65741,11.65741
5.42,1173,-9.004585,-11.99481,11.99481
5.44,1186,-8.953053,-11.45497,11.45497
5.46,1166,-10.2721,-12.26473,12.26473
5.48,1151,-11.11745,-12.87205,12.87205
5.5,1203,-12.04411,-10.78017,10.78017
5.52,1210,-11.35268,-10.51025,10.51025
5.54,1210,-10.58902,-10.51025,10.51025
5.56,1208,-10.29315,-10.57773,10.57773
5.58,1237,-11.35775,-9.430571,9.430571
5.6,1238,-12.03292,-9.363091,9.363091
5.62,1250,-11.71398,-8.89073,8.89073
5.64,1252,-11.17877,-8.82325,8.82325
5.66,1281,-10.50938,-7.67609,7.67609
5.68,1297,-9.702025,-7.001289,7.001289
5.7,1336,-9.290834,-5.449249,5.449249
5.72,1346,-8.939031,-5.044371,5.044371
5.74,1335,-8.461994,-5.516729,5.516729
5.76,1377,-7.882419,-3.829729,3.829729
5.78,1384,-7.401033,-3.559811,3.559811
5.8,1416,-6.927994,-2.277691,2.277691
5.82,1424,-6.059246,-1.94029,1.94029
5.84,1456,-5.330763,-0.6581707,0.6581707
5.86,1464,-4.671165,-0.3207703,0.3207703
5.88,1472,-3.874294,0.01663017,-0.01663017
5.9,1507,-3.287097,1.43371,-1.43371
5.92,1514,-2.829854,1.703629,-1.703629
5.94,1556,-2.240408,3.39063,-3.39063
5.96,1563,-1.372305,3.66055,-3.66055
5.98,1571,-0.6656405,3.99795,-3.99795
6,1590,0.04871486,4.74023,-4.74023
6.02,1632,0.8078838,6.42723,-6.42723
6.04,1614,1.514664,5.68495,-5.68495
6.06,1634,2.511893,6.49471,-6.49471
6.08,1652,2.93641,7.23699,-7.23699
6.1,1673,3.421454,8.04675,-8.04675
6.12,1666,3.807763,7.77683,-7.77683
6.14,1690,4.229508,8.72155,-8.72155
6.16,1691,4.661525,8.78903,-8.78903
6.18,1720,4.973767,9.93619,-9.93619
6.2,1755,5.371772,11.35327,-11.35327
6.22,1762,5.694815,11.62319,-11.62319
6.24,1745,6.080504,10.94839,-10.94839
6.26,1760,6.62213,11.55571,-11.55571
6.28,1779,7.150097,12.29799,-12.29799
6.3,1767,7.512658,11.82563,-11.82563
6.32,1769,7.759595,11.89311,-11.89311
6.34,1769,7.94514,11.89311,-11.89311
6.36,1749,8.062325,11.08335,-11.08335
6.38,1779,8.180546,12.29799,-12.29799
6.4,1762,8.147378,11.62319,-11.62319
6.42,1747,8.03374,11.01587,-11.01587
6.44,1738,8.072909,10.67847,-10.67847
6.46,1754,7.998418,11.28579,-11.28579
6.48,1722,7.894879,10.00367,-10.00367
6.5,1713,7.828137,9.666269,-9.666269
6.52,1715,7.756091,9.733749,-9.733749
6.54,1657,7.622561,7.439429,-7.439429
6.56,1690,7.406043,8.72155,-8.72155
6.58,1632,7.100742,6.42723,-6.42723
6.6,1647,6.69246,7.03455,-7.03455
6.62,1632,6.256261,6.42723,-6.42723
6.64,1614,5.833694,5.68495,-5.68495
6.66,1600,5.364386,5.14511,-5.14511
6.68,1580,4.92909,4.33535,-4.33535
6.7,1575,4.315659,4.13291,-4.13291
6.72,1529,3.776917,2.31095,-2.31095
6.74,1523,3.193749,2.04103,-2.04103
6.76,1514,2.787622,1.703629,-1.703629
6.78,1472,2.188207,0.01663017,-0.01663017
6.8,1472,1.581312,0.01663017,-0.01663017
6.82,1458,0.9705449,-0.5906906,0.5906906
6.84,1456,0.4155369,-0.6581707,0.6581707
6.86,1416,-0.0494698,-2.277691,2.277691
6.88,1384,-0.513183,-3.559811,3.559811
6.9,1368,-0.9933786,-4.16713,4.16713
6.92,1360,-1.525244,-4.50453,4.50453
6.94,1350,-2.000261,-4.90941,4.90941
6.96,1313,-2.434758,-6.39397,6.39397
6.98,1304,-2.781638,-6.731369,6.731369
7,1289,-3.266545,-7.33869,7.33869
7.02,1282,-4.117895,-7.60861,7.60861
7.04,1269,-5.192228,-8.148449,8.148449
7.06,1230,-6.16578,-9.700489,9.700489
7.08,1377,-6.650251,-3.829729,3.829729
7.1,1218,-6.893354,-10.17285,10.17285
7.12,1216,-7.335258,-10.24033,10.24033
7.14,1195,-7.393955,-11.11757,11.11757
7.16,1186,-7.25306,-11.45497,11.45497
7.18,1181,-7.473187,-11.65741,11.65741
7.2,1173,-8.658998,-11.99481,11.99481
7.22,1179,-9.441101,-11.72489,11.72489
7.24,1166,-9.924041,-12.26473,12.26473
7.26,1171,-9.986232,-12.06229,12.06229
7.28,1174,-10.4731,-11.92733,11.92733
7.3,1151,-10.93342,-12.87205,12.87205
7.32,1164,-11.05406,-12.33221,12.33221
7.34,1179,-10.70563,-11.72489,11.72489
7.36,1174,-10.87003,-11.92733,11.92733
7.38,1179,-11.25377,-11.72489,11.72489
7.4,1184,-11.33279,-11.52245,11.52245
7.42,1196,-10.9959,-11.05009,11.05009
7.44,1200,-10.97494,-10.91513,10.91513
7.46,1223,-11.07088,-9.970409,9.970409
7.48,1223,-10.89656,-9.970409,9.970409
7.5,1247,-10.74025,-9.02569,9.02569
7.52,1260,-10.61506,-8.485849,8.485849
7.54,1260,-10.35904,-8.485849,8.485849
7.56,1292,-9.994389,-7.20373,7.20373
7.58,1306,-9.710115,-6.663889,6.663889
7.6,1313,-9.238399,-6.39397,6.39397
7.62,1328,-8.691837,-5.78665,5.78665
7.64,1368,-7.800335,-4.16713,4.16713
7.66,1375,-7.115085,-3.897209,3.897209
7.68,1410,-6.513253,-2.480129,2.480129
7.7,1416,-5.650076,-2.277691,2.277691
7.72,1426,-4.926003,-1.87281,1.87281
7.74,1456,-4.249507,-0.6581707,0.6581707
7.76,1464,-3.497735,-0.3207703,0.3207703
7.78,1463,-2.929492,-0.3882504,0.3882504
7.8,1507,-2.349346,1.43371,-1.43371
7.82,1514,-1.745101,1.703629,-1.703629
7.84,1556,-1.288568,3.39063,-3.39063
7.86,1566,-0.5807304,3.79551,-3.79551
7.88,1582,-0.2101366,4.40283,-4.40283
7.9,1600,0.4953311,5.14511,-5.14511
7.92,1615,0.9654974,5.75243,-5.75243
7.94,1607,1.534202,5.41503,-5.41503
7.96,1630,2.055974,6.35975,-6.35975
7.98,1649,2.501731,7.10203,-7.10203
8,1647,2.933874,7.03455,-7.03455
8.02,1649,3.41856,7.10203,-7.10203
8.04,1683,3.839953,8.45163,-8.45163
8.06,1683,4.070951,8.45163,-8.45163
8.08,1691,4.426093,8.78903,-8.78903
8.1,1730,4.738751,10.34107,-10.34107
8.12,1711,4.999686,9.598789,-9.598789
8.14,1730,5.36168,10.34107,-10.34107
8.16,1722,5.797417,10.00367,-10.00367
8.18,1738,6.122006,10.67847,-10.67847
8.2,1737,6.436713,10.61099,-10.61099
8.22,1738,6.644546,10.67847,-10.67847
8.24,1737,6.853484,10.61099,-10.61099
8.26,1747,6.968951,11.01587,-11.01587
8.28,1696,7.095448,8.99147,-8.99147
8.3,1738,7.174337,10.67847,-10.67847
8.32,1722,7.279482,10.00367,-10.00367
8.34,1706,7.10367,9.39635,-9.39635
8.36,1700,7.040381,9.12643,-9.12643
8.38,1657,6.961514,7.439429,-7.439429
8.4,1681,6.870097,8.38415,-8.38415
8.42,1651,6.621299,7.16951,-7.16951
8.44,1673,6.307498,8.04675,-8.04675
8.46,1649,5.861408,7.10203,-7.10203
8.48,1649,5.583292,7.10203,-7.10203
8.5,1622,5.455653,6.022349,-6.022349
8.52,1620,5.170009,5.95487,-5.95487
8.54,1598,4.987951,5.07763,-5.07763
8.56,1573,4.610763,4.06543,-4.06543
8.58,1558,4.38952,3.45811,-3.45811
8.6,1566,3.835461,3.79551,-3.79551
8.62,1548,3.40012,3.05323,-3.05323
8.64,1499,3.012777,1.09631,-1.09631
8.66,1506,2.709143,1.36623,-1.36623
8.68,1490,2.287341,0.7589102,-0.7589102
8.7,1449,1.654505,-0.9280891,0.9280891
8.72,1464,1.144325,-0.3207703,0.3207703
8.74,1448,0.4880258,-0.9955692,0.9955692
8.76,1431,-0.07027794,-1.67037,1.67037
8.78,1417,-0.5687308,-2.210211,2.210211
8.8,1402,-1.012132,-2.81753,2.81753
8.82,1382,-1.432441,-3.627291,3.627291
8.84,1360,-1.809375,-4.50453,4.50453
8.86,1368,-2.207827,-4.16713,4.16713
8.88,1343,-2.579141,-5.179329,5.179329
8.9,1353,-2.908022,-4.77445,4.77445
8.92,1319,-3.279254,-6.12405,6.12405
8.94,1319,-3.796291,-6.12405,6.12405
8.96,1299,-4.391582,-6.933809,6.933809
8.98,1296,-5.132434,-7.068769,7.068769
9,1274,-5.873147,-7.946011,7.946011
9.02,1287,-6.330729,-7.40617,7.40617
9.04,1260,-6.437338,-8.485849,8.485849
9.06,1228,-6.679483,-9.767969,9.767969
9.08,1260,-7.183808,-8.485849,8.485849
9.1,1265,-7.456627,-8.283409,8.283409
9.12,1230,-7.684467,-9.700489,9.700489
9.14,1230,-8.252921,-9.700489,9.700489
9.16,1233,-8.412638,-9.565529,9.565529
9.18,1201,-8.414924,-10.84765,10.84765
9.2,1245,-8.29946,-9.09317,9.09317
9.22,1260,-8.676858,-8.485849,8.485849
9.24,1232,-9.110536,-9.633009,9.633009
9.26,1269,-9.326794,-8.148449,8.148449
9.28,1252,-8.980115,-8.82325,8.82325
9.3,1238,-8.622556,-9.363091,9.363091
9.32,1289,-8.356528,-7.33869,7.33869
9.34,1297,-8.315538,-7.001289,7.001289
9.36,1304,-8.592771,-6.731369,6.731369
9.38,1282,-8.781835,-7.60861,7.60861
9.4,1335,-8.465761,-5.516729,5.516729
9.42,1335,-7.854935,-5.516729,5.516729
9.44,1335,-7.396209,-5.516729,5.516729
9.46,1328,-6.821399,-5.78665,5.78665
9.48,1384,-6.335351,-3.559811,3.559811
9.5,1377,-5.911885,-3.829729,3.829729
9.52,1399,-5.673295,-2.95249,2.95249
9.54,1392,-5.624941,-3.22241,3.22241
9.56,1417,-5.377599,-2.210211,2.210211
9.58,1441,-5.015088,-1.26549,1.26549
9.6,1458,-4.472429,-0.5906906,0.5906906
9.62,1449,-4.226395,-0.9280891,0.9280891
9.64,1472,-3.727469,0.01663017,-0.01663017
9.66,1466,-3.191372,-0.2532902,0.2532902
9.68,1489,-2.87252,0.6914301,-0.6914301
9.7,1514,-2.311361,1.703629,-1.703629
9.72,1514,-1.984807,1.703629,-1.703629
9.74,1539,-1.552537,2.71583,-2.71583
9.76,1539,-1.041722,2.71583,-2.71583
9.78,1539,-0.5693458,2.71583,-2.71583
9.8,1571,-0.1078872,3.99795,-3.99795
9.82,1573,0.2225588,4.06543,-4.06543
9.84,1580,0.6227403,4.33535,-4.33535
9.86,1590,0.8704143,4.74023,-4.74023
9.88,1598,1.278873,5.07763,-5.07763
9.9,1607,1.57911,5.41503,-5.41503
9.92,1625,1.772633,6.15731,-6.15731
9.94,1641,2.135843,6.764629,-6.764629
9.96,1620,2.358302,5.95487,-5.95487
9.98,1614,2.721257,5.68495,-5.68495
10,1641,3.070178,6.764629,-6.764629
10.02,1632,3.382706,6.42723,-6.42723
10.04,1630,3.408968,6.35975,-6.35975
10.06,1630,3.424378,6.35975,-6.35975
10.08,1632,3.489144,6.42723,-6.42723
10.1,1637,3.56147,6.62967,-6.62967
10.12,1639,3.622164,6.69715,-6.69715
10.14,1615,3.740411,5.75243,-5.75243
10.16,1624,3.791781,6.089829,-6.089829
10.18,1632,3.810442,6.42723,-6.42723
10.2,1642,3.789745,6.832109,-6.832109
10.22,1615,3.720727,5.75243,-5.75243
10.24,1634,3.755838,6.49471,-6.49471
10.26,1605,3.74507,5.347549,-5.347549
10.28,1588,3.722679,4.67275,-4.67275
10.3,1607,3.599495,5.41503,-5.41503
10.32,1598,3.447607,5.07763,-5.07763
10.34,1580,3.208745,4.33535,-4.33535
10.36,1573,3.143864,4.06543,-4.06543
10.38,1590,2.980599,4.74023,-4.74023
10.4,1550,2.785737,3.120709,-3.120709
10.42,1565,2.578927,3.72803,-3.72803
10.44,1556,2.448155,3.39063,-3.39063
10.46,1550,2.105323,3.120709,-3.120709
10.48,1512,1.956281,1.63615,-1.63615
10.5,1506,1.745699,1.36623,-1.36623
10.52,1497,1.586672,1.02883,-1.02883
10.54,1489,1.147074,0.6914301,-0.6914301
10.56,1489,0.7742893,0.6914301,-0.6914301
10.58,1479,0.4025641,0.2865496,-0.2865496
10.6,1472,-0.01351849,0.01663017,-0.01663017
10.62,1464,-0.2884502,-0.3207703,0.3207703
10.64,1456,-0.6275925,-0.6581707,0.6581707
10.66,1449,-0.7875534,-0.9280891,0.9280891
10.68,1471,-0.967867,-0.05084991,0.05084991
10.7,1456,-1.074306,-0.6581707,0.6581707
10.72,1449,-1.321467,-0.9280891,0.9280891
10.74,1439,-1.300933,-1.33297,1.33297
10.76,1449,-1.392944,-0.9280891,0.9280891
10.78,1409,-1.473988,-2.547609,2.547609
10.8,1416,-1.58725,-2.277691,2.277691
10.82,1426,-1.656704,-1.87281,1.87281
10.84,1407,-1.926755,-2.615089,2.615089
10.86,1417,-2.181779,-2.210211,2.210211
10.88,1394,-2.365664,-3.15493,3.15493
10.9,1400,-2.464347,-2.88501,2.88501
10.92,1409,-2.541409,-2.547609,2.547609
10.94,1385,-2.749016,-3.492331,3.492331
10.96,1417,-2.961635,-2.210211,2.210211
10.98,1417,-3.089272,-2.210211,2.210211
11,1417,-3.206908,-2.210211,2.210211
11.02,1416,-3.272218,-2.277691,2.277691
11.04,1385,-3.191545,-3.492331,3.492331
11.06,1409,-3.199322,-2.547609,2.547609
11.08,1377,-3.160345,-3.829729,3.829729
11.1,1402,-3.140533,-2.81753,2.81753
11.12,1402,-3.210532,-2.81753,2.81753
11.14,1399,-3.379992,-2.95249,2.95249
11.16,1399,-3.39392,-2.95249,2.95249
11.18,1400,-3.37004,-2.88501,2.88501
11.2,1399,-3.349814,-2.95249,2.95249
11.22,1402,-3.327262,-2.81753,2.81753
11.24,1399,-3.320407,-2.95249,2.95249
11.26,1400,-3.298609,-2.88501,2.88501
11.28,1402,-3.274113,-2.81753,2.81753
11.3,1400,-3.248894,-2.88501,2.88501
11.32,1400,-3.241163,-2.88501,2.88501
11.34,1400,-3.238412,-2.88501,2.88501
11.36,1400,-3.233369,-2.88501,2.88501
11.38,1402,-3.22132,-2.81753,2.81753
11.4,1400,-3.218352,-2.88501,2.88501
11.42,1400,-3.203302,-2.88501,2.88501
11.44,1400,-3.210475,-2.88501,2.88501
11.46,1400,-3.198758,-2.88501,2.88501
11.48,1400,-3.191556,-2.88501,2.88501
11.5,1399,-3.196769,-2.95249,2.95249
11.52,1400,-3.185621,-2.88501,2.88501
11.54,1402,-3.189234,-2.81753,2.81753
11.56,1402,-3.186257,-2.81753,2.81753
11.58,1400,-3.186352,-2.88501,2.88501
11.6,1402,-3.175428,-2.81753,2.81753
11.62,1402,-3.171113,-2.81753,2.81753
11.64,1399,-3.1724,-2.95249,2.95249
11.66,1402,-3.168979,-2.81753,2.81753
11.68,1402,-3.167819,-2.81753,2.81753
11.7,1399,-3.156419,-2.95249,2.95249
11.72,1400,-3.162217,-2.88501,2.88501
11.74,1400,-3.157367,-2.88501,2.88501
11.76,1402,-3.153927,-2.81753,2.81753
11.78,1400,-3.157521,-2.88501,2.88501
11.8,1400,-3.159087,-2.88501,2.88501
11.82,1400,-3.161563,-2.88501,2.88501
11.84,1399,-3.151119,-2.95249,2.95249
11.86,1400,-3.155753,-2.88501,2.88501
11.88,1400,-3.144389,-2.88501,2.88501
11.9,1400,-3.143101,-2.88501,2.88501
11.92,1399,-3.164088,-2.95249,2.95249
11.94,1400,-3.166437,-2.88501,2.88501
11.96,1399,-3.16854,-2.95249,2.95249
11.98,1402,-3.177132,-2.81753,2.81753
12,1399,-3.168144,-2.95249,2.95249
12.02,1399,-3.155944,-2.95249,2.95249
12.04,1402,-3.170002,-2.81753,2.81753
12.06,1399,-3.17925,-2.95249,2.95249
12.08,1402,-3.160952,-2.81753,2.81753
12.1,1399,-3.162384,-2.95249,2.95249
12.12,1400,-3.168173,-2.88501,2.88501
12.14,1399,-3.162926,-2.95249,2.95249
12.16,1400,-3.159342,-2.88501,2.88501
12.18,1402,-3.16143,-2.81753,2.81753
12.2,1400,-3.15835,-2.88501,2.88501
12.22,1400,-3.16476,-2.88501,2.88501
12.24,1402,-3.168941,-2.81753,2.81753
12.26,1400,-3.176519,-2.88501,2.88501
12.28,1402,-3.181601,-2.81753,2.81753
12.3,1400,-3.165948,-2.88501,2.88501
12.32,1402,-3.163498,-2.81753,2.81753
12.34,1400,-3.165188,-2.88501,2.88501
12.36,1400,-3.163416,-2.88501,2.88501
12.38,1400,-3.16368,-2.88501,2.88501
12.4,1400,-3.165313,-2.88501,2.88501
12.42,1400,-3.156825,-2.88501,2.88501
12.44,1402,-3.162982,-2.81753,2.81753
12.46,1402,-3.168762,-2.81753,2.81753
12.48,1399,-3.163593,-2.95249,2.95249
12.5,1400,-3.158573,-2.88501,2.88501
12.52,1400,-3.149134,-2.88501,2.88501
12.54,1400,-3.136968,-2.88501,2.88501
12.56,1400,-3.141341,-2.88501,2.88501
12.58,1402,-3.150027,-2.81753,2.81753
12.6,1400,-3.151714,-2.88501,2.88501
12.62,1399,-3.152221,-2.95249,2.95249
12.64,1402,-3.145143,-2.81753,2.81753
12.66,1399,-3.143853,-2.95249,2.95249
12.68,1400,-3.141266,-2.88501,2.88501
12.7,1402,-3.130867,-2.81753,2.81753
12.72,1400,-3.130025,-2.88501,2.88501
12.74,1400,-3.126613,-2.88501,2.88501
12.76,1402,-3.136096,-2.81753,2.81753
12.78,1400,-3.135889,-2.88501,2.88501
12.8,1400,-3.129448,-2.88501,2.88501
12.82,1400,-3.130524,-2.88501,2.88501
12.84,1400,-3.124278,-2.88501,2.88501
12.86,1402,-3.127721,-2.81753,2.81753
12.88,1399,-3.142054,-2.95249,2.95249
12.9,1400,-3.153614,-2.88501,2.88501
12.92,1400,-3.151542,-2.88501,2.88501
12.94,1400,-3.155475,-2.88501,2.88501
12.96,1399,-3.154682,-2.95249,2.95249
12.98,1399,-3.157969,-2.95249,2.95249
13,1402,-3.167323,-2.81753,2.81753
13.02,1400,-3.163329,-2.88501,2.88501
13.04,1400,-3.169148,-2.88501,2.88501
13.06,1400,-3.15447,-2.88501,2.88501
13.08,1400,-3.1626,-2.88501,2.88501
13.1,1400,-3.166129,-2.88501,2.88501
13.12,1400,-3.169494,-2.88501,2.88501
13.14,1400,-3.171268,-2.88501,2.88501
13.16,1402,-3.164942,-2.81753,2.81753
13.18,1400,-3.170525,-2.88501,2.88501
13.2,1402,-3.165213,-2.81753,2.81753
13.22,1399,-3.146403,-2.95249,2.95249
13.24,1399,-3.152164,-2.95249,2.95249
13.26,1400,-3.155827,-2.88501,2.88501
13.28,1400,-3.157295,-2.88501,2.88501
13.3,1402,-3.148215,-2.81753,2.81753
13.32,1400,-3.148256,-2.88501,2.88501
13.34,1402,-3.14068,-2.81753,2.81753
13.36,1400,-3.147627,-2.88501,2.88501
13.38,1399,-3.149401,-2.95249,2.95249
13.4,1400,-3.154936,-2.88501,2.88501
13.42,1400,-3.149804,-2.88501,2.88501
13.44,1400,-3.157063,-2.88501,2.88501
13.46,1402,-3.155055,-2.81753,2.81753
13.48,1402,-3.163485,-2.81753,2.81753
13.5,1399,-3.150806,-2.95249,2.95249
13.52,1400,-3.151838,-2.88501,2.88501
13.54,1400,-3.152219,-2.88501,2.88501
13.56,1402,-3.155816,-2.81753,2.81753
13.58,1400,-3.146696,-2.88501,2.88501
13.6,1400,-3.145983,-2.88501,2.88501
13.62,1399,-3.144098,-2.95249,2.95249
13.64,1399,-3.131513,-2.95249,2.95249
13.66,1402,-3.135694,-2.81753,2.81753
13.68,1400,-3.132941,-2.88501,2.88501
13.7,1399,-3.123573,-2.95249,2.95249
13.72,1400,-3.124331,-2.88501,2.88501
13.74,1400,-3.138834,-2.88501,2.88501
13.76,1400,-3.133829,-2.88501,2.88501
13.78,1399,-3.129673,-2.95249,2.95249
13.8,1400,-3.129144,-2.88501,2.88501
13.82,1400,-3.118224,-2.88501,2.88501
13.84,1400,-3.114857,-2.88501,2.88501
13.86,1400,-3.111812,-2.88501,2.88501
13.88,1400,-3.125782,-2.88501,2.88501
13.9,1400,-3.139865,-2.88501,2.88501
13.92,1399,-3.122273,-2.95249,2.95249
13.94,1399,-3.094138,-2.95249,2.95249
13.96,1399,-3.111165,-2.95249,2.95249
13.98,1400,-3.144706,-2.88501,2.88501
14,1399,-3.111551,-2.95249,2.95249
14.02,1399,-3.126627,-2.95249,2.95249
14.04,1400,-3.101577,-2.88501,2.88501
14.06,1400,-3.092719,-2.88501,2.88501
14.08,1400,-3.124892,-2.88501,2.88501
14.1,1400,-3.123218,-2.88501,2.88501
14.12,1400,-3.134391,-2.88501,2.88501
14.14,1399,-3.134121,-2.95249,2.95249
14.16,1400,-3.130066,-2.88501,2.88501
14.18,1400,-3.132896,-2.88501,2.88501
14.2,1400,-3.126483,-2.88501,2.88501
14.22,1400,-3.13077,-2.88501,2.88501
14.24,1402,-3.14066,-2.81753,2.81753
14.26,1400,-3.125215,-2.88501,2.88501
14.28,1400,-3.130424,-2.88501,2.88501
14.3,1400,-3.130547,-2.88501,2.88501
14.32,1400,-3.119765,-2.88501,2.88501
14.34,1400,-3.12324,-2.88501,2.88501
14.36,1399,-3.122677,-2.95249,2.95249
14.38,1400,-3.11274,-2.88501,2.88501
14.4,1402,-3.122495,-2.81753,2.81753
14.42,1400,-3.120008,-2.88501,2.88501
14.44,1400,-3.100301,-2.88501,2.88501
14.46,1400,-3.099448,-2.88501,2.88501
14.48,1400,-3.09062,-2.88501,2.88501
14.5,1402,-3.093782,-2.81753,2.81753
14.52,1399,-3.097281,-2.95249,2.95249
14.54,1399,-3.099093,-2.95249,2.95249
14.56,1402,-3.106034,-2.81753,2.81753
14.58,1402,-3.11818,-2.81753,2.81753
14.6,1400,-3.111611,-2.88501,2.88501
14.62,1399,-3.114119,-2.95249,2.95249
14.64,1402,-3.120393,-2.81753,2.81753
14.66,1400,-3.118462,-2.88501,2.88501
14.68,1402,-3.110479,-2.81753,2.81753
14.7,1400,-3.114756,-2.88501,2.88501
14.72,1400,-3.122845,-2.88501,2.88501
14.74,1400,-3.117839,-2.88501,2.88501
14.76,1400,-3.110009,-2.88501,2.88501
14.78,1400,-3.099912,-2.88501,2.88501
14.8,1402,-3.107939,-2.81753,2.81753
14.82,1399,-3.106904,-2.95249,2.95249
14.84,1402,-3.106765,-2.81753,2.81753
14.86,1400,-3.108193,-2.88501,2.88501
14.88,1402,-3.107184,-2.81753,2.81753
14.9,1399,-3.109742,-2.95249,2.95249
14.92,1400,-3.108901,-2.88501,2.88501
14.94,1402,-3.117969,-2.81753,2.81753
14.96,1400,-3.118779,-2.88501,2.88501
14.98,1399,-3.124125,-2.95249,2.95249
15,1400,-3.123696,-2.88501,2.88501
15.02,1399,-3.118294,-2.95249,2.95249
15.04,1400,-3.126221,-2.88501,2.88501
15.06,1400,-3.123475,-2.88501,2.88501
15.08,1400,-3.129784,-2.88501,2.88501
15.1,1402,-3.121391,-2.81753,2.81753
15.12,1400,-3.127757,-2.88501,2.88501
15.14,1402,-3.119293,-2.81753,2.81753
15.16,1402,-3.127542,-2.81753,2.81753
15.18,1400,-3.116186,-2.88501,2.88501
15.2,1400,-3.111581,-2.88501,2.88501
15.22,1402,-3.111162,-2.81753,2.81753
15.24,1400,-3.109277,-2.88501,2.88501
15.26,1402,-3.10433,-2.81753,2.81753
15.28,1399,-3.111771,-2.95249,2.95249
15.3,1400,-3.114136,-2.88501,2.88501
15.32,1400,-3.106881,-2.88501,2.88501
15.34,1400,-3.106303,-2.88501,2.88501
15.36,1400,-3.102262,-2.88501,2.88501
15.38,1405,-3.098868,-2.68257,2.68257
15.4,1402,-3.105179,-2.81753,2.81753
15.42,1402,-3.118955,-2.81753,2.81753
15.44,1399,-3.117378,-2.95249,2.95249
15.46,1402,-3.11836,-2.81753,2.81753
15.48,1399,-3.129268,-2.95249,2.95249
15.5,1402,-3.13791,-2.81753,2.81753
15.52,1402,-3.140261,-2.81753,2.81753
15.54,1400,-3.137669,-2.88501,2.88501
15.56,1400,-3.135761,-2.88501,2.88501
15.58,1399,-3.13309,-2.95249,2.95249
15.6,1400,-3.118033,-2.88501,2.88501
15.62,1402,-3.1253,-2.81753,2.81753
15.64,1400,-3.122978,-2.88501,2.88501
15.66,1402,-3.119007,-2.81753,2.81753
15.68,1400,-3.123972,-2.88501,2.88501
15.7,1402,-3.128448,-2.81753,2.81753
15.72,1400,-3.121992,-2.88501,2.88501
15.74,1400,-3.132789,-2.88501,2.88501
15.76,1400,-3.134958,-2.88501,2.88501
15.78,1400,-3.133908,-2.88501,2.88501
15.8,1400,-3.133456,-2.88501,2.88501
15.82,1399,-3.134072,-2.95249,2.95249
15.84,1400,-3.141054,-2.88501,2.88501
15.86,1402,-3.138,-2.81753,2.81753
15.88,1400,-3.140276,-2.88501,2.88501
15.9,1400,-3.139947,-2.88501,2.88501
15.92,1402,-3.138317,-2.81753,2.81753
15.94,1402,-3.134796,-2.81753,2.81753
15.96,1400,-3.137985,-2.88501,2.88501
15.98,1402,-3.139506,-2.81753,2.81753
16,1400,-3.134043,-2.88501,2.88501
16.02,1399,-3.134391,-2.95249,2.95249
16.04,1402,-3.125194,-2.81753,2.81753
16.06,1399,-3.129426,-2.95249,2.95249
16.08,1400,-3.130446,-2.88501,2.88501
16.1,1400,-3.126168,-2.88501,2.88501
16.12,1400,-3.13262,-2.88501,2.88501
16.14,1400,-3.137022,-2.88501,2.88501
16.16,1402,-3.137843,-2.81753,2.81753
16.18,1400,-3.139557,-2.88501,2.88501
16.2,1400,-3.128428,-2.88501,2.88501
16.22,1400,-3.122831,-2.88501,2.88501
16.24,1400,-3.135813,-2.88501,2.88501
16.26,1400,-3.125171,-2.88501,2.88501
16.28,1400,-3.134991,-2.88501,2.88501
16.3,1400,-3.128816,-2.88501,2.88501
16.32,1400,-3.132805,-2.88501,2.88501
16.34,1400,-3.142856,-2.88501,2.88501
16.36,1402,-3.137353,-2.81753,2.81753
16.38,1400,-3.130359,-2.88501,2.88501
16.4,1400,-3.132323,-2.88501,2.88501
16.42,1400,-3.132866,-2.88501,2.88501
16.44,1400,-3.129902,-2.88501,2.88501
16.46,1399,-3.125601,-2.95249,2.95249
16.48,1400,-3.119345,-2.88501,2.88501
16.5,1402,-3.116068,-2.81753,2.81753
16.52,1402,-3.126475,-2.81753,2.81753
16.54,1400,-3.130604,-2.88501,2.88501
16.56,1399,-3.137546,-2.95249,2.95249
16.58,1399,-3.142034,-2.95249,2.95249
16.6,1400,-3.142564,-2.88501,2.88501
16.62,1400,-3.142388,-2.88501,2.88501
16.64,1402,-3.136177,-2.81753,2.81753
16.66,1400,-3.136429,-2.88501,2.88501
16.68,1399,-3.123622,-2.95249,2.95249
16.7,1400,-3.118201,-2.88501,2.88501
16.72,1399,-3.125027,-2.95249,2.95249
16.74,1400,-3.126734,-2.88501,2.88501
16.76,1402,-3.127289,-2.81753,2.81753
16.78,1400,-3.129835,-2.88501,2.88501
16.8,1400,-3.117566,-2.88501,2.88501
16.82,1400,-3.117967,-2.88501,2.88501
16.84,1400,-3.132841,-2.88501,2.88501
16.86,1402,-3.130623,-2.81753,2.81753
16.88,1400,-3.126836,-2.88501,2.88501
16.9,1400,-3.12709,-2.88501,2.88501
16.92,1400,-3.117058,-2.88501,2.88501
16.94,1402,-3.118472,-2.81753,2.81753
16.96,1399,-3.12006,-2.95249,2.95249
16.98,1402,-3.122799,-2.81753,2.81753
17,1399,-3.130466,-2.95249,2.95249
17.02,1400,-3.120522,-2.88501,2.88501
17.04,1400,-3.117899,-2.88501,2.88501
17.06,1400,-3.11716,-2.88501,2.88501
17.08,1402,-3.118157,-2.81753,2.81753
17.1,1402,-3.12193,-2.81753,2.81753
17.12,1400,-3.130692,-2.88501,2.88501
17.14,1400,-3.125222,-2.88501,2.88501
17.16,1400,-3.132031,-2.88501,2.88501
17.18,1400,-3.133268,-2.88501,2.88501
17.2,1400,-3.125491,-2.88501,2.88501
17.22,1399,-3.128782,-2.95249,2.95249
17.24,1400,-3.134324,-2.88501,2.88501
17.26,1402,-3.135936,-2.81753,2.81753
17.28,1400,-3.131252,-2.88501,2.88501
17.3,1400,-3.127839,-2.88501,2.88501
17.32,1402,-3.115437,-2.81753,2.81753
17.34,1400,-3.113037,-2.88501,2.88501
17.36,1400,-3.104579,-2.88501,2.88501
17.38,1402,-3.109103,-2.81753,2.81753
17.4,1400,-3.117001,-2.88501,2.88501
17.42,1400,-3.122637,-2.88501,2.88501
17.44,1400,-3.133069,-2.88501,2.88501
17.46,1402,-3.130149,-2.81753,2.81753
17.48,1402,-3.137091,-2.81753,2.81753
17.5,1400,-3.139529,-2.88501,2.88501
17.52,1400,-3.139466,-2.88501,2.88501
17.54,1400,-3.136101,-2.88501,2.88501
17.56,1400,-3.137646,-2.88501,2.88501
17.58,1400,-3.12439,-2.88501,2.88501
17.6,1400,-3.120092,-2.88501,2.88501
17.62,1400,-3.113625,-2.88501,2.88501
17.64,1402,-3.110774,-2.81753,2.81753
17.66,1399,-3.112669,-2.95249,2.95249
17.68,1400,-3.113139,-2.88501,2.88501
17.7,1402,-3.098812,-2.81753,2.81753
17.72,1400,-3.104015,-2.88501,2.88501
17.74,1400,-3.098275,-2.88501,2.88501
17.76,1402,-3.100932,-2.81753,2.81753
17.78,1400,-3.108608,-2.88501,2.88501
17.8,1402,-3.107958,-2.81753,2.81753
17.82,1402,-3.107377,-2.81753,2.81753
17.84,1399,-3.107532,-2.95249,2.95249
17.86,1400,-3.11662,-2.88501,2.88501
17.88,1400,-3.123756,-2.88501,2.88501
17.9,1400,-3.127001,-2.88501,2.88501
17.92,1402,-3.12676,-2.81753,2.81753
17.94,1400,-3.126555,-2.88501,2.88501
17.96,1402,-3.117558,-2.81753,2.81753
17.98,1402,-3.114947,-2.81753,2.81753
18,1400,-3.114442,-2.88501,2.88501
18.02,1399,-3.114663,-2.95249,2.95249
18.04,1400,-3.12082,-2.88501,2.88501
18.06,1402,-3.120034,-2.81753,2.81753
18.08,1399,-3.12757,-2.95249,2.95249
18.1,1394,-3.126419,-3.15493,3.15493
18.12,1400,-3.124121,-2.88501,2.88501
18.14,1399,-3.120802,-2.95249,2.95249
18.16,1400,-3.12392,-2.88501,2.88501
18.18,1400,-3.125602,-2.88501,2.88501
18.2,1402,-3.133837,-2.81753,2.81753
18.22,1399,-3.135318,-2.95249,2.95249
18.24,1402,-3.134034,-2.81753,2.81753
18.26,1400,-3.145299,-2.88501,2.88501
18.28,1400,-3.140135,-2.88501,2.88501
18.3,1400,-3.134578,-2.88501,2.88501
18.32,1402,-3.134298,-2.81753,2.81753
18.34,1399,-3.128418,-2.95249,2.95249
18.36,1399,-3.120263,-2.95249,2.95249
18.38,1400,-3.111707,-2.88501,2.88501
18.4,1400,-3.11463,-2.88501,2.88501
18.42,1400,-3.121711,-2.88501,2.88501
18.44,1400,-3.116212,-2.88501,2.88501
18.46,1402,-3.114712,-2.81753,2.81753
18.48,1400,-3.121337,-2.88501,2.88501
18.5,1399,-3.115633,-2.95249,2.95249
18.52,1400,-3.113716,-2.88501,2.88501
18.54,1402,-3.106671,-2.81753,2.81753
18.56,1400,-3.111454,-2.88501,2.88501
18.58,1402,-3.113627,-2.81753,2.81753
18.6,1402,-3.12218,-2.81753,2.81753
18.62,1399,-3.122521,-2.95249,2.95249
18.64,1400,-3.133808,-2.88501,2.88501
18.66,1400,-3.133892,-2.88501,2.88501
18.68,1399,-3.157717,-2.95249,2.95249
18.7,1400,-3.146973,-2.88501,2.88501
18.72,1400,-3.162296,-2.88501,2.88501
18.74,1400,-3.176048,-2.88501,2.88501
18.76,1402,-3.171189,-2.81753,2.81753
18.78,1402,-3.175852,-2.81753,2.81753
18.8,1400,-3.165656,-2.88501,2.88501
18.82,1400,-3.16495,-2.88501,2.88501
18.84,1400,-3.153466,-2.88501,2.88501
18.86,1402,-3.1568,-2.81753,2.81753
18.88,1400,-3.16786,-2.88501,2.88501
18.9,1399,-3.1688,-2.95249,2.95249
18.92,1405,-3.170968,-2.68257,2.68257
18.94,1400,-3.171406,-2.88501,2.88501
18.96,1400,-3.175677,-2.88501,2.88501
