0,0,-0.04415734
0.02,0,-0.06527617
0.04,0,-0.008800879
0.06,0,0.05738527
0.08,0,0.004668236
0.1,0,-0.000490576
0.12,0,0.06183974
0.14,0,0.07203114
0.16,0,0.03153667
0.18,0,0.05417442
0.2,0,0.06686118
0.22,0,0.03931597
0.24,0,0.0306825
0.26,0,0.05970771
0.28,0,0.03452078
0.3,0,0.01386476
0.32,0,0.02831149
0.34,0,0.04885396
0.36,0,0.04587528
0.38,0,0.03976768
0.4,0,0.03385195
0.42,0,0.04039085
0.44,0,0.04559588
0.46,0,0.05976152
0.48,0,0.0542866
0.5,0,0.03660582
0.52,0,0.03556884
0.54,0,0.03209961
0.56,0,0.02692422
0.58,0,0.03260317
0.6,0,0.02014606
0.62,0,0.01834926
0.64,0,0.02223444
0.66,0,0.01246116
0.68,0,0.02401344
0.7,0,0.01631568
0.72,0,0.02160658
0.74,0,0.02818298
0.76,0,0.01612004
0.78,0,0.02728735
0.8,0,0.02042408
0.82,0,0.006623894
0.84,0,-0.0003262162
0.86,0,0.01833978
0.88,0,0.03785763
0.9,0,0.02401902
0.92,0,0.04155251
0.94,0,0.03777856
0.96,0,0.04210898
0.98,0,0.03325443
1,0,0.03453846
1.02,0,0.03142002
1.04,0,0.03152389
1.06,0,0.04480054
1.08,0,0.04341608
1.1,0,0.03915095
1.12,0,0.03279756
1.14,0,0.03534415
1.16,0,0.03119289
1.18,0,0.03640271
1.2,0,0.0347002
1.22,0,0.03400809
1.24,0,0.04360539
1.26,0,0.0406599
1.28,0,0.04296383
1.3,0,0.03722811
1.32,0,0.02949316
1.34,0,0.0356371
1.36,0,0.01402455
1.38,0,0.02682518
1.4,0,0.02605855
1.42,0,0.03281527
1.44,0,0.02071963
1.46,0,0.02967441
1.48,0,0.04497242
1.5,0,0.03792987
1.52,0,0.02946256
1.54,0,0.04648715
1.56,0,0.03637805
1.58,0,0.04939665
1.6,0,0.05337108
1.62,0,0.047504
1.64,0,0.04177622
1.66,0,0.04348522
1.68,0,0.03741782
1.7,0,0.03796783
1.72,0,0.02716326
1.74,0,0.02079012
1.76,0,0.03121184
1.78,0,0.03821116
1.8,0,0.04985434
1.82,0,0.04998013
1.84,0,0.04894844
1.86,0,0.03952943
1.88,0,0.06125272
1.9,0,0.05987077
1.92,0,0.04799487
1.94,0,0.03736031
1.96,0,0.03295091
1.98,0,0.03889883
2,0,0.0407267
2.02,5,0.03226324
2.04,5,0.0357146
2.06,5,0.124651
2.08,5,0.1628032
2.1,5,0.4664262
2.12,5,0.6617737
2.14,5,1.08446
2.16,5,1.206312
2.18,5,1.311139
2.2,5,1.393179
2.22,5,1.33484
2.24,5,1.324188
2.26,5,1.384798
2.28,5,1.369697
2.3,5,1.34239
2.32,5,1.331428
2.34,5,1.306415
2.36,5,1.303147
2.38,5,1.288123
2.4,5,1.284633
2.42,5,1.288997
2.44,5,1.303932
2.46,5,1.301409
2.48,5,1.288294
2.5,5,1.287755
2.52,5,1.262996
2.54,5,1.255198
2.56,5,1.249223
2.58,5,1.228102
2.6,5,1.229377
2.62,5,1.249499
2.64,5,1.238443
2.66,5,1.25237
2.68,5,1.245245
2.7,5,1.225423
2.72,5,1.221179
2.74,5,1.232236
2.76,5,1.252388
2.78,5,1.246792
2.8,5,1.261355
2.82,5,1.261157
2.84,5,1.272006
2.86,5,1.270574
2.88,5,1.256646
2.9,5,1.253571
2.92,5,1.253948
2.94,5,1.271173
2.96,5,1.2581
2.98,5,1.262099
3,5,1.26497
3.02,5,1.267086
3.04,5,1.253119
3.06,5,1.25534
3.08,5,1.272559
3.1,5,1.275025
3.12,5,1.260676
3.14,5,1.254533
3.16,5,1.265266
3.18,5,1.251937
3.2,5,1.258048
3.22,5,1.261339
3.24,5,1.266886
3.26,5,1.249014
3.28,5,1.247047
3.3,5,1.227364
3.32,5,1.246185
3.34,5,1.241409
3.36,5,1.241306
3.38,5,1.244794
3.4,5,1.24918
3.42,5,1.256556
3.44,5,1.274309
3.46,5,1.26243
3.48,5,1.262209
3.5,5,1.26951
3.52,5,1.256194
3.54,5,1.262498
3.56,5,1.269261
3.58,5,1.264819
3.6,5,1.247707
3.62,5,1.235898
3.64,5,1.23287
3.66,5,1.239344
3.68,5,1.236294
3.7,5,1.233562
3.72,5,1.231596
3.74,5,1.231819
3.76,5,1.236279
3.78,5,1.251432
3.8,5,1.256419
3.82,5,1.248996
3.84,5,1.243201
3.86,5,1.238145
3.88,5,1.248438
3.9,5,1.24398
3.92,5,1.246443
3.94,5,1.24205
3.96,5,1.226267
3.98,5,1.241111
4,5,1.241267
4.02,10,1.226361
4.04,10,1.257885
4.06,10,1.241667
4.08,10,1.535924
4.1,10,2.034069
4.12,10,2.096705
4.14,10,2.63062
4.16,10,2.569241
4.18,10,2.574239
4.2,10,2.561945
4.22,10,2.679456
4.24,10,2.824444
4.26,10,2.941335
4.28,10,2.931622
4.3,10,2.946989
4.32,10,2.971021
4.34,10,2.932884
4.36,10,2.936837
4.38,10,2.941313
4.4,10,2.957645
4.42,10,2.96611
4.44,10,2.973931
4.46,10,2.975529
4.48,10,2.992211
4.5,10,2.981338
4.52,10,2.990252
4.54,10,3.009217
4.56,10,3.008317
4.58,10,2.997681
4.6,10,2.999607
4.62,10,2.984063
4.64,10,2.97149
4.66,10,2.962581
4.68,10,2.972237
4.7,10,2.951609
4.72,10,2.940684
4.74,10,2.959273
4.76,10,2.951374
4.78,10,2.960784
4.8,10,2.962907
4.82,10,2.981957
4.84,10,2.977441
4.86,10,2.974687
4.88,10,2.968356
4.9,10,2.960234
4.92,10,2.960224
4.94,10,2.943106
4.96,10,2.962776
4.98,10,2.964894
5,10,2.964143
5.02,10,2.969959
5.04,10,2.980514
5.06,10,2.980902
5.08,10,2.984096
5.1,10,2.985823
5.12,10,2.983827
5.14,10,2.986983
5.16,10,2.974579
5.18,10,2.967513
5.2,10,2.931813
5.22,10,2.954892
5.24,10,2.988068
5.26,10,3.03963
5.28,10,2.983673
5.3,10,2.950119
5.32,10,3.01569
5.34,10,3.013866
5.36,10,3.002345
5.38,10,2.986778
5.4,10,3.030987
5.42,10,3.049423
5.44,10,3.049694
5.46,10,3.033392
5.48,10,3.049367
5.5,10,3.069275
5.52,10,3.069381
5.54,10,3.042332
5.56,10,3.045346
5.58,10,3.068697
5.6,10,3.057004
5.62,10,3.050563
5.64,10,3.059423
5.66,10,3.051937
5.68,10,3.049156
5.7,10,3.007096
5.72,10,3.014669
5.74,10,3.016928
5.76,10,3.009329
5.78,10,3.002862
5.8,10,3.025929
5.82,10,3.040754
5.84,10,3.029186
5.86,10,3.042671
5.88,10,2.954012
5.9,10,2.983328
5.92,10,3.002708
5.94,10,2.981924
5.96,10,2.97899
5.98,10,3.020694
6,10,3.057092
6.02,15,3.011394
6.04,15,2.979617
6.06,15,3.147105
6.08,15,3.16741
6.1,15,3.417521
6.12,15,3.706797
6.14,15,4.133251
6.16,15,4.256639
6.18,15,4.249877
6.2,15,4.407852
6.22,15,4.456077
6.24,15,4.519
6.26,15,4.545235
6.28,15,4.576154
6.3,15,4.616044
6.32,15,4.583622
6.34,15,4.578403
6.36,15,4.571153
6.38,15,4.574814
6.4,15,4.57432
6.42,15,4.566182
6.44,15,4.565361
6.46,15,4.575897
6.48,15,4.571525
6.5,15,4.566626
6.52,15,4.587561
6.54,15,4.599377
6.56,15,4.597487
6.58,15,4.581539
6.6,15,4.585403
6.62,15,4.582756
6.64,15,4.55391
6.66,15,4.539892
6.68,15,4.552933
6.7,15,4.551363
6.72,15,4.543644
6.74,15,4.552918
6.76,15,4.573719
6.78,15,4.569731
6.8,15,4.566015
6.82,15,4.580108
6.84,15,4.586932
6.86,15,4.573959
6.88,15,4.586826
6.9,15,4.585316
6.92,15,4.588
6.94,15,4.5934
6.96,15,4.585761
6.98,15,4.576493
7,15,4.569424
7.02,15,4.564608
7.04,15,4.558692
7.06,15,4.576111
7.08,15,4.601703
7.1,15,4.604458
7.12,15,4.629095
7.14,15,4.632886
7.16,15,4.619583
7.18,15,4.61947
7.2,15,4.602973
7.22,15,4.597085
7.24,15,4.597142
7.26,15,4.60334
7.28,15,4.598756
7.3,15,4.603915
7.32,15,4.596357
7.34,15,4.608246
7.36,15,4.587216
7.38,15,4.592754
7.4,15,4.586659
7.42,15,4.566091
7.44,15,4.563617
7.46,15,4.566287
7.48,15,4.58229
7.5,15,4.578701
7.52,15,4.586984
7.54,15,4.595651
7.56,15,4.602448
7.58,15,4.608552
7.6,15,4.606019
7.62,15,4.611468
7.64,15,4.59383
7.66,15,4.589305
7.68,15,4.598662
7.7,15,4.607944
7.72,15,4.605375
7.74,15,4.603056
7.76,15,4.607815
7.78,15,4.597401
7.8,15,4.608865
7.82,15,4.603931
7.84,15,4.618784
7.86,15,4.596028
7.88,15,4.582268
7.9,15,4.577439
7.92,15,4.593426
7.94,15,4.618493
7.96,15,4.633685
7.98,15,4.629014
8,15,4.605841
8.02,20,4.607523
8.04,20,4.681341
8.06,20,4.671728
8.08,20,4.993371
8.1,20,5.338027
8.12,20,5.549448
8.14,20,5.831283
8.16,20,5.921316
8.18,20,5.966435
8.2,20,6.048371
8.22,20,6.036731
8.24,20,6.070465
8.26,20,6.147414
8.28,20,6.183851
8.3,20,6.22763
8.32,20,6.21664
8.34,20,6.191783
8.36,20,6.206564
8.38,20,6.205891
8.4,20,6.202437
8.42,20,6.202119
8.44,20,6.217706
8.46,20,6.210871
8.48,20,6.210388
8.5,20,6.221549
8.52,20,6.225844
8.54,20,6.231391
8.56,20,6.182687
8.58,20,6.196482
8.6,20,6.217357
8.62,20,6.210897
8.64,20,6.190492
8.66,20,6.184309
8.68,20,6.192436
8.7,20,6.191279
8.72,20,6.232192
8.74,20,6.225062
8.76,20,6.236999
8.78,20,6.220739
8.8,20,6.214879
8.82,20,6.228662
8.84,20,6.226692
8.86,20,6.230414
8.88,20,6.21396
8.9,20,6.228669
8.92,20,6.222295
8.94,20,6.227278
8.96,20,6.224696
8.98,20,6.20866
9,20,6.210699
9.02,20,6.2187
9.04,20,6.209126
9.06,20,6.20242
9.08,20,6.213629
9.1,20,6.211438
9.12,20,6.232119
9.14,20,6.227856
9.16,20,6.214322
9.18,20,6.22593
9.2,20,6.236486
9.22,20,6.239123
9.24,20,6.231412
9.26,20,6.21339
9.28,20,6.204273
9.3,20,6.203818
9.32,20,6.209913
9.34,20,6.215276
9.36,20,6.230997
9.38,20,6.222654
9.4,20,6.227623
9.42,20,6.230578
9.44,20,6.230798
9.46,20,6.221759
9.48,20,6.21706
9.5,20,6.206788
9.52,20,6.199551
9.54,20,6.198684
9.56,20,6.19654
9.58,20,6.207176
9.6,20,6.215036
9.62,20,6.207097
9.64,20,6.226747
9.66,20,6.228889
9.68,20,6.215937
9.7,20,6.218365
9.72,20,6.223819
9.74,20,6.218337
9.76,20,6.221807
9.78,20,6.223222
9.8,20,6.223854
9.82,20,6.248463
9.84,20,6.243098
9.86,20,6.235561
9.88,20,6.222718
9.9,20,6.224041
9.92,20,6.222841
9.94,20,6.218793
9.96,20,6.236411
9.98,20,6.22561
10,20,6.225821
10.02,25,6.243822
10.04,25,6.247533
10.06,25,6.416077
10.08,25,6.51159
10.1,25,6.922299
10.12,25,7.308516
10.14,25,7.861866
10.16,25,8.132312
10.18,25,7.997966
10.2,25,7.786314
10.22,25,7.850341
10.24,25,7.878883
10.26,25,7.968145
10.28,25,8.009679
10.3,25,8.004034
10.32,25,8.017324
10.34,25,8.021517
10.36,25,7.986306
10.38,25,7.961215
10.4,25,7.937943
10.42,25,7.925689
10.44,25,7.913334
10.46,25,7.904103
10.48,25,7.903133
10.5,25,7.91151
10.52,25,7.892362
10.54,25,7.89742
10.56,25,7.914478
10.58,25,7.906637
10.6,25,7.912832
10.62,25,7.904504
10.64,25,7.89691
10.66,25,7.893991
10.68,25,7.905943
10.7,25,7.900069
10.72,25,7.910678
10.74,25,7.924023
10.76,25,7.913935
10.78,25,7.927481
10.8,25,7.920117
10.82,25,7.916613
10.84,25,7.910839
10.86,25,7.91353
10.88,25,7.924432
10.9,25,7.908983
10.92,25,7.904204
10.94,25,7.892707
10.96,25,7.9101
10.98,25,7.906383
11,25,7.89868
11.02,25,7.913557
11.04,25,7.91967
11.06,25,7.924801
11.08,25,7.916935
11.1,25,7.909157
11.12,25,7.922961
11.14,25,7.90813
11.16,25,7.916802
11.18,25,7.921977
11.2,25,7.910677
11.22,25,7.908242
11.24,25,7.913496
11.26,25,7.927948
11.28,25,7.942768
11.3,25,7.94227
11.32,25,7.940162
11.34,25,7.929935
11.36,25,7.91857
11.38,25,7.905681
11.4,25,7.907729
11.42,25,7.894147
11.44,25,7.897692
11.46,25,7.906532
11.48,25,7.920299
11.5,25,7.926458
11.52,25,7.918844
11.54,25,7.928747
11.56,25,7.933836
11.58,25,7.928781
11.6,25,7.919321
11.62,25,7.922979
11.64,25,7.924439
11.66,25,7.901324
11.68,25,7.916716
11.7,25,7.914094
11.72,25,7.910275
11.74,25,7.902828
11.76,25,7.905638
11.78,25,7.900745
11.8,25,7.914744
11.82,25,7.912897
11.84,25,7.916675
11.86,25,7.929215
11.88,25,7.930196
11.9,25,7.917471
11.92,25,7.904157
11.94,25,7.884819
11.96,25,7.887846
11.98,25,7.891382
12,25,7.901403
12.02,30,7.913398
12.04,30,7.914258
12.06,30,8.025595
12.08,30,8.057711
12.1,30,8.398644
12.12,30,8.960114
12.14,30,9.031588
12.16,30,9.525253
12.18,30,9.205218
12.2,30,9.250334
12.22,30,9.072814
12.24,30,9.218378
12.26,30,9.260742
12.28,30,9.337614
12.3,30,9.380045
12.32,30,9.383656
12.34,30,9.385478
12.36,30,9.391476
12.38,30,9.380291
12.4,30,9.387625
12.42,30,9.396941
12.44,30,9.40414
12.46,30,9.396988
12.48,30,9.389225
12.5,30,9.391283
12.52,30,9.402189
12.54,30,9.402245
12.56,30,9.390831
12.58,30,9.408219
12.6,30,9.406216
12.62,30,9.415699
12.64,30,9.429969
12.66,30,9.427849
12.68,30,9.430994
12.7,30,9.435553
12.72,30,9.439563
12.74,30,9.449006
12.76,30,9.457204
12.78,30,9.463871
12.8,30,9.468362
12.82,30,9.444632
12.84,30,9.438616
12.86,30,9.439043
12.88,30,9.496006
12.9,30,9.512409
12.92,30,9.564171
12.94,30,9.620197
12.96,30,9.600764
12.98,30,9.613848
13,30,9.606123
13.02,30,9.604347
13.04,30,9.588273
13.06,30,9.585896
13.08,30,9.607418
13.1,30,9.588033
13.12,30,9.574368
13.14,30,9.567998
13.16,30,9.559649
13.18,30,9.570277
13.2,30,9.561861
13.22,30,9.556007
13.24,30,9.552341
13.26,30,9.562888
13.28,30,9.552054
13.3,30,9.53136
13.32,30,9.549932
13.34,30,9.54954
13.36,30,9.560565
13.38,30,9.554462
13.4,30,9.559023
13.42,30,9.543933
13.44,30,9.542907
13.46,30,9.551445
13.48,30,9.548226
13.5,30,9.559688
13.52,30,9.556771
13.54,30,9.569118
13.56,30,9.567029
13.58,30,9.569549
13.6,30,9.563665
13.62,30,9.572157
13.64,30,9.576197
13.66,30,9.567942
13.68,30,9.597302
13.7,30,9.649423
13.72,30,9.623213
13.74,30,9.659959
13.76,30,9.690966
13.78,30,9.655289
13.8,30,9.651593
13.82,30,9.641127
13.84,30,9.633444
13.86,30,9.644425
13.88,30,9.651243
13.9,30,9.63658
13.92,30,9.629665
13.94,30,9.633714
13.96,30,9.627068
13.98,30,9.627141
14,30,9.625134
14.02,25,9.621338
14.04,25,9.586562
14.06,25,9.409546
14.08,25,9.455969
14.1,25,9.100778
14.12,25,8.895929
14.14,25,8.457344
14.16,25,8.271394
14.18,25,8.230327
14.2,25,8.232208
14.22,25,8.207335
14.24,25,8.199883
14.26,25,8.161755
14.28,25,8.173948
14.3,25,8.21342
14.32,25,8.226098
14.34,25,8.237913
14.36,25,8.22555
14.38,25,8.217636
14.4,25,8.212969
14.42,25,8.240408
14.44,25,8.153394
14.46,25,8.197213
14.48,25,8.282146
14.5,25,8.222362
14.52,25,8.210067
14.54,25,8.2373
14.56,25,8.247837
14.58,25,8.185197
14.6,25,8.171043
14.62,25,8.212677
14.64,25,8.208805
14.66,25,8.173097
14.68,25,8.193572
14.7,25,8.20233
14.72,25,8.18866
14.74,25,8.158444
14.76,25,8.187991
14.78,25,8.198286
14.8,25,8.201413
14.82,25,8.189668
14.84,25,8.209204
14.86,25,8.195013
14.88,25,8.184522
14.9,25,8.185803
14.92,25,8.200605
14.94,25,8.206962
14.96,25,8.21569
14.98,25,8.218632
15,25,8.214496
15.02,25,8.230267
15.04,25,8.254634
15.06,25,8.251581
15.08,25,8.24771
15.1,25,8.239233
15.12,25,8.225525
15.14,25,8.22876
15.16,25,8.225135
15.18,25,8.220239
15.2,25,8.229681
15.22,25,8.234842
15.24,25,8.231121
15.26,25,8.232584
15.28,25,8.228515
15.3,25,8.230028
15.32,25,8.22126
15.34,25,8.212187
15.36,25,8.224532
15.38,25,8.22984
15.4,25,8.226058
15.42,25,8.209484
15.44,25,8.216537
15.46,25,8.244111
15.48,25,8.2328
15.5,25,8.231667
15.52,25,8.223895
15.54,25,8.222594
15.56,25,8.223974
15.58,25,8.231999
15.6,25,8.219944
15.62,25,8.206272
15.64,25,8.203484
15.66,25,8.204815
15.68,25,8.183756
15.7,25,8.170115
15.72,25,8.189656
15.74,25,8.17908
15.76,25,8.19124
15.78,25,8.185854
15.8,25,8.217381
15.82,25,8.201921
15.84,25,8.189227
15.86,25,8.176733
15.88,25,8.187059
15.9,25,8.186766
15.92,25,8.19366
15.94,25,8.188513
15.96,25,8.17526
15.98,25,8.179572
16,25,8.17686
16.02,20,8.185959
16.04,20,8.186075
16.06,20,7.949416
16.08,20,8.021852
16.1,20,7.759966
16.12,20,7.40703
16.14,20,6.830395
16.16,20,6.660054
16.18,20,6.552498
16.2,20,6.52596
16.22,20,6.460362
16.24,20,6.467877
16.26,20,6.489526
16.28,20,6.484906
16.3,20,6.502244
16.32,20,6.491863
16.34,20,6.492157
16.36,20,6.521119
16.38,20,6.531813
16.4,20,6.551848
16.42,20,6.547753
16.44,20,6.542178
16.46,20,6.538615
16.48,20,6.553493
16.5,20,6.550064
16.52,20,6.567919
16.54,20,6.561154
16.56,20,6.568292
16.58,20,6.583779
16.6,20,6.601166
16.62,20,6.60184
16.64,20,6.603223
16.66,20,6.616606
16.68,20,6.614122
16.7,20,6.607913
16.72,20,6.61656
16.74,20,6.641746
16.76,20,6.643895
16.78,20,6.654297
16.8,20,6.650848
16.82,20,6.648413
16.84,20,6.646877
16.86,20,6.639146
16.88,20,6.630458
16.9,20,6.626966
16.92,20,6.615981
16.94,20,6.617225
16.96,20,6.624915
16.98,20,6.637263
17,20,6.62377
17.02,20,6.62582
17.04,20,6.622388
17.06,20,6.632493
17.08,20,6.636637
17.1,20,6.637082
17.12,20,6.634057
17.14,20,6.623216
17.16,20,6.646986
17.18,20,6.658948
17.2,20,6.655834
17.22,20,6.644764
17.24,20,6.626432
17.26,20,6.64359
17.28,20,6.644675
17.3,20,6.63267
17.32,20,6.647883
17.34,20,6.611365
17.36,20,6.612932
17.38,20,6.606108
17.4,20,6.621069
17.42,20,6.623009
17.44,20,6.620316
17.46,20,6.612041
17.48,20,6.61883
17.5,20,6.616282
17.52,20,6.625546
17.54,20,6.600821
17.56,20,6.590998
17.58,20,6.609756
17.6,20,6.609864
17.62,20,6.623882
17.64,20,6.629324
17.66,20,6.638609
17.68,20,6.632161
17.7,20,6.619715
17.72,20,6.608417
17.74,20,6.611247
17.76,20,6.627451
17.78,20,6.627364
17.8,20,6.606867
17.82,20,6.608704
17.84,20,6.612253
17.86,20,6.624818
17.88,20,6.624927
17.9,20,6.621947
17.92,20,6.615146
17.94,20,6.632485
17.96,20,6.626493
17.98,20,6.618041
18,20,6.611456
18.02,15,6.610411
18.04,15,6.461946
18.06,15,6.482571
18.08,15,6.372175
18.1,15,5.873872
18.12,15,5.232489
18.14,15,5.018376
18.16,15,4.906774
18.18,15,4.898645
18.2,15,4.892372
18.22,15,4.738934
18.24,15,4.702215
18.26,15,4.676599
18.28,15,4.678299
18.3,15,4.722954
18.32,15,4.735051
18.34,15,4.739513
18.36,15,4.714349
18.38,15,4.72022
18.4,15,4.732675
18.42,15,4.746908
18.44,15,4.73697
18.46,15,4.735864
18.48,15,4.727603
18.5,15,4.731678
18.52,15,4.723493
18.54,15,4.72674
18.56,15,4.721191
18.58,15,4.719002
18.6,15,4.737026
18.62,15,4.735212
18.64,15,4.7495
18.66,15,4.761335
18.68,15,4.743098
18.7,15,4.753738
18.72,15,4.759236
18.74,15,4.748951
18.76,15,4.750845
18.78,15,4.756774
18.8,15,4.733789
18.82,15,4.720362
18.84,15,4.72007
18.86,15,4.706802
18.88,15,4.714886
18.9,15,4.739622
18.92,15,4.735961
18.94,15,4.745042
18.96,15,4.738454
18.98,15,4.742465
19,15,4.735965
19.02,15,4.723806
19.04,15,4.727655
19.06,15,4.732568
19.08,15,4.728917
19.1,15,4.744611
19.12,15,4.725882
19.14,15,4.714019
19.16,15,4.70898
19.18,15,4.717576
19.2,15,4.713655
19.22,15,4.719827
19.24,15,4.727029
19.26,15,4.717384
19.28,15,4.72602
19.3,15,4.725207
19.32,15,4.72909
19.34,15,4.72723
19.36,15,4.747364
19.38,15,4.738743
19.4,15,4.722784
19.42,15,4.709647
19.44,15,4.701677
19.46,15,4.724693
19.48,15,4.716967
19.5,15,4.701915
19.52,15,4.718199
19.54,15,4.723736
19.56,15,4.720987
19.58,15,4.748316
19.6,15,4.74541
19.62,15,4.764718
19.64,15,4.755677
19.66,15,4.750516
19.68,15,4.752054
19.7,15,4.76122
19.72,15,4.765757
19.74,15,4.783104
19.76,15,4.777646
19.78,15,4.761658
19.8,15,4.756411
19.82,15,4.738781
19.84,15,4.735129
19.86,15,4.738311
19.88,15,4.736735
19.9,15,4.738601
19.92,15,4.752404
19.94,15,4.746958
19.96,15,4.74043
19.98,15,4.741826
20,15,4.726714
20.02,10,4.745269
20.04,10,4.769936
20.06,10,4.562502
20.08,10,4.450081
20.1,10,4.075444
20.12,10,3.754265
20.14,10,3.353809
20.16,10,3.190857
20.18,10,3.163334
20.2,10,3.148341
20.22,10,3.141973
20.24,10,3.127088
20.26,10,3.192116
20.28,10,3.180466
20.3,10,3.162071
20.32,10,3.179114
20.34,10,3.200176
20.36,10,3.216447
20.38,10,3.214614
20.4,10,3.211946
20.42,10,3.219866
20.44,10,3.223657
20.46,10,3.232726
20.48,10,3.254756
20.5,10,3.249174
20.52,10,3.240269
20.54,10,3.243584
20.56,10,3.256915
20.58,10,3.259461
20.6,10,3.266137
20.62,10,3.260695
20.64,10,3.268103
20.66,10,3.251621
20.68,10,3.242979
20.7,10,3.248507
20.72,10,3.248233
20.74,10,3.253311
20.76,10,3.244118
20.78,10,3.250518
20.8,10,3.254681
20.82,10,3.244389
20.84,10,3.217858
20.86,10,3.217021
20.88,10,3.21375
20.9,10,3.219197
20.92,10,3.226349
20.94,10,3.235816
20.96,10,3.239964
20.98,10,3.233509
21,10,3.230896
21.02,10,3.219012
21.04,10,3.225281
21.06,10,3.226057
21.08,10,3.232098
21.1,10,3.237268
21.12,10,3.246881
21.14,10,3.237195
21.16,10,3.237401
21.18,10,3.234653
21.2,10,3.243344
21.22,10,3.247806
21.24,10,3.228162
21.26,10,3.218173
21.28,10,3.213156
21.3,10,3.21639
21.32,10,3.232966
21.34,10,3.239039
21.36,10,3.239237
21.38,10,3.247707
21.4,10,3.243594
21.42,10,3.234061
21.44,10,3.231393
21.46,10,3.219882
21.48,10,3.201947
21.5,10,3.204836
21.52,10,3.206841
21.54,10,3.206245
21.56,10,3.198617
21.58,10,3.190741
21.6,10,3.200255
21.62,10,3.222276
21.64,10,3.217562
21.66,10,3.221555
21.68,10,3.216111
21.7,10,3.227215
21.72,10,3.224379
21.74,10,3.248112
21.76,10,3.243327
21.78,10,3.234962
21.8,10,3.247863
21.82,10,3.247282
21.84,10,3.25159
21.86,10,3.244367
21.88,10,3.260648
21.9,10,3.261669
21.92,10,3.266104
21.94,10,3.264846
21.96,10,3.261009
21.98,10,3.257229
22,10,3.25966
22.02,5,3.248771
22.04,5,3.238784
22.06,5,3.066687
22.08,5,3.099922
22.1,5,3.00085
22.12,5,2.649638
22.14,5,2.117853
22.16,5,1.908745
22.18,5,1.816752
22.2,5,1.754818
22.22,5,1.684965
22.24,5,1.697505
22.26,5,1.674165
22.28,5,1.599756
22.3,5,1.592623
22.32,5,1.618867
22.34,5,1.62974
22.36,5,1.602072
22.38,5,1.585021
22.4,5,1.568639
22.42,5,1.564886
22.44,5,1.575561
22.46,5,1.57754
22.48,5,1.580061
22.5,5,1.59054
22.52,5,1.595565
22.54,5,1.599438
22.56,5,1.599647
22.58,5,1.59502
22.6,5,1.58626
22.62,5,1.57757
22.64,5,1.587065
22.66,5,1.589067
22.68,5,1.587621
22.7,5,1.588552
22.72,5,1.577426
22.74,5,1.585703
22.76,5,1.571644
22.78,5,1.566715
22.8,5,1.581055
22.82,5,1.58646
22.84,5,1.59606
22.86,5,1.600784
22.88,5,1.582028
22.9,5,1.591244
22.92,5,1.605432
22.94,5,1.611302
22.96,5,1.601637
22.98,5,1.595656
23,5,1.583982
23.02,5,1.573822
23.04,5,1.573983
23.06,5,1.567878
23.08,5,1.5835
23.1,5,1.576439
23.12,5,1.57942
23.14,5,1.593864
23.16,5,1.58824
23.18,5,1.58813
23.2,5,1.591925
23.22,5,1.584593
23.24,5,1.565649
23.26,5,1.582177
23.28,5,1.591925
23.3,5,1.574287
23.32,5,1.578282
23.34,5,1.564169
23.36,5,1.57111
23.38,5,1.578037
23.4,5,1.595454
23.42,5,1.59296
23.44,5,1.591267
23.46,5,1.591046
23.48,5,1.600146
23.5,5,1.595236
23.52,5,1.589274
23.54,5,1.590154
23.56,5,1.591738
23.58,5,1.578278
23.6,5,1.582091
23.62,5,1.57525
23.64,5,1.596635
23.66,5,1.599842
23.68,5,1.604622
23.7,5,1.598726
23.72,5,1.603325
23.74,5,1.614503
23.76,5,1.602207
23.78,5,1.599967
23.8,5,1.600255
23.82,5,1.619213
23.84,5,1.622859
23.86,5,1.594794
23.88,5,1.60192
23.9,5,1.602681
23.92,5,1.601989
23.94,5,1.588871
23.96,5,1.585478
23.98,5,1.575845
24,5,1.582472
24.02,0,1.561007
24.04,0,1.524101
24.06,0,1.383331
24.08,0,1.430321
24.1,0,0.9734693
24.12,0,0.6922369
24.14,0,0.3357531
24.16,0,0.228226
24.18,0,0.2156931
24.2,0,0.1482392
24.22,0,0.05856147
24.24,0,0.06905985
24.26,0,0.103151
24.28,0,0.1036646
24.3,0,0.06694152
24.32,0,0.05357179
24.34,0,0.03862732
24.36,0,0.03412288
24.38,0,0.03568151
24.4,0,0.04108104
24.42,0,0.02964769
24.44,0,0.01934553
24.46,0,0.03583464
24.48,0,0.04804391
24.5,0,0.04915802
24.52,0,0.04118966
24.54,0,0.04055875
24.56,0,0.04265872
24.58,0,0.03591513
24.6,0,0.03275395
24.62,0,0.05087982
24.64,0,0.06131598
24.66,0,0.04963698
24.68,0,0.0439907
24.7,0,0.0358405
24.72,0,0.0338228
24.74,0,0.03056309
24.76,0,0.01348861
24.78,0,0.01778488
24.8,0,0.04062178
24.82,0,0.03463871
24.84,0,0.04898305
24.86,0,0.05261334
24.88,0,0.04851656
24.9,0,0.04091995
24.92,0,0.04542398
24.94,0,0.04608805
24.96,0,0.05293118
24.98,0,0.03798383
25,0,0.02148018
25.02,0,0.01611588
25.04,0,0.02443786
25.06,0,0.01354542
25.08,0,0.01964049
25.1,0,0.0127974
25.12,0,0.0131709
25.14,0,0.00510015
25.16,0,0.01676292
25.18,0,0.01496453
25.2,0,0.02855721
25.22,0,0.02483488
25.24,0,0.01943944
25.26,0,0.02829902
25.28,0,0.02258049
25.3,0,0.03274428
25.32,0,0.03705121
25.34,0,0.03797243
25.36,0,0.04459799
25.38,0,0.04236874
25.4,0,0.04568375
25.42,0,0.0433542
25.44,0,0.04286077
25.46,0,0.06172098
25.48,0,0.06020194
25.5,0,0.06231941
25.52,0,0.05960192
25.54,0,0.04114917
25.56,0,0.03166702
25.58,0,0.0333994
25.6,0,0.03309828
25.62,0,0.03774175
25.64,0,0.05373156
25.66,0,0.04367949
25.68,0,0.03730431
25.7,0,0.04365856
25.72,0,0.03866008
25.74,0,0.04016853
25.76,0,0.01761991
25.78,0,0.0220987
25.8,0,0.02780894
25.82,0,0.04939707
25.84,0,0.05708453
25.86,0,0.0645456
25.88,0,0.04908946
25.9,0,0.04864502
25.92,0,0.03591842
25.94,0,0.03227819
25.96,0,0.01516161
25.98,0,0.01257199
26,0,0.02418207
26.02,0,0.02418207
