0,0,0.01655734
0.02,0,0.01873008
0.04,0,0.0172602
0.06,0,0.007770389
0.08,0,0.01148043
0.1,0,0.01077418
0.12,0,0.00394886
0.14,0,0.01240949
0.16,0,0.02029254
0.18,0,0.02552589
0.2,0,0.02928327
0.22,0,0.03477144
0.24,0,0.05427089
0.26,0,0.05520803
0.28,0,0.0472318
0.3,0,0.04421833
0.32,0,0.03984593
0.34,0,0.03676865
0.36,0,0.03449401
0.38,0,0.03998103
0.4,0,0.02930456
0.42,0,0.02070385
0.44,0,0.02912661
0.46,0,0.04626841
0.48,0,0.0464124
0.5,0,0.04987688
0.52,0,0.05015419
0.54,0,0.05046756
0.56,0,0.05718719
0.58,0,0.06170611
0.6,0,0.06007562
0.62,0,0.06525078
0.64,0,0.06552798
0.66,0,0.07666673
0.68,0,0.09199846
0.7,0,0.09352341
0.72,0,0.09426133
0.74,0,0.09129182
0.76,0,0.08507375
0.78,0,0.09126107
0.8,0,0.09743954
0.82,0,0.09554556
0.84,0,0.1049543
0.86,0,0.09618423
0.88,0,0.09434663
0.9,0,0.08628014
0.92,0,0.08078405
0.94,0,0.07572712
0.96,0,0.08136476
0.98,0,0.067572
1,0,0.06809533
1.02,0,0.05774824
1.04,0,0.05484814
1.06,0,0.05262796
1.08,0,0.04827672
1.1,0,0.03468208
1.12,0,0.02586508
1.14,0,0.02479742
1.16,0,0.02145922
1.18,0,0.0226968
1.2,0,0.02326898
1.22,0,0.03600617
1.24,0,0.04528758
1.26,0,0.03371295
1.28,0,0.02363151
1.3,0,0.04001908
1.32,0,0.05369378
1.34,0,0.04414133
1.36,0,0.05624357
1.38,0,0.06479757
1.4,0,0.07049843
1.42,0,0.07484341
1.44,0,0.08079209
1.46,0,0.08106209
1.48,0,0.0727389
1.5,0,0.07595073
1.52,0,0.06410217
1.54,0,0.06381921
1.56,0,0.05254912
1.58,0,0.04704405
1.6,0,0.06020352
1.62,0,0.06911257
1.64,0,0.06322668
1.66,0,0.07296596
1.68,0,0.065602
1.7,0,0.05095843
1.72,0,0.04964913
1.74,0,0.05450866
1.76,0,0.06736222
1.78,0,0.06359985
1.8,0,0.06343805
1.82,0,0.08038117
1.84,0,0.0760246
1.86,0,0.07147847
1.88,0,0.08175998
1.9,0,0.07592805
1.92,0,0.0769944
1.94,0,0.06950241
1.96,0,0.06897268
1.98,0,0.06573806
2,0,0.0526811
2.02,10,0.05213047
2.04,10,0.04987375
2.06,10,-0.03976516
2.08,10,0.5851657
2.1,10,1.390434
2.12,10,1.97308
2.14,10,2.496776
2.16,10,2.731831
2.18,10,2.856041
2.2,10,3.018101
2.22,10,2.984927
2.24,10,3.022988
2.26,10,3.065504
2.28,10,3.048563
2.3,10,3.075927
2.32,10,3.056672
2.34,10,3.040281
2.36,10,3.023389
2.38,10,3.05585
2.4,10,3.058334
2.42,10,3.069761
2.44,10,3.056716
2.46,10,3.050241
2.48,10,3.057304
2.5,10,3.052892
2.52,10,3.050602
2.54,10,3.047705
2.56,10,3.058957
2.58,10,3.056145
2.6,10,3.051904
2.62,10,3.053733
2.64,10,3.059904
2.66,10,3.05819
2.68,10,3.053048
2.7,10,3.048878
2.72,10,3.058655
2.74,10,3.06188
2.76,10,3.055865
2.78,10,3.053278
2.8,10,3.059804
2.82,10,3.063021
2.84,10,3.062228
2.86,10,3.068629
2.88,10,3.065306
2.9,10,3.049055
2.92,10,3.037867
2.94,10,3.051361
2.96,10,3.044561
2.98,10,3.044466
3,10,3.053926
3.02,10,3.056359
3.04,10,3.054948
3.06,10,3.063712
3.08,10,3.07523
3.1,10,3.074891
3.12,10,3.068119
3.14,10,3.085376
3.16,10,3.08957
3.18,10,3.084626
3.2,10,3.079299
3.22,10,3.0748
3.24,10,3.086639
3.26,10,3.078883
3.28,10,3.074797
3.3,10,3.075558
3.32,10,3.084717
3.34,10,3.077297
3.36,10,3.072421
3.38,10,3.067743
3.4,10,3.071933
3.42,10,3.061546
3.44,10,3.06911
3.46,10,3.071386
3.48,10,3.069124
3.5,10,3.055158
3.52,10,3.065469
3.54,10,3.074744
3.56,10,3.073947
3.58,10,3.061548
3.6,10,3.058647
3.62,10,3.06061
3.64,10,3.057928
3.66,10,3.066143
3.68,10,3.066933
3.7,10,3.068112
3.72,10,3.075294
3.74,10,3.08704
3.76,10,3.08924
3.78,10,3.109688
3.8,10,3.091448
3.82,10,3.064287
3.84,10,3.061005
3.86,10,3.053216
3.88,10,3.048146
3.9,10,3.060891
3.92,10,3.070956
3.94,10,3.057092
3.96,10,3.044121
3.98,10,3.034155
4,10,3.042904
4.02,0,3.034598
4.04,0,3.035786
4.06,0,2.694083
4.08,0,2.031793
4.1,0,1.100309
4.12,0,0.96885
4.14,0,0.6958985
4.16,0,0.1616184
4.18,0,0.1235464
4.2,0,0.1338196
4.22,0,0.04658294
4.24,0,0.009373035
4.26,0,-0.08066545
4.28,0,-0.1269208
4.3,0,-0.1551889
4.32,0,-0.1389122
4.34,0,-0.1397596
4.36,0,-0.1431434
4.38,0,-0.1426939
4.4,0,-0.126457
4.42,0,-0.1303136
4.44,0,-0.1044259
4.46,0,-0.1048214
4.48,0,-0.09360095
4.5,0,-0.08213085
4.52,0,-0.07182356
4.54,0,-0.05607698
4.56,0,-0.06298336
4.58,0,-0.06190706
4.6,0,-0.06882247
4.62,0,-0.07134467
4.64,0,-0.06307382
4.66,0,-0.06194746
4.68,0,-0.0669781
4.7,0,-0.05537676
4.72,0,-0.05325986
4.74,0,-0.05008938
4.76,0,-0.06556715
4.78,0,-0.03876684
4.8,0,-0.01954536
4.82,0,-0.02967416
4.84,0,-0.01795834
4.86,0,-0.00143452
4.88,0,0.007853873
4.9,0,0.005296558
4.92,0,0.004699543
4.94,0,0.001899764
4.96,0,0.008936293
4.98,0,0.01054209
5,0,0.03878367
5.02,0,0.04677739
5.04,0,0.04043764
5.06,0,0.03161027
5.08,0,0.03804122
5.1,0,0.04285797
5.12,0,0.0517892
5.14,0,0.04613051
5.16,0,0.04018377
5.18,0,0.03350741
5.2,0,0.03126796
5.22,0,0.0451871
5.24,0,0.04941482
5.26,0,0.05967412
5.28,0,0.06519913
5.3,0,0.06467409
5.32,0,0.06543157
5.34,0,0.0753434
5.36,0,0.06146504
5.38,0,0.05723253
5.4,0,0.06381048
5.42,0,0.05656355
5.44,0,0.05168093
5.46,0,0.05761707
5.48,0,0.08293357
5.5,0,0.09083447
5.52,0,0.04863819
5.54,0,0.05685123
5.56,0,0.07815449
5.58,0,0.09287518
5.6,0,0.08157998
5.62,0,0.07958388
5.64,0,0.07201944
5.66,0,0.06698908
5.68,0,0.05596029
5.7,0,0.05926022
5.72,0,0.06485549
5.74,0,0.06746298
5.76,0,0.07648978
5.78,0,0.07557404
5.8,0,0.09928022
5.82,0,0.09725788
5.84,0,0.07333186
5.86,0,0.06271183
5.88,0,0.08162521
5.9,0,0.08571157
5.92,0,0.09567949
5.94,0,0.09668613
5.96,0,0.1154427
5.98,0,0.1094201
6,0,0.07523046
6.02,10,0.06302774
6.04,10,0.08716556
6.06,10,0.07745015
6.08,10,0.9750884
6.1,10,1.75173
6.12,10,2.18826
6.14,10,2.750241
6.16,10,2.941296
6.18,10,3.052391
6.2,10,3.185613
6.22,10,3.181966
6.24,10,3.219553
6.26,10,3.217383
6.28,10,3.237879
6.3,10,3.224861
6.32,10,3.23901
6.34,10,3.237197
6.36,10,3.196948
6.38,10,3.177903
6.4,10,3.148774
6.42,10,3.128083
6.44,10,3.130147
6.46,10,3.111712
6.48,10,3.094077
6.5,10,3.076367
6.52,10,3.061237
6.54,10,3.059575
6.56,10,3.057199
6.58,10,3.030608
6.6,10,3.015691
6.62,10,3.033846
6.64,10,3.038788
6.66,10,3.026828
6.68,10,3.029857
6.7,10,3.036267
6.72,10,3.041947
6.74,10,3.024447
6.76,10,3.033551
6.78,10,3.026285
6.8,10,3.014827
6.82,10,3.004221
6.84,10,3.010891
6.86,10,3.028528
6.88,10,3.00343
6.9,10,2.985994
6.92,10,2.990487
6.94,10,2.986819
6.96,10,2.969294
6.98,10,2.9585
7,10,2.975242
7.02,10,2.984374
7.04,10,2.985201
7.06,10,2.987613
7.08,10,2.995662
7.1,10,3.00313
7.12,10,2.987605
7.14,10,2.980244
7.16,10,2.984826
7.18,10,2.969683
7.2,10,2.973981
7.22,10,2.975727
7.24,10,2.98871
7.26,10,2.986145
7.28,10,2.980001
7.3,10,2.975319
7.32,10,2.964607
7.34,10,2.956663
7.36,10,2.959866
7.38,10,2.961113
7.4,10,2.952838
7.42,10,2.966547
7.44,10,2.973325
7.46,10,2.976355
7.48,10,2.989204
7.5,10,2.976727
7.52,10,2.982814
7.54,10,2.979637
7.56,10,2.975722
7.58,10,2.968599
7.6,10,2.96573
7.62,10,2.962544
7.64,10,2.965481
7.66,10,2.959541
7.68,10,2.964769
7.7,10,2.958364
7.72,10,2.944958
7.74,10,2.937962
7.76,10,2.950835
7.78,10,2.956451
7.8,10,2.962097
7.82,10,2.954723
7.84,10,2.974984
7.86,10,2.989816
7.88,10,3.010856
7.9,10,3.036715
7.92,10,3.052089
7.94,10,3.034411
7.96,10,3.021348
7.98,10,3.015555
8,10,3.01344
8.02,0,2.999902
8.04,0,2.987383
8.06,0,2.591965
8.08,0,1.824015
8.1,0,0.9492832
8.12,0,0.8459513
8.14,0,0.5861834
8.16,0,0.1304821
8.18,0,0.1541295
8.2,0,0.144434
8.22,0,0.05570942
8.24,0,-0.06619369
8.26,0,-0.05546255
8.28,0,-0.1139812
8.3,0,-0.09464701
8.32,0,-0.08867228
8.34,0,-0.08945489
8.36,0,-0.08906598
8.38,0,-0.09186423
8.4,0,-0.05480237
8.42,0,-0.07062952
8.44,0,-0.06771383
8.46,0,-0.06271093
8.48,0,-0.04188898
8.5,0,-0.04563396
8.52,0,-0.03027463
8.54,0,-0.01308855
8.56,0,-0.003855318
8.58,0,-0.003961578
8.6,0,0.006082773
8.62,0,-0.003495052
8.64,0,-0.006637618
8.66,0,0.007590473
8.68,0,0.0192185
8.7,0,0.02415166
8.72,0,0.01690621
8.74,0,0.02720352
8.76,0,0.0342534
8.78,0,0.03673687
8.8,0,0.02833023
8.82,0,0.02303153
8.84,0,0.03081186
8.86,0,0.03842153
8.88,0,0.06046432
8.9,0,0.05892906
8.92,0,0.063356
8.94,0,0.05711958
8.96,0,0.04565448
8.98,0,0.03341745
9,0,0.01211393
9.02,0,0.008937277
9.04,0,-0.0001779869
9.06,0,0.007523812
9.08,0,0.009407602
9.1,0,0.001116648
9.12,0,-0.008302942
9.14,0,-0.008789964
9.16,0,-0.01010183
9.18,0,-0.005216368
9.2,0,-0.006616116
9.22,0,-0.02155994
9.24,0,-0.01562318
9.26,0,-0.01377148
9.28,0,-0.002845794
9.3,0,-0.02716145
9.32,0,-0.02458469
9.34,0,-0.02336887
9.36,0,-0.01185142
9.38,0,-0.0196932
9.4,0,-0.01373231
9.42,0,-0.01107588
9.44,0,0.001214437
9.46,0,-0.01365686
9.48,0,-0.01849551
9.5,0,-0.01079512
9.52,0,-0.01072026
9.54,0,-0.01397552
9.56,0,-0.01237051
9.58,0,-0.01943211
9.6,0,-0.03700335
9.62,0,-0.02605409
9.64,0,-0.02586794
9.66,0,-0.01934803
9.68,0,-0.03527579
9.7,0,-0.02343655
9.72,0,-0.0400719
9.74,0,-0.04599708
9.76,0,-0.04265531
9.78,0,-0.03743228
9.8,0,-0.03487505
9.82,0,-0.02178977
9.84,0,-0.01008161
9.86,0,-0.01347537
9.88,0,-0.0188625
9.9,0,-0.01783103
9.92,0,0.004095525
9.94,0,-0.002808712
9.96,0,-0.01486569
9.98,0,-0.01993931
10,0,-0.004962921
10.02,10,0.006532982
10.04,10,0.007611409
10.06,10,0.1604533
10.08,10,1.078314
10.1,10,1.757116
10.12,10,2.165455
10.14,10,2.776487
10.16,10,2.933203
10.18,10,2.976998
10.2,10,3.076989
10.22,10,3.11159
10.24,10,3.178303
10.26,10,3.194852
10.28,10,3.204566
10.3,10,3.234052
10.32,10,3.22757
10.34,10,3.231503
10.36,10,3.250454
10.38,10,3.250234
10.4,10,3.252357
10.42,10,3.259012
10.44,10,3.234906
10.46,10,3.224069
10.48,10,3.250506
10.5,10,3.249501
10.52,10,3.229106
10.54,10,3.201786
10.56,10,3.191282
10.58,10,3.176657
10.6,10,3.179544
10.62,10,3.185846
10.64,10,3.175997
10.66,10,3.167741
10.68,10,3.153477
10.7,10,3.157851
10.72,10,3.156064
10.74,10,3.147677
10.76,10,3.142011
10.78,10,3.145705
10.8,10,3.160738
10.82,10,3.16392
10.84,10,3.153655
10.86,10,3.159842
10.88,10,3.158011
10.9,10,3.163913
10.92,10,3.154863
10.94,10,3.146992
10.96,10,3.125585
10.98,10,3.126412
11,10,3.122341
11.02,10,3.137158
11.04,10,3.144767
11.06,10,3.137023
11.08,10,3.133358
11.1,10,3.148989
11.12,10,3.143619
11.14,10,3.161009
11.16,10,3.133119
11.18,10,3.136861
11.2,10,3.129707
11.22,10,3.131308
11.24,10,3.134475
11.26,10,3.125756
11.28,10,3.127508
11.3,10,3.124321
11.32,10,3.111918
11.34,10,3.114459
11.36,10,3.120259
11.38,10,3.120296
11.4,10,3.109739
11.42,10,3.110639
11.44,10,3.126527
11.46,10,3.112109
11.48,10,3.118461
11.5,10,3.114551
11.52,10,3.099722
11.54,10,3.093561
11.56,10,3.101386
11.58,10,3.096105
11.6,10,3.109596
11.62,10,3.109193
11.64,10,3.120725
11.66,10,3.141733
11.68,10,3.137707
11.7,10,3.131552
11.72,10,3.126733
11.74,10,3.131149
11.76,10,3.129054
11.78,10,3.128189
11.8,10,3.130647
11.82,10,3.131937
11.84,10,3.138621
11.86,10,3.131114
11.88,10,3.116671
11.9,10,3.098291
11.92,10,3.101158
11.94,10,3.099876
11.96,10,3.09935
11.98,10,3.110539
12,10,3.124727
12.02,0,3.112031
12.04,0,3.102729
12.06,0,3.095832
12.08,0,2.720007
12.1,0,1.930529
12.12,0,0.9610881
12.14,0,0.8744523
12.16,0,0.5997833
12.18,0,0.04597723
12.2,0,0.06086887
12.22,0,0.09809661
12.24,0,0.06557278
12.26,0,0.008568857
12.28,0,-0.01669689
12.3,0,-0.04466195
12.32,0,-0.03053571
12.34,0,-0.02074248
12.36,0,-0.0396869
12.38,0,-0.03047068
12.4,0,-0.01971312
12.42,0,-0.00806383
12.44,0,-0.007761866
12.46,0,0.008699015
12.48,0,0.02249788
12.5,0,0.026637
12.52,0,0.04412676
12.54,0,0.05801938
12.56,0,0.04056961
12.58,0,0.03446157
12.6,0,0.02294645
12.62,0,0.01847225
12.64,0,0.01658515
12.66,0,0.03143496
12.68,0,0.04343094
12.7,0,0.04986505
12.72,0,0.06352238
12.74,0,0.09047132
12.76,0,0.06949508
12.78,0,0.05783722
12.8,0,0.04567919
12.82,0,0.02627981
12.84,0,0.02058373
12.86,0,0.05841096
12.88,0,0.09116327
12.9,0,0.08957864
12.92,0,0.07255649
12.94,0,0.08030363
12.96,0,0.08177171
12.98,0,0.05927051
13,0,0.02269278
13.02,0,0.02970323
13.04,0,0.04709651
13.06,0,0.06639056
13.08,0,0.06170002
13.1,0,0.07960105
13.12,0,0.07564078
13.14,0,0.04414929
13.16,0,0.02598941
13.18,0,0.02458519
13.2,0,0.0207766
13.22,0,0.01200403
13.24,0,0.02138644
13.26,0,0.01946448
13.28,0,0.04396756
13.3,0,0.04670294
13.32,0,0.04572231
13.34,0,0.05615976
13.36,0,0.06154187
13.38,0,0.04733799
13.4,0,0.03971267
13.42,0,0.04671307
13.44,0,0.04550982
13.46,0,0.05381602
13.48,0,0.07328498
13.5,0,0.0856139
13.52,0,0.07393448
13.54,0,0.05702179
13.56,0,0.0507071
13.58,0,0.04107658
13.6,0,0.02447615
13.62,0,0.03012985
13.64,0,0.03215801
13.66,0,0.104046
13.68,0,0.05619818
13.7,0,0.04921205
13.72,0,0.06506673
13.74,0,0.06572987
13.76,0,0.03685078
13.78,0,0.0319999
13.8,0,0.04881646
13.82,0,0.05715676
13.84,0,0.07128585
13.86,0,0.06974488
13.88,0,0.06624133
13.9,0,0.07721233
13.92,0,0.07097856
13.94,0,0.0555217
13.96,0,0.05968776
13.98,0,0.06231318
14,0,0.0615132
14.02,0,0.0615132
