0,0,-0.1342724
0.02,0,-0.09623918
0.04,0,-0.07999062
0.06,0,-0.1546794
0.08,0,-0.1998689
0.1,0,-0.1910214
0.12,0,-0.2370126
0.14,0,-0.2669346
0.16,0,-0.2407135
0.18,0,-0.233962
0.2,0,-0.2918437
0.22,0,-0.2726305
0.24,0,-0.2472312
0.26,0,-0.2949498
0.28,0,-0.3131351
0.3,0,-0.2779512
0.32,0,-0.2971154
0.34,0,-0.3360175
0.36,0,-0.3073526
0.38,0,-0.3029442
0.4,0,-0.3274314
0.42,0,-0.3345312
0.44,0,-0.306931
0.46,0,-0.3209725
0.48,0,-0.3480398
0.5,0,-0.3138939
0.52,0,-0.3010319
0.54,0,-0.3428741
0.56,0,-0.341206
0.58,0,-0.3312343
0.6,0,-0.3559438
0.62,0,-0.3746518
0.64,0,-0.3664926
0.66,0,-0.3542127
0.68,0,-0.3699101
0.7,0,-0.3261708
0.72,0,-0.3258863
0.74,0,-0.3413579
0.76,0,-0.36256
0.78,0,-0.3438246
0.8,0,-0.3435259
0.82,0,-0.3403006
0.84,0,-0.3423552
0.86,0,-0.3191098
0.88,0,-0.345884
0.9,0,-0.3519849
0.92,0,-0.3433223
0.94,0,-0.3516321
0.96,0,-0.3600778
0.98,0,-0.348338
1,0,-0.3544859
1.02,0,-0.3713075
1.04,0,-0.3480892
1.06,0,-0.3412812
1.08,0,-0.3566482
1.1,0,-0.3537427
1.12,0,-0.334937
1.14,0,-0.3547259
1.16,0,-0.3587922
1.18,0,-0.3176984
1.2,0,-0.3150722
1.22,0,-0.3646348
1.24,0,-0.3582923
1.26,0,-0.3468779
1.28,0,-0.3582919
1.3,0,-0.3713131
1.32,0,-0.338493
1.34,0,-0.3493095
1.36,0,-0.3644679
1.38,0,-0.3473783
1.4,0,-0.3503354
1.42,0,-0.3508598
1.44,0,-0.3409063
1.46,0,-0.3249613
1.48,0,-0.3518215
1.5,0,-0.3592606
1.52,0,-0.3488506
1.54,0,-0.3333637
1.56,0,-0.3604198
1.58,0,-0.3517577
1.6,0,-0.3498245
1.62,0,-0.3425268
1.64,0,-0.3533576
1.66,0,-0.3391575
1.68,0,-0.3562384
1.7,0,-0.368211
1.72,0,-0.3557039
1.74,0,-0.3391361
1.76,0,-0.3540585
1.78,0,-0.346051
1.8,0,-0.3359637
1.82,0,-0.3402905
1.84,0,-0.3534318
1.86,0,-0.3280109
1.88,0,-0.3399725
1.9,0,-0.363766
1.92,0,-0.3612835
1.94,0,-0.3382902
1.96,0,-0.352581
1.98,0,-0.3498742
2,0,-0.342944
2.02,10,-0.3371236
2.04,10,-0.3553093
2.06,10,-0.3449203
2.08,10,-0.1583508
2.1,10,0.5589287
2.12,10,2.077596
2.14,10,3.259853
2.16,10,3.867475
2.18,10,3.033792
2.2,10,2.663082
2.22,10,2.508095
2.24,10,2.457772
2.26,10,2.538066
2.28,10,2.632539
2.3,10,2.780919
2.32,10,3.00623
2.34,10,3.228633
2.36,10,3.378053
2.38,10,3.50522
2.4,10,3.627955
2.42,10,3.690601
2.44,10,3.734207
2.46,10,3.720995
2.48,10,3.713594
2.5,10,3.70664
2.52,10,3.70266
2.54,10,3.686507
2.56,10,3.676545
2.58,10,3.676754
2.6,10,3.670507
2.62,10,3.700385
2.64,10,3.691053
2.66,10,3.689395
2.68,10,3.683895
2.7,10,3.692702
2.72,10,3.675699
2.74,10,3.664291
2.76,10,3.684651
2.78,10,3.674539
2.8,10,3.667121
2.82,10,3.663003
2.84,10,3.670746
2.86,10,3.663108
2.88,10,3.689655
2.9,10,3.704831
2.92,10,3.702323
2.94,10,3.706517
2.96,10,3.728708
2.98,10,3.684709
3,10,3.684765
3.02,10,3.698792
3.04,10,3.717695
3.06,10,3.711451
3.08,10,3.695128
3.1,10,3.713785
3.12,10,3.701014
3.14,10,3.7063
3.16,10,3.699845
3.18,10,3.714721
3.2,10,3.691696
3.22,10,3.699415
3.24,10,3.696291
3.26,10,3.694607
3.28,10,3.703115
3.3,10,3.700814
3.32,10,3.700171
3.34,10,3.698607
3.36,10,3.702637
3.38,10,3.687918
3.4,10,3.68932
3.42,10,3.69021
3.44,10,3.684757
3.46,10,3.689696
3.48,10,3.680322
3.5,10,3.673794
3.52,10,3.68219
3.54,10,3.683242
3.56,10,3.686434
3.58,10,3.681879
3.6,10,3.676719
3.62,10,3.682226
3.64,10,3.676708
3.66,10,3.690424
3.68,10,3.670872
3.7,10,3.677413
3.72,10,3.672062
3.74,10,3.677247
3.76,10,3.672626
3.78,10,3.672521
3.8,10,3.661225
3.82,10,3.662682
3.84,10,3.659526
3.86,10,3.678926
3.88,10,3.687459
3.9,10,3.676567
3.92,10,3.686985
3.94,10,3.691934
3.96,10,3.689557
3.98,10,3.688923
4,10,3.692235
4.02,20,3.66638
4.04,20,3.648371
4.06,20,3.528091
4.08,20,4.111474
4.1,20,4.993854
4.12,20,5.659472
4.14,20,6.147321
4.16,20,6.311801
4.18,20,6.114229
4.2,20,6.108531
4.22,20,6.190948
4.24,20,6.244428
4.26,20,6.230203
4.28,20,6.227543
4.3,20,6.262736
4.32,20,6.269813
4.34,20,6.286853
4.36,20,6.299448
4.38,20,6.348278
4.4,20,6.39501
4.42,20,6.428271
4.44,20,6.488726
4.46,20,6.534055
4.48,20,6.573295
4.5,20,6.593624
4.52,20,6.58491
4.54,20,6.589509
4.56,20,6.627022
4.58,20,6.61904
4.6,20,6.595351
4.62,20,6.590738
4.64,20,6.580257
4.66,20,6.584534
4.68,20,6.57831
4.7,20,6.57789
4.72,20,6.595962
4.74,20,6.60305
4.76,20,6.608542
4.78,20,6.607042
4.8,20,6.61393
4.82,20,6.61127
4.84,20,6.597867
4.86,20,6.587709
4.88,20,6.593673
4.9,20,6.595293
4.92,20,6.602323
4.94,20,6.607749
4.96,20,6.602536
4.98,20,6.595522
5,20,6.608255
5.02,20,6.606862
5.04,20,6.605906
5.06,20,6.601873
5.08,20,6.602515
5.1,20,6.586646
5.12,20,6.584121
5.14,20,6.592676
5.16,20,6.60908
5.18,20,6.609991
5.2,20,6.614571
5.22,20,6.606647
5.24,20,6.600636
5.26,20,6.609573
5.28,20,6.613158
5.3,20,6.616363
5.32,20,6.61346
5.34,20,6.600966
5.36,20,6.598899
5.38,20,6.599029
5.4,20,6.602074
5.42,20,6.597013
5.44,20,6.604076
5.46,20,6.599129
5.48,20,6.591372
5.5,20,6.598669
5.52,20,6.614705
5.54,20,6.590661
5.56,20,6.588082
5.58,20,6.583525
5.6,20,6.579208
5.62,20,6.593937
5.64,20,6.560257
5.66,20,6.549629
5.68,20,6.583901
5.7,20,6.587489
5.72,20,6.584672
5.74,20,6.5858
5.76,20,6.587053
5.78,20,6.592663
5.8,20,6.613631
5.82,20,6.621604
5.84,20,6.608515
5.86,20,6.621449
5.88,20,6.613648
5.9,20,6.612936
5.92,20,6.615741
5.94,20,6.611528
5.96,20,6.613858
5.98,20,6.610666
6,20,6.605995
6.02,30,6.598256
6.04,30,6.595074
6.06,30,6.542442
6.08,30,7.143997
6.1,30,8.18212
6.12,30,8.88018
6.14,30,9.48322
6.16,30,9.830173
6.18,30,9.872956
6.2,30,9.745414
6.22,30,9.788157
6.24,30,9.778873
6.26,30,9.740626
6.28,30,9.715285
6.3,30,9.718344
6.32,30,9.754617
6.34,30,9.833714
6.36,30,9.850861
6.38,30,9.865987
6.4,30,9.834391
6.42,30,9.844498
6.44,30,9.820208
6.46,30,9.824411
6.48,30,9.797904
6.5,30,9.811462
6.52,30,9.820412
6.54,30,9.817959
6.56,30,9.804374
6.58,30,9.811929
6.6,30,9.809123
6.62,30,9.80984
6.64,30,9.804091
6.66,30,9.805496
6.68,30,9.808256
6.7,30,9.794696
6.72,30,9.786907
6.74,30,9.781021
6.76,30,9.780261
6.78,30,9.773678
6.8,30,9.791789
6.82,30,9.788215
6.84,30,9.798021
6.86,30,9.810291
6.88,30,9.815008
6.9,30,9.802727
6.92,30,9.797709
6.94,30,9.791634
6.96,30,9.790431
6.98,30,9.790653
7,30,9.802002
7.02,30,9.800086
7.04,30,9.795828
7.06,30,9.78986
7.08,30,9.811446
7.1,30,9.817647
7.12,30,9.80435
7.14,30,9.803305
7.16,30,9.800449
7.18,30,9.789649
7.2,30,9.788265
7.22,30,9.781963
7.24,30,9.781113
7.26,30,9.774404
7.28,30,9.781172
7.3,30,9.774158
7.32,30,9.766068
7.34,30,9.767782
7.36,30,9.758004
7.38,30,9.769136
7.4,30,9.766504
7.42,30,9.770933
7.44,30,9.76533
7.46,30,9.79224
7.48,30,9.783775
7.5,30,9.792201
7.52,30,9.773259
7.54,30,9.774139
7.56,30,9.787735
7.58,30,9.784673
7.6,30,9.765715
7.62,30,9.762261
7.64,30,9.776104
7.66,30,9.797669
7.68,30,9.795758
7.7,30,9.780681
7.72,30,9.773344
7.74,30,9.784737
7.76,30,9.788897
7.78,30,9.784162
7.8,30,9.765079
7.82,30,9.762362
7.84,30,9.773884
7.86,30,9.769039
7.88,30,9.772733
7.9,30,9.775724
7.92,30,9.77394
7.94,30,9.78011
7.96,30,9.773399
7.98,30,9.771318
8,30,9.769372
8.02,30,9.753506
8.04,30,9.759772
8.06,30,9.769504
8.08,30,9.772045
8.1,30,9.762446
8.12,30,9.771235
8.14,30,9.773205
8.16,30,9.795044
8.18,30,9.795415
8.2,30,9.788395
8.22,30,9.798312
8.24,30,9.797656
8.26,30,9.781808
8.28,30,9.787023
8.3,30,9.798269
8.32,30,9.773672
8.34,30,9.774599
8.36,30,9.797134
8.38,30,9.792378
8.4,30,9.779769
8.42,30,9.795894
8.44,30,9.777604
8.46,30,9.78776
8.48,30,9.784426
8.5,30,9.781743
8.52,30,9.772496
8.54,30,9.787176
8.56,30,9.790351
8.58,30,9.805635
8.6,30,9.817788
8.62,30,9.808742
8.64,30,9.807693
8.66,30,9.795729
8.68,30,9.7849
8.7,30,9.805826
8.72,30,9.80996
8.74,30,9.789593
8.76,30,9.78907
8.78,30,9.776732
8.8,30,9.78905
8.82,30,9.792466
8.84,30,9.784687
8.86,30,9.802104
8.88,30,9.790398
8.9,30,9.800095
8.92,30,9.790983
8.94,30,9.796737
8.96,30,9.802499
8.98,30,9.796801
9,30,9.792216
9.02,30,9.800027
9.04,30,9.797981
9.06,30,9.792973
9.08,30,9.774616
9.1,30,9.771052
9.12,30,9.768469
9.14,30,9.770734
9.16,30,9.792974
9.18,30,9.786644
9.2,30,9.775976
9.22,30,9.763011
9.24,30,9.754074
9.26,30,9.756827
9.28,30,9.781957
9.3,30,9.777479
9.32,30,9.774956
9.34,30,9.762502
9.36,30,9.77012
9.38,30,9.758548
9.4,30,9.772699
9.42,30,9.776558
9.44,30,9.775904
9.46,30,9.784887
9.48,30,9.776635
9.5,30,9.776805
9.52,30,9.776294
9.54,30,9.778166
9.56,30,9.762431
9.58,30,9.749617
9.6,30,9.748777
9.62,30,9.764627
9.64,30,9.75702
9.66,30,9.74631
9.68,30,9.740067
9.7,30,9.748091
9.72,30,9.751097
9.74,30,9.737337
9.76,30,9.74445
9.78,30,9.738291
9.8,30,9.727078
9.82,30,9.728788
9.84,30,9.74933
9.86,30,9.757024
9.88,30,9.760832
9.9,30,9.761103
9.92,30,9.766419
9.94,30,9.753595
9.96,30,9.742908
9.98,30,9.754358
10,30,9.771881
10.02,20,9.756504
10.04,20,9.759098
10.06,20,9.914282
10.08,20,9.522979
10.1,20,8.413294
10.12,20,7.549626
10.14,20,6.969175
10.16,20,6.790423
10.18,20,7.088389
10.2,20,7.238104
10.22,20,7.168527
10.24,20,7.197627
10.26,20,7.196488
10.28,20,7.165499
10.3,20,7.187662
10.32,20,7.162391
10.34,20,7.161337
10.36,20,7.143239
10.38,20,7.1637
10.4,20,7.158859
10.42,20,7.159663
10.44,20,7.178936
10.46,20,7.157853
10.48,20,7.161529
10.5,20,7.14507
10.52,20,7.13973
10.54,20,7.135369
10.56,20,7.131699
10.58,20,7.135833
10.6,20,7.135424
10.62,20,7.142332
10.64,20,7.153136
10.66,20,7.132216
10.68,20,7.13379
10.7,20,7.144573
10.72,20,7.139749
10.74,20,7.151519
10.76,20,7.166288
10.78,20,7.162284
10.8,20,7.155709
10.82,20,7.148356
10.84,20,7.124618
10.86,20,7.117052
10.88,20,7.113366
10.9,20,7.122354
10.92,20,7.119087
10.94,20,7.113143
10.96,20,7.124581
10.98,20,7.120673
11,20,7.092655
11.02,20,7.102773
11.04,20,7.093816
11.06,20,7.091764
11.08,20,7.096305
11.1,20,7.096677
11.12,20,7.088388
11.14,20,7.082116
11.16,20,7.086687
11.18,20,7.09476
11.2,20,7.092217
11.22,20,7.107333
11.24,20,7.119522
11.26,20,7.126201
11.28,20,7.152774
11.3,20,7.14202
11.32,20,7.134532
11.34,20,7.123494
11.36,20,7.129557
11.38,20,7.130337
11.4,20,7.124978
11.42,20,7.123005
11.44,20,7.126942
11.46,20,7.124258
11.48,20,7.1299
11.5,20,7.138577
11.52,20,7.120672
11.54,20,7.117376
11.56,20,7.115655
11.58,20,7.127151
11.6,20,7.117789
11.62,20,7.121033
11.64,20,7.123742
11.66,20,7.129401
11.68,20,7.120824
11.7,20,7.117182
11.72,20,7.118741
11.74,20,7.114281
11.76,20,7.088583
11.78,20,7.09083
11.8,20,7.084832
11.82,20,7.077503
11.84,20,7.088193
11.86,20,7.074812
11.88,20,7.079928
11.9,20,7.099781
11.92,20,7.098764
11.94,20,7.09681
11.96,20,7.097823
11.98,20,7.098959
12,20,7.107666
12.02,10,7.121884
12.04,10,7.123468
12.06,10,7.163065
12.08,10,6.672218
12.1,10,5.369985
12.12,10,4.392714
12.14,10,3.564456
12.16,10,2.834726
12.18,10,3.281605
12.2,10,3.499347
12.22,10,3.710906
12.24,10,3.702597
12.26,10,3.573469
12.28,10,3.514978
12.3,10,3.477075
12.32,10,3.421115
12.34,10,3.345752
12.36,10,3.269055
12.38,10,3.230005
12.4,10,3.214315
12.42,10,3.191499
12.44,10,3.1539
12.46,10,3.16745
12.48,10,3.168908
12.5,10,3.170279
12.52,10,3.188877
12.54,10,3.19299
12.56,10,3.193402
12.58,10,3.193664
12.6,10,3.202761
12.62,10,3.204401
12.64,10,3.207799
12.66,10,3.216178
12.68,10,3.245176
12.7,10,3.259629
12.72,10,3.236907
12.74,10,3.224171
12.76,10,3.206468
12.78,10,3.213639
12.8,10,3.214062
12.82,10,3.220671
12.84,10,3.229491
12.86,10,3.22139
12.88,10,3.216195
12.9,10,3.211045
12.92,10,3.205406
12.94,10,3.216831
12.96,10,3.240015
12.98,10,3.242744
13,10,3.23937
13.02,10,3.242402
13.04,10,3.241549
13.06,10,3.24121
13.08,10,3.246144
13.1,10,3.249629
13.12,10,3.244582
13.14,10,3.244376
13.16,10,3.232185
13.18,10,3.235064
13.2,10,3.231616
13.22,10,3.241
13.24,10,3.256623
13.26,10,3.240895
13.28,10,3.230912
13.3,10,3.227363
13.32,10,3.229408
13.34,10,3.252074
13.36,10,3.239845
13.38,10,3.234169
13.4,10,3.254453
13.42,10,3.23739
13.44,10,3.238831
13.46,10,3.245142
13.48,10,3.249915
13.5,10,3.24471
13.52,10,3.250135
13.54,10,3.229457
13.56,10,3.210752
13.58,10,3.222858
13.6,10,3.216944
13.62,10,3.221404
13.64,10,3.2025
13.66,10,3.189833
13.68,10,3.185423
13.7,10,3.188735
13.72,10,3.19678
13.74,10,3.208599
13.76,10,3.216486
13.78,10,3.221873
13.8,10,3.225052
13.82,10,3.225939
13.84,10,3.227554
13.86,10,3.228832
13.88,10,3.224167
13.9,10,3.227607
13.92,10,3.227072
13.94,10,3.230586
13.96,10,3.21858
13.98,10,3.222639
14,10,3.22522
14.02,0,3.227591
14.04,0,3.185239
14.06,0,2.97037
14.08,0,2.039597
14.1,0,1.082089
14.12,0,0.2793747
14.14,0,-0.2509182
14.16,0,0.01781056
14.18,0,0.334712
14.2,0,0.5777713
14.22,0,0.6173064
14.24,0,0.5351909
14.26,0,0.4505813
14.28,0,0.4301393
14.3,0,0.3724589
14.32,0,0.3129211
14.34,0,0.2142256
14.36,0,0.128547
14.38,0,0.0396051
14.4,0,-0.04501715
14.42,0,-0.1108207
14.44,0,-0.2181899
14.46,0,-0.3038763
14.48,0,-0.3837754
14.5,0,-0.3862095
14.52,0,-0.3280976
14.54,0,-0.3311536
14.56,0,-0.3415862
14.58,0,-0.3482446
14.6,0,-0.3469584
14.62,0,-0.344627
14.64,0,-0.365599
14.66,0,-0.3633163
14.68,0,-0.3624733
14.7,0,-0.3624093
14.72,0,-0.3690467
14.74,0,-0.3580539
14.76,0,-0.3668218
14.78,0,-0.3610294
14.8,0,-0.3581563
14.82,0,-0.3536463
14.84,0,-0.3698603
14.86,0,-0.3692905
14.88,0,-0.3569053
14.9,0,-0.3665523
14.92,0,-0.3726377
14.94,0,-0.3587501
14.96,0,-0.3493878
14.98,0,-0.3321516
15,0,-0.3204995
15.02,0,-0.3098636
15.04,0,-0.3117816
15.06,0,-0.3179247
15.08,0,-0.3281352
15.1,0,-0.3295467
15.12,0,-0.3259171
15.14,0,-0.3207549
15.16,0,-0.3058953
15.18,0,-0.3084124
15.2,0,-0.3212907
15.22,0,-0.3215252
15.24,0,-0.3177982
15.26,0,-0.3261367
15.28,0,-0.3312017
15.3,0,-0.3105396
15.32,0,-0.3001841
15.34,0,-0.298275
15.36,0,-0.3093577
15.38,0,-0.3057692
15.4,0,-0.3110192
15.42,0,-0.3076365
15.44,0,-0.3064063
15.46,0,-0.3182446
15.48,0,-0.311742
15.5,0,-0.3036112
15.52,0,-0.3128023
15.54,0,-0.3221966
15.56,0,-0.3180928
15.58,0,-0.3032627
15.6,0,-0.3042232
15.62,0,-0.3114739
15.64,0,-0.303996
15.66,0,-0.2925687
15.68,0,-0.3043306
15.7,0,-0.3098513
15.72,0,-0.310754
15.74,0,-0.3205582
15.76,0,-0.3229339
15.78,0,-0.3095072
15.8,0,-0.2992257
15.82,0,-0.3039756
15.84,0,-0.2970271
15.86,0,-0.3241104
15.88,0,-0.330602
15.9,0,-0.3227356
15.92,0,-0.3091318
15.94,0,-0.3095732
15.96,0,-0.3192891
15.98,0,-0.3047035
16,0,-0.3033269
16.02,0,-0.3033269
