0,0,0.01296371
0.02,0,0.03533462
0.04,0,0.05828412
0.06,0,0.07809569
0.08,0,0.1073991
0.1,0,0.1319427
0.12,0,0.1237776
0.14,0,0.1523104
0.16,0,0.1604214
0.18,0,0.1552663
0.2,0,0.1713542
0.22,0,0.1796033
0.24,0,0.1794798
0.26,0,0.1902912
0.28,0,0.208723
0.3,0,0.2106848
0.32,0,0.2191679
0.34,0,0.2397387
0.36,0,0.2417246
0.38,0,0.2505162
0.4,0,0.2445849
0.42,0,0.2389292
0.44,0,0.234624
0.46,0,0.2447518
0.48,0,0.248773
0.5,0,0.2517676
0.52,0,0.2539301
0.54,0,0.253785
0.56,0,0.2530377
0.58,0,0.2551215
0.6,0,0.2457699
0.62,0,0.2611137
0.64,0,0.2577222
0.66,0,0.263279
0.68,0,0.263383
0.7,0,0.2562688
0.72,0,0.2572838
0.74,0,0.2619594
0.76,0,0.2580839
0.78,0,0.2528836
0.8,0,0.2597487
0.82,0,0.2579947
0.84,0,0.2488358
0.86,0,0.2572396
0.88,0,0.2556967
0.9,0,0.2508703
0.92,0,0.2336769
0.94,0,0.2291616
0.96,0,0.2492295
0.98,0,0.2574125
1,0,0.2574291
1.02,0,0.2639231
1.04,0,0.2529474
1.06,0,0.2507553
1.08,0,0.2487833
1.1,0,0.260947
1.12,0,0.2485405
1.14,0,0.2472585
1.16,0,0.244812
1.18,0,0.2408864
1.2,0,0.2462475
1.22,0,0.2380433
1.24,0,0.246977
1.26,0,0.2340898
1.28,0,0.2507428
1.3,0,0.2491497
1.32,0,0.2373616
1.34,0,0.2407489
1.36,0,0.251646
1.38,0,0.2499906
1.4,0,0.2413872
1.42,0,0.2495579
1.44,0,0.2553602
1.46,0,0.2543927
1.48,0,0.2475367
1.5,0,0.2573628
1.52,0,0.279849
1.54,0,0.2820317
1.56,0,0.2743389
1.58,0,0.275848
1.6,0,0.2723993
1.62,0,0.272835
1.64,0,0.2711636
1.66,0,0.2726694
1.68,0,0.2717556
1.7,0,0.2719775
1.72,0,0.2759132
1.74,0,0.2622576
1.76,0,0.2646846
1.78,0,0.2727465
1.8,0,0.2758623
1.82,0,0.27621
1.84,0,0.2893097
1.86,0,0.29412
1.88,0,0.3052481
1.9,0,0.3065872
1.92,0,0.3006712
1.94,0,0.2830805
1.96,0,0.273673
1.98,0,0.2739103
2,0,0.2807928
2.02,20,0.2842385
2.04,20,0.2742353
2.06,20,0.3616989
2.08,20,0.7645122
2.1,20,2.249253
2.12,20,3.876016
2.14,20,5.2468
2.16,20,6.134489
2.18,20,6.356474
2.2,20,5.873518
2.22,20,5.77973
2.24,20,5.819766
2.26,20,5.911792
2.28,20,6.059666
2.3,20,6.229959
2.32,20,6.465006
2.34,20,6.658585
2.36,20,6.765746
2.38,20,6.751172
2.4,20,6.710746
2.42,20,6.726202
2.44,20,6.69041
2.46,20,6.710098
2.48,20,6.679721
2.5,20,6.666748
2.52,20,6.675219
2.54,20,6.665129
2.56,20,6.645246
2.58,20,6.634659
2.6,20,6.628951
2.62,20,6.638699
2.64,20,6.627846
2.66,20,6.612422
2.68,20,6.612504
2.7,20,6.603765
2.72,20,6.584048
2.74,20,6.57764
2.76,20,6.575218
2.78,20,6.58206
2.8,20,6.578877
2.82,20,6.565693
2.84,20,6.567631
2.86,20,6.568585
2.88,20,6.574853
2.9,20,6.582927
2.92,20,6.60741
2.94,20,6.592628
2.96,20,6.585612
2.98,20,6.597189
3,20,6.591508
3.02,20,6.594302
3.04,20,6.5931
3.06,20,6.59865
3.08,20,6.590915
3.1,20,6.58823
3.12,20,6.586212
3.14,20,6.580469
3.16,20,6.569608
3.18,20,6.574398
3.2,20,6.574069
3.22,20,6.572998
3.24,20,6.57161
3.26,20,6.566098
3.28,20,6.565435
3.3,20,6.562176
3.32,20,6.572668
3.34,20,6.566478
3.36,20,6.585186
3.38,20,6.594064
3.4,20,6.586951
3.42,20,6.605125
3.44,20,6.598835
3.46,20,6.618244
3.48,20,6.63393
3.5,20,6.627456
3.52,20,6.606517
3.54,20,6.613848
3.56,20,6.632647
3.58,20,6.619953
3.6,20,6.617224
3.62,20,6.595069
3.64,20,6.610863
3.66,20,6.626675
3.68,20,6.635069
3.7,20,6.622164
3.72,20,6.626137
3.74,20,6.627336
3.76,20,6.619994
3.78,20,6.603999
3.8,20,6.608935
3.82,20,6.60477
3.84,20,6.614344
3.86,20,6.607965
3.88,20,6.613076
3.9,20,6.601125
3.92,20,6.589653
3.94,20,6.586551
3.96,20,6.59438
3.98,20,6.594665
4,20,6.599316
4.02,0,6.604938
4.04,0,6.565956
4.06,0,6.102801
4.08,0,5.377376
4.1,0,3.840744
4.12,0,2.47476
4.14,0,1.219097
4.16,0,0.1243321
4.18,0,-0.7530643
4.2,0,-0.08732611
4.22,0,0.4097656
4.24,0,0.5964068
4.26,0,0.2534284
4.28,0,-0.224246
4.3,0,-0.5390639
4.32,0,-0.7248068
4.34,0,-0.7087293
4.36,0,-0.6298032
4.38,0,-0.5813892
4.4,0,-0.5531887
4.42,0,-0.5134748
4.44,0,-0.4448019
4.46,0,-0.3518955
4.48,0,-0.2436194
4.5,0,-0.1403746
4.52,0,-0.03912838
4.54,0,0.03693496
4.56,0,0.06658354
4.58,0,0.04164654
4.6,0,0.05575344
4.62,0,0.05427772
4.64,0,0.07393296
4.66,0,0.07553203
4.68,0,0.0696805
4.7,0,0.06740671
4.72,0,0.07299263
4.74,0,0.07541206
4.76,0,0.06412859
4.78,0,0.05948924
4.8,0,0.0738517
4.82,0,0.06950241
4.84,0,0.05900016
4.86,0,0.05309561
4.88,0,0.06979683
4.9,0,0.07561179
4.92,0,0.08536942
4.94,0,0.0946786
4.96,0,0.1048904
4.98,0,0.09773259
5,0,0.08957656
5.02,0,0.1047064
5.04,0,0.09321649
5.06,0,0.08915222
5.08,0,0.08179945
5.1,0,0.09318481
5.12,0,0.08452132
5.14,0,0.08928476
5.16,0,0.1050374
5.18,0,0.09406746
5.2,0,0.08702289
5.22,0,0.08571207
5.24,0,0.08833346
5.26,0,0.08216196
5.28,0,0.08761231
5.3,0,0.1037511
5.32,0,0.09358412
5.34,0,0.1102345
5.36,0,0.1099121
5.38,0,0.1053891
5.4,0,0.08967843
5.42,0,0.08883816
5.44,0,0.08504443
5.46,0,0.08180612
5.48,0,0.08660694
5.5,0,0.09356195
5.52,0,0.09148566
5.54,0,0.09210677
5.56,0,0.1112531
5.58,0,0.1081778
5.6,0,0.09839397
5.62,0,0.08535431
5.64,0,0.08920728
5.66,0,0.09171586
5.68,0,0.08408055
5.7,0,0.08310021
5.72,0,0.08336689
5.74,0,0.06938293
5.76,0,0.06459661
5.78,0,0.07573213
5.8,0,0.09232245
5.82,0,0.093835
5.84,0,0.08142558
5.86,0,0.08379131
5.88,0,0.08664209
5.9,0,0.08968928
5.92,0,0.09062414
5.94,0,0.09255376
5.96,0,0.09016351
5.98,0,0.0831508
6,0,0.07501423
6.02,20,0.0695003
6.04,20,0.08327067
6.06,20,-0.05081835
6.08,20,0.9350307
6.1,20,2.555235
6.12,20,4.016309
6.14,20,5.25715
6.16,20,6.079111
6.18,20,6.211888
6.2,20,5.831711
6.22,20,5.719853
6.24,20,5.8022
6.26,20,5.991692
6.28,20,6.314832
6.3,20,6.587769
6.32,20,6.866329
6.34,20,6.932438
6.36,20,6.887724
6.38,20,6.809294
6.4,20,6.827811
6.42,20,6.785112
6.44,20,6.809297
6.46,20,6.788261
6.48,20,6.746369
6.5,20,6.756067
6.52,20,6.761587
6.54,20,6.75634
6.56,20,6.770807
6.58,20,6.78597
6.6,20,6.777946
6.62,20,6.763157
6.64,20,6.747465
6.66,20,6.72451
6.68,20,6.718293
6.7,20,6.711243
6.72,20,6.700494
6.74,20,6.687213
6.76,20,6.691941
6.78,20,6.686049
6.8,20,6.667945
6.82,20,6.66151
6.84,20,6.661225
6.86,20,6.664925
6.88,20,6.65949
6.9,20,6.66495
6.92,20,6.65555
6.94,20,6.650836
6.96,20,6.6486
6.98,20,6.64846
7,20,6.639485
7.02,20,6.637373
7.04,20,6.657594
7.06,20,6.656835
7.08,20,6.674103
7.1,20,6.681149
7.12,20,6.677245
7.14,20,6.67739
7.16,20,6.685403
7.18,20,6.67993
7.2,20,6.670794
7.22,20,6.663486
7.24,20,6.665249
7.26,20,6.6707
7.28,20,6.674521
7.3,20,6.673229
7.32,20,6.674472
7.34,20,6.679978
7.36,20,6.673964
7.38,20,6.693543
7.4,20,6.684705
7.42,20,6.692479
7.44,20,6.69644
7.46,20,6.705709
7.48,20,6.694394
7.5,20,6.693052
7.52,20,6.695745
7.54,20,6.690636
7.56,20,6.681953
7.58,20,6.671193
7.6,20,6.684206
7.62,20,6.67294
7.64,20,6.668641
7.66,20,6.686779
7.68,20,6.679563
7.7,20,6.684929
7.72,20,6.685882
7.74,20,6.667191
7.76,20,6.676191
7.78,20,6.67455
7.8,20,6.679513
7.82,20,6.690275
7.84,20,6.687138
7.86,20,6.688936
7.88,20,6.6819
7.9,20,6.680813
7.92,20,6.689325
7.94,20,6.681351
7.96,20,6.683284
7.98,20,6.688495
8,20,6.675712
8.02,0,6.667576
8.04,0,6.678465
8.06,0,6.596026
8.08,0,6.151842
8.1,0,5.053247
8.12,0,3.616226
8.14,0,2.272067
8.16,0,1.094954
8.18,0,-0.009811055
8.2,0,-0.4672115
8.22,0,-0.1006673
8.24,0,0.09865548
8.26,0,0.2333961
8.28,0,-0.09957287
8.3,0,-0.4028637
8.32,0,-0.6876342
8.34,0,-0.877584
8.36,0,-0.866385
8.38,0,-0.7372286
8.4,0,-0.6497446
8.42,0,-0.5853183
8.44,0,-0.531822
8.46,0,-0.4411765
8.48,0,-0.3531016
8.5,0,-0.2442306
8.52,0,-0.1260384
8.54,0,-0.01465945
8.56,0,0.05491249
8.58,0,0.06318654
8.6,0,0.04480808
8.62,0,0.06684053
8.64,0,0.0769715
8.66,0,0.06269646
8.68,0,0.06894048
8.7,0,0.07194476
8.72,0,0.09476353
8.74,0,0.09633482
8.76,0,0.1028357
8.78,0,0.1237131
8.8,0,0.1067222
8.82,0,0.1261267
8.84,0,0.1338539
8.86,0,0.14861
8.88,0,0.1532799
8.9,0,0.165527
8.92,0,0.1807236
8.94,0,0.171698
8.96,0,0.1829129
8.98,0,0.1751211
9,0,0.1849933
9.02,0,0.1939373
9.04,0,0.1970314
9.06,0,0.1936516
9.08,0,0.1810362
9.1,0,0.1740258
9.12,0,0.1702686
9.14,0,0.147249
9.16,0,0.1293544
9.18,0,0.1422231
9.2,0,0.14959
9.22,0,0.1595197
9.24,0,0.1655969
9.26,0,0.1583066
9.28,0,0.1472764
9.3,0,0.1498187
9.32,0,0.1619857
9.34,0,0.1685065
9.36,0,0.1647829
9.38,0,0.1752647
9.4,0,0.1751655
9.42,0,0.1649018
9.44,0,0.1802521
9.46,0,0.1795333
9.48,0,0.1670487
9.5,0,0.1588895
9.52,0,0.1375757
9.54,0,0.1309867
9.56,0,0.1196968
9.58,0,0.1348176
9.6,0,0.1346396
9.62,0,0.1341185
9.64,0,0.136474
9.66,0,0.1309461
9.68,0,0.126405
9.7,0,0.1400254
9.72,0,0.1438525
9.74,0,0.1337159
9.76,0,0.1238261
9.78,0,0.1366227
9.8,0,0.140505
9.82,0,0.1389179
9.84,0,0.1384815
9.86,0,0.1409263
9.88,0,0.1315722
9.9,0,0.148654
9.92,0,0.1589771
9.94,0,0.1661681
9.96,0,0.1630974
9.98,0,0.1833711
10,0,0.1900657
10.02,20,0.1854188
10.04,20,0.158951
10.06,20,0.2997836
10.08,20,1.105024
10.1,20,2.538962
10.12,20,4.006318
10.14,20,5.196249
10.16,20,5.807661
10.18,20,5.601313
10.2,20,5.54708
10.22,20,5.526289
10.24,20,5.675802
10.26,20,5.880982
10.28,20,6.173683
10.3,20,6.451499
10.32,20,6.625627
10.34,20,6.722934
10.36,20,6.628774
10.38,20,6.617793
10.4,20,6.645717
10.42,20,6.624373
10.44,20,6.62962
10.46,20,6.63078
10.48,20,6.631588
10.5,20,6.627402
10.52,20,6.634956
10.54,20,6.62522
10.56,20,6.62951
10.58,20,6.626332
10.6,20,6.621154
10.62,20,6.618874
10.64,20,6.611909
10.66,20,6.622835
10.68,20,6.623892
10.7,20,6.619246
10.72,20,6.628042
10.74,20,6.636604
10.76,20,6.617081
10.78,20,6.629339
10.8,20,6.639213
10.82,20,6.632874
10.84,20,6.630076
10.86,20,6.637621
10.88,20,6.631204
10.9,20,6.636278
10.92,20,6.650554
10.94,20,6.658916
10.96,20,6.646019
10.98,20,6.637634
11,20,6.645106
11.02,20,6.638356
11.04,20,6.65609
11.06,20,6.655168
11.08,20,6.648154
11.1,20,6.648021
11.12,20,6.651537
11.14,20,6.645003
11.16,20,6.648226
11.18,20,6.644825
11.2,20,6.632162
11.22,20,6.634147
11.24,20,6.625506
11.26,20,6.642242
11.28,20,6.668244
11.3,20,6.658695
11.32,20,6.668275
11.34,20,6.67175
11.36,20,6.682785
11.38,20,6.677917
11.4,20,6.671029
11.42,20,6.647832
11.44,20,6.646805
11.46,20,6.639607
11.48,20,6.62646
11.5,20,6.630666
11.52,20,6.635128
11.54,20,6.642129
11.56,20,6.639987
11.58,20,6.639352
11.6,20,6.643267
11.62,20,6.655975
11.64,20,6.650185
11.66,20,6.657889
11.68,20,6.652154
11.7,20,6.657783
11.72,20,6.663031
11.74,20,6.669451
11.76,20,6.652723
11.78,20,6.672234
11.8,20,6.678204
11.82,20,6.683756
11.84,20,6.68342
11.86,20,6.690492
11.88,20,6.682229
11.9,20,6.669488
11.92,20,6.656251
11.94,20,6.661545
11.96,20,6.648714
11.98,20,6.652085
12,20,6.64374
12.02,0,6.634499
12.04,0,6.634782
12.06,0,6.750906
12.08,0,6.237365
12.1,0,4.428065
12.12,0,3.149386
12.14,0,1.932786
12.16,0,0.7829759
12.18,0,-0.2540752
12.2,0,0.1141309
12.22,0,0.5910028
12.24,0,0.5690992
12.26,0,0.5393193
12.28,0,0.08837102
12.3,0,-0.1688659
12.32,0,-0.4355016
12.34,0,-0.6505147
12.36,0,-0.5849646
12.38,0,-0.5094215
12.4,0,-0.4937389
12.42,0,-0.4375861
12.44,0,-0.2957758
12.46,0,-0.1644152
12.48,0,-0.06530574
12.5,0,0.04540127
12.52,0,0.1503543
12.54,0,0.1637699
12.56,0,0.1861926
12.58,0,0.1722354
12.6,0,0.1714835
12.62,0,0.1753061
12.64,0,0.1696514
12.66,0,0.1611872
12.68,0,0.1718127
12.7,0,0.2029933
12.72,0,0.1947643
12.74,0,0.2009082
12.76,0,0.2042407
12.78,0,0.2083917
12.8,0,0.207128
12.82,0,0.2111066
12.84,0,0.2136495
12.86,0,0.1895586
12.88,0,0.1709225
12.9,0,0.176262
12.92,0,0.1653545
12.94,0,0.1810647
12.96,0,0.1925452
12.98,0,0.2023871
13,0,0.2232009
13.02,0,0.2336523
13.04,0,0.236373
13.06,0,0.2514207
13.08,0,0.2444233
13.1,0,0.2371202
13.12,0,0.2396435
13.14,0,0.2198229
13.16,0,0.2261436
13.18,0,0.2295109
13.2,0,0.2004882
13.22,0,0.1921226
13.24,0,0.1885724
13.26,0,0.1921525
13.28,0,0.1890035
13.3,0,0.1805545
13.32,0,0.1929837
13.34,0,0.1788485
13.36,0,0.1747906
13.38,0,0.1777949
13.4,0,0.1614891
13.42,0,0.1663188
13.44,0,0.1643576
13.46,0,0.1696928
13.48,0,0.1730186
13.5,0,0.1765463
13.52,0,0.1949161
13.54,0,0.193524
13.56,0,0.1886649
13.58,0,0.1742271
13.6,0,0.1723378
13.62,0,0.1923314
13.64,0,0.1915182
13.66,0,0.179672
13.68,0,0.1933087
13.7,0,0.1955225
13.72,0,0.1829919
13.74,0,0.1911758
13.76,0,0.1987662
13.78,0,0.1971136
13.8,0,0.1981379
13.82,0,0.2091677
13.84,0,0.2066823
13.86,0,0.2127549
13.88,0,0.200269
13.9,0,0.2106957
13.92,0,0.222477
13.94,0,0.2345542
13.96,0,0.2315498
13.98,0,0.2230544
14,0,0.2160145
14.02,0,0.2160145
