Tiempo,TiempoMedido,DistanciaMedida
0,951,-0.3333693
0.02,951,-0.3333693
0.04,951,-0.3333693
0.06,951,-0.3333693
0.08,951,-0.3333693
0.1,951,-0.3333693
0.12,951,-0.3333693
0.14,951,-0.3333693
0.16,1007,-1.278089
0.18,1011,-1.345569
0.2,1007,-1.278089
0.22,1011,-1.345569
0.24,1011,-1.345569
0.26,1011,-1.345569
0.28,1007,-1.278089
0.3,1011,-1.345569
0.32,1007,-1.278089
0.34,1011,-1.345569
0.36,1003,-1.210608
0.38,951,-0.3333693
0.4,1007,-1.278089
0.42,1011,-1.345569
0.44,951,-0.3333693
0.46,1007,-1.278089
0.48,1011,-1.345569
0.5,1007,-1.278089
0.52,1003,-1.210608
0.54,1003,-1.210608
0.56,1007,-1.278089
0.58,1011,-1.345569
0.6,1007,-1.278089
0.62,1003,-1.210608
0.64,1007,-1.278089
0.66,1007,-1.278089
0.68,951,-0.3333693
0.7,1007,-1.278089
0.72,1011,-1.345569
0.74,1003,-1.210608
0.76,1003,-1.210608
0.78,1007,-1.278089
0.8,1003,-1.210608
0.82,1007,-1.278089
0.84,1007,-1.278089
0.86,1007,-1.278089
0.88,1007,-1.278089
0.9,1003,-1.210608
0.92,1007,-1.278089
0.94,1007,-1.278089
0.96,1007,-1.278089
0.98,1007,-1.278089
1,1007,-1.278089
1.02,1003,-1.210608
1.04,1011,-1.345569
1.06,1011,-1.345569
1.08,1007,-1.278089
1.1,1011,-1.345569
1.12,1011,-1.345569
1.14,1007,-1.278089
1.16,1007,-1.278089
1.18,1011,-1.345569
1.2,1007,-1.278089
1.22,1003,-1.210608
1.24,1011,-1.345569
1.26,1007,-1.278089
1.28,1007,-1.278089
1.3,1011,-1.345569
1.32,1011,-1.345569
1.34,1007,-1.278089
1.36,1011,-1.345569
1.38,1003,-1.210608
1.4,1011,-1.345569
1.42,1011,-1.345569
1.44,1007,-1.278089
1.46,1003,-1.210608
1.48,1007,-1.278089
1.5,1011,-1.345569
1.52,1011,-1.345569
1.54,1007,-1.278089
1.56,1003,-1.210608
1.58,1007,-1.278089
1.6,1011,-1.345569
1.62,1007,-1.278089
1.64,1011,-1.345569
1.66,1003,-1.210608
1.68,1011,-1.345569
1.7,1003,-1.210608
1.72,1011,-1.345569
1.74,1007,-1.278089
1.76,1011,-1.345569
1.78,1003,-1.210608
1.8,1011,-1.345569
1.82,1011,-1.345569
1.84,1007,-1.278089
1.86,1003,-1.210608
1.88,1007,-1.278089
1.9,1007,-1.278089
1.92,1003,-1.210608
1.94,1007,-1.278089
1.96,1007,-1.278089
1.98,1011,-1.345569
2,1007,-1.278089
2.02,1007,-1.278089
2.04,1007,-1.278089
2.06,1007,-1.278089
2.08,1007,-1.278089
2.1,1011,-1.345569
2.12,1007,-1.278089
2.14,1011,-1.345569
2.16,1011,-1.345569
2.18,1011,-1.345569
2.2,1007,-1.278089
2.22,1007,-1.278089
2.24,1007,-1.278089
2.26,1003,-1.210608
2.28,1007,-1.278089
2.3,1011,-1.345569
2.32,1011,-1.345569
2.34,1011,-1.345569
2.36,1011,-1.345569
2.38,1007,-1.278089
2.4,1003,-1.210608
2.42,1007,-1.278089
2.44,1007,-1.278089
2.46,1007,-1.278089
2.48,1011,-1.345569
2.5,1007,-1.278089
2.52,1007,-1.278089
2.54,1011,-1.345569
2.56,1011,-1.345569
2.58,951,-0.3333693
2.6,1011,-1.345569
2.62,1011,-1.345569
2.64,1003,-1.210608
2.66,1007,-1.278089
2.68,1007,-1.278089
2.7,1007,-1.278089
2.72,1007,-1.278089
2.74,1007,-1.278089
2.76,1003,-1.210608
2.78,1011,-1.345569
2.8,1007,-1.278089
2.82,1011,-1.345569
2.84,1007,-1.278089
2.86,1007,-1.278089
2.88,1007,-1.278089
2.9,1007,-1.278089
2.92,1007,-1.278089
2.94,1003,-1.210608
2.96,1011,-1.345569
2.98,1011,-1.345569
3,1007,-1.278089
3.02,1003,-1.210608
3.04,1007,-1.278089
3.06,1007,-1.278089
3.08,1003,-1.210608
3.1,1007,-1.278089
3.12,951,-0.3333693
3.14,1007,-1.278089
3.16,1007,-1.278089
3.18,1007,-1.278089
3.2,1011,-1.345569
3.22,1011,-1.345569
3.24,1003,-1.210608
3.26,1007,-1.278089
3.28,1003,-1.210608
3.3,1011,-1.345569
3.32,1011,-1.345569
3.34,1011,-1.345569
3.36,1007,-1.278089
3.38,1007,-1.278089
3.4,1007,-1.278089
3.42,1007,-1.278089
3.44,1007,-1.278089
3.46,1003,-1.210608
3.48,1003,-1.210608
3.5,1011,-1.345569
3.52,1011,-1.345569
3.54,1003,-1.210608
3.56,1007,-1.278089
3.58,1007,-1.278089
3.6,999,-1.14313
3.62,951,-0.3333693
3.64,951,-0.3333693
3.66,959,-0.4683294
3.68,1007,-1.278089
3.7,1007,-1.278089
3.72,1007,-1.278089
3.74,1007,-1.278089
3.76,1007,-1.278089
3.78,1007,-1.278089
3.8,1007,-1.278089
3.82,1007,-1.278089
3.84,951,-0.3333693
3.86,951,-0.3333693
3.88,1007,-1.278089
3.9,1011,-1.345569
3.92,955,-0.4008493
3.94,1007,-1.278089
3.96,1003,-1.210608
3.98,1011,-1.345569
4,1007,-1.278089
4.02,943,-0.1984091
4.04,1007,-1.278089
4.06,1003,-1.210608
4.08,1011,-1.345569
4.1,951,-0.3333693
4.12,1011,-1.345569
4.14,951,-0.3333693
4.16,951,-0.3333693
4.18,1011,-1.345569
4.2,1007,-1.278089
4.22,1007,-1.278089
4.24,1007,-1.278089
4.26,947,-0.2658892
4.28,1007,-1.278089
4.3,1003,-1.210608
4.32,1007,-1.278089
4.34,1011,-1.345569
4.36,1011,-1.345569
4.38,1011,-1.345569
4.4,1007,-1.278089
4.42,951,-0.3333693
4.44,1011,-1.345569
4.46,1003,-1.210608
4.48,1003,-1.210608
4.5,1007,-1.278089
4.52,1007,-1.278089
4.54,1011,-1.345569
4.56,1003,-1.210608
4.58,1007,-1.278089
4.6,951,-0.3333693
4.62,1011,-1.345569
4.64,1007,-1.278089
4.66,1007,-1.278089
4.68,1011,-1.345569
4.7,1007,-1.278089
4.72,1007,-1.278089
4.74,951,-0.3333693
4.76,951,-0.3333693
4.78,1007,-1.278089
4.8,1007,-1.278089
4.82,951,-0.3333693
4.84,1007,-1.278089
4.86,1007,-1.278089
4.88,951,-0.3333693
4.9,1007,-1.278089
4.92,951,-0.3333693
4.94,951,-0.3333693
4.96,951,-0.3333693
4.98,951,-0.3333693
5,1003,-1.210608
5.02,951,-0.3333693
5.04,1011,-1.345569
5.06,1011,-1.345569
5.08,1011,-1.345569
5.1,1011,-1.345569
5.12,1011,-1.345569
5.14,951,-0.3333693
5.16,947,-0.2658892
5.18,951,-0.3333693
5.2,1003,-1.210608
5.22,951,-0.3333693
5.24,1011,-1.345569
5.26,951,-0.3333693
5.28,1011,-1.345569
5.3,951,-0.3333693
5.32,951,-0.3333693
5.34,1011,-1.345569
5.36,1011,-1.345569
5.38,951,-0.3333693
5.4,951,-0.3333693
5.42,951,-0.3333693
5.44,1007,-1.278089
5.46,1003,-1.210608
5.48,1003,-1.210608
5.5,1003,-1.210608
5.52,1007,-1.278089
5.54,1003,-1.210608
5.56,1007,-1.278089
5.58,1011,-1.345569
5.6,1011,-1.345569
5.62,1011,-1.345569
5.64,1007,-1.278089
5.66,1007,-1.278089
5.68,951,-0.3333693
5.7,1007,-1.278089
5.72,1011,-1.345569
5.74,1007,-1.278089
5.76,1007,-1.278089
5.78,1007,-1.278089
5.8,1003,-1.210608
5.82,1007,-1.278089
5.84,1007,-1.278089
5.86,1003,-1.210608
5.88,1003,-1.210608
5.9,1011,-1.345569
5.92,1007,-1.278089
5.94,1007,-1.278089
5.96,1007,-1.278089
5.98,1003,-1.210608
6,951,-0.3333693
6.02,1007,-1.278089
6.04,1007,-1.278089
6.06,1003,-1.210608
6.08,1007,-1.278089
6.1,1007,-1.278089
6.12,1007,-1.278089
6.14,1007,-1.278089
6.16,1011,-1.345569
6.18,1011,-1.345569
6.2,1011,-1.345569
6.22,1011,-1.345569
6.24,1007,-1.278089
6.26,1007,-1.278089
6.28,1007,-1.278089
6.3,1007,-1.278089
6.32,1011,-1.345569
6.34,1007,-1.278089
6.36,1007,-1.278089
6.38,1007,-1.278089
6.4,1007,-1.278089
6.42,951,-0.3333693
6.44,1011,-1.345569
6.46,951,-0.3333693
6.48,1011,-1.345569
6.5,1007,-1.278089
6.52,951,-0.3333693
6.54,951,-0.3333693
6.56,951,-0.3333693
6.58,951,-0.3333693
6.6,951,-0.3333693
6.62,951,-0.3333693
6.64,1007,-1.278089
6.66,1007,-1.278089
6.68,1007,-1.278089
6.7,951,-0.3333693
6.72,1011,-1.345569
6.74,951,-0.3333693
6.76,955,-0.4008493
6.78,951,-0.3333693
6.8,951,-0.3333693
6.82,963,-0.5358095
6.84,951,-0.3333693
6.86,967,-0.6032896
6.88,935,-0.06344986
6.9,947,-0.2658892
6.92,907,0.4089108
6.94,955,-0.4008493
6.96,911,0.3414307
6.98,863,1.151191
7,831,1.691031
7.02,811,2.028431
7.04,791,2.36583
7.06,751,3.04063
7.08,731,3.378031
7.1,791,2.36583
7.12,771,2.703231
7.14,755,2.97315
7.16,651,4.727631
7.18,627,5.13251
7.2,675,4.32275
7.22,651,4.727631
7.24,627,5.13251
7.26,611,5.402431
7.28,591,5.73983
7.3,575,6.00975
7.32,551,6.41463
7.34,531,6.75203
7.36,571,6.07723
7.38,555,6.347151
7.4,531,6.75203
7.42,455,8.03415
7.44,435,8.37155
7.46,415,8.70895
7.48,319,10.32847
7.5,359,9.65367
7.52,339,9.99107
7.54,299,10.66587
7.56,335,10.05855
7.58,247,11.54311
7.6,279,11.00327
7.62,243,11.61059
7.64,283,10.93579
7.66,247,11.54311
7.68,283,10.93579
7.7,243,11.61059
7.72,207,12.21791
7.74,171,12.82523
7.76,187,12.55531
7.78,207,12.21791
7.8,223,11.94799
7.82,167,12.89271
7.84,131,13.50003
7.86,151,13.16263
7.88,95,14.10735
7.9,107,13.90491
7.92,131,13.50003
7.94,147,13.23011
7.96,95,14.10735
7.98,111,13.83743
8,111,13.83743
8.02,135,13.43255
8.04,151,13.16263
8.06,91,14.17483
8.08,91,14.17483
8.1,107,13.90491
8.12,135,13.43255
8.14,131,13.50003
8.16,155,13.09515
8.18,151,13.16263
8.2,155,13.09515
8.22,95,14.10735
8.24,95,14.10735
8.26,91,14.17483
8.28,111,13.83743
8.3,115,13.76995
8.32,107,13.90491
8.34,111,13.83743
8.36,111,13.83743
8.38,115,13.76995
8.4,111,13.83743
8.42,115,13.76995
8.44,107,13.90491
8.46,115,13.76995
8.48,107,13.90491
8.5,115,13.76995
8.52,111,13.83743
8.54,111,13.83743
8.56,111,13.83743
8.58,111,13.83743
8.6,111,13.83743
8.62,115,13.76995
8.64,115,13.76995
8.66,115,13.76995
8.68,115,13.76995
8.7,115,13.76995
8.72,115,13.76995
8.74,111,13.83743
8.76,115,13.76995
8.78,111,13.83743
8.8,111,13.83743
8.82,131,13.50003
8.84,131,13.50003
8.86,131,13.50003
8.88,151,13.16263
8.9,91,14.17483
8.92,95,14.10735
8.94,95,14.10735
8.96,95,14.10735
8.98,99,14.03987
9,91,14.17483
9.02,99,14.03987
9.04,91,14.17483
9.06,95,14.10735
9.08,91,14.17483
9.1,95,14.10735
9.12,91,14.17483
9.14,95,14.10735
9.16,91,14.17483
9.18,95,14.10735
9.2,95,14.10735
9.22,91,14.17483
9.24,95,14.10735
9.26,91,14.17483
9.28,99,14.03987
9.3,91,14.17483
9.32,99,14.03987
9.34,91,14.17483
9.36,99,14.03987
9.38,95,14.10735
9.4,99,14.03987
9.42,91,14.17483
9.44,99,14.03987
9.46,91,14.17483
9.48,95,14.10735
9.5,95,14.10735
9.52,91,14.17483
9.54,91,14.17483
9.56,95,14.10735
9.58,91,14.17483
9.6,95,14.10735
9.62,91,14.17483
9.64,99,14.03987
9.66,87,14.24231
9.68,91,14.17483
9.7,95,14.10735
9.72,91,14.17483
9.74,99,14.03987
9.76,91,14.17483
9.78,99,14.03987
9.8,91,14.17483
9.82,99,14.03987
9.84,91,14.17483
9.86,99,14.03987
9.88,91,14.17483
9.9,95,14.10735
9.92,91,14.17483
9.94,95,14.10735
9.96,95,14.10735
9.98,99,14.03987
10,91,14.17483
10.02,91,14.17483
10.04,99,14.03987
10.06,91,14.17483
10.08,95,14.10735
10.1,91,14.17483
10.12,91,14.17483
10.14,95,14.10735
10.16,99,14.03987
10.18,91,14.17483
10.2,99,14.03987
10.22,91,14.17483
10.24,99,14.03987
10.26,99,14.03987
10.28,99,14.03987
10.3,91,14.17483
10.32,99,14.03987
10.34,91,14.17483
10.36,95,14.10735
10.38,91,14.17483
10.4,95,14.10735
10.42,91,14.17483
10.44,99,14.03987
10.46,91,14.17483
10.48,91,14.17483
10.5,91,14.17483
10.52,95,14.10735
10.54,95,14.10735
10.56,91,14.17483
10.58,99,14.03987
10.6,91,14.17483
10.62,99,14.03987
10.64,95,14.10735
10.66,95,14.10735
10.68,91,14.17483
10.7,99,14.03987
10.72,91,14.17483
10.74,95,14.10735
10.76,91,14.17483
10.78,95,14.10735
10.8,91,14.17483
10.82,95,14.10735
10.84,91,14.17483
10.86,95,14.10735
10.88,91,14.17483
10.9,91,14.17483
10.92,95,14.10735
10.94,91,14.17483
10.96,95,14.10735
10.98,91,14.17483
11,99,14.03987
11.02,95,14.10735
11.04,99,14.03987
11.06,91,14.17483
11.08,99,14.03987
11.1,91,14.17483
11.12,99,14.03987
11.14,91,14.17483
11.16,99,14.03987
11.18,91,14.17483
11.2,95,14.10735
11.22,95,14.10735
11.24,91,14.17483
11.26,91,14.17483
11.28,95,14.10735
11.3,91,14.17483
11.32,95,14.10735
11.34,95,14.10735
11.36,91,14.17483
11.38,95,14.10735
11.4,91,14.17483
11.42,99,14.03987
11.44,95,14.10735
11.46,99,14.03987
11.48,91,14.17483
11.5,95,14.10735
11.52,99,14.03987
11.54,99,14.03987
11.56,95,14.10735
11.58,99,14.03987
11.6,91,14.17483
11.62,95,14.10735
11.64,91,14.17483
11.66,95,14.10735
11.68,91,14.17483
11.7,95,14.10735
11.72,91,14.17483
11.74,91,14.17483
11.76,95,14.10735
11.78,91,14.17483
11.8,95,14.10735
11.82,99,14.03987
11.84,99,14.03987
11.86,91,14.17483
11.88,91,14.17483
11.9,95,14.10735
11.92,91,14.17483
11.94,91,14.17483
11.96,99,14.03987
11.98,91,14.17483
12,99,14.03987
12.02,91,14.17483
12.04,95,14.10735
12.06,91,14.17483
12.08,95,14.10735
12.1,91,14.17483
12.12,91,14.17483
12.14,91,14.17483
12.16,95,14.10735
12.18,95,14.10735
12.2,91,14.17483
12.22,95,14.10735
12.24,95,14.10735
12.26,99,14.03987
12.28,91,14.17483
12.3,99,14.03987
12.32,95,14.10735
12.34,99,14.03987
12.36,95,14.10735
12.38,99,14.03987
12.4,91,14.17483
12.42,95,14.10735
12.44,91,14.17483
12.46,95,14.10735
12.48,91,14.17483
12.5,95,14.10735
12.52,91,14.17483
12.54,95,14.10735
12.56,91,14.17483
12.58,91,14.17483
12.6,91,14.17483
12.62,95,14.10735
12.64,91,14.17483
12.66,91,14.17483
12.68,95,14.10735
12.7,91,14.17483
12.72,99,14.03987
12.74,91,14.17483
12.76,99,14.03987
12.78,91,14.17483
12.8,91,14.17483
12.82,91,14.17483
12.84,99,14.03987
12.86,91,14.17483
12.88,91,14.17483
12.9,91,14.17483
12.92,95,14.10735
12.94,91,14.17483
12.96,91,14.17483
12.98,91,14.17483
13,95,14.10735
13.02,95,14.10735
13.04,91,14.17483
13.06,95,14.10735
13.08,95,14.10735
13.1,99,14.03987
13.12,91,14.17483
13.14,99,14.03987
13.16,95,14.10735
13.18,99,14.03987
13.2,91,14.17483
13.22,95,14.10735
13.24,95,14.10735
13.26,99,14.03987
13.28,91,14.17483
13.3,95,14.10735
13.32,91,14.17483
13.34,95,14.10735
13.36,91,14.17483
13.38,95,14.10735
13.4,91,14.17483
13.42,95,14.10735
13.44,95,14.10735
13.46,91,14.17483
13.48,95,14.10735
13.5,91,14.17483
13.52,99,14.03987
13.54,91,14.17483
13.56,95,14.10735
13.58,95,14.10735
13.6,99,14.03987
13.62,91,14.17483
13.64,91,14.17483
13.66,95,14.10735
13.68,95,14.10735
13.7,95,14.10735
13.72,95,14.10735
13.74,91,14.17483
13.76,95,14.10735
13.78,95,14.10735
13.8,91,14.17483
13.82,91,14.17483
13.84,95,14.10735
13.86,95,14.10735
13.88,91,14.17483
13.9,95,14.10735
13.92,91,14.17483
13.94,99,14.03987
13.96,91,14.17483
13.98,95,14.10735
14,95,14.10735
14.02,95,14.10735
14.04,91,14.17483
14.06,99,14.03987
14.08,91,14.17483
14.1,99,14.03987
14.12,91,14.17483
14.14,95,14.10735
14.16,91,14.17483
14.18,95,14.10735
14.2,91,14.17483
14.22,151,13.16263
14.24,131,13.50003
14.26,135,13.43255
14.28,211,12.15043
14.3,107,13.90491
14.32,91,14.17483
14.34,91,14.17483
14.36,151,13.16263
14.38,127,13.56751
14.4,111,13.83743
14.42,95,14.10735
14.44,127,13.56751
14.46,115,13.76995
14.48,151,13.16263
14.5,115,13.76995
14.52,207,12.21791
14.54,167,12.89271
14.56,191,12.48783
14.58,207,12.21791
14.6,227,11.88051
14.62,247,11.54311
14.64,279,11.00327
14.66,299,10.66587
14.68,247,11.54311
14.7,323,10.26099
14.72,395,9.04635
14.74,335,10.05855
14.76,399,8.97887
14.78,395,9.04635
14.8,527,6.81951
14.82,535,6.68455
14.84,511,7.08943
14.86,591,5.73983
14.88,591,5.73983
14.9,571,6.07723
14.92,571,6.07723
14.94,651,4.727631
14.96,711,3.71543
14.98,715,3.64795
15,767,2.77071
15.02,771,2.703231
15.04,851,1.35363
15.06,851,1.35363
15.08,847,1.42111
15.1,851,1.35363
15.12,927,0.07151031
15.14,935,-0.06344986
15.16,987,-0.94069
15.18,987,-0.94069
15.2,991,-1.00817
15.22,1003,-1.210608
15.24,1007,-1.278089
15.26,1083,-2.56021
15.28,1103,-2.897609
15.3,1123,-3.235009
15.32,1003,-1.210608
15.34,1215,-4.787049
15.36,1235,-5.12445
15.38,1259,-5.529328
15.4,1083,-2.56021
15.42,1295,-6.136649
15.44,1315,-6.47405
15.46,1239,-5.19193
15.48,1255,-5.46185
15.5,1275,-5.799249
15.52,1239,-5.19193
15.54,1331,-6.74397
15.56,1291,-6.069169
15.58,1387,-7.688689
15.6,1399,-7.891129
15.62,1523,-9.983008
15.64,1475,-9.173249
15.66,1491,-9.44317
15.68,1455,-8.835849
15.7,1471,-9.105769
15.72,1487,-9.37569
15.74,1563,-10.65781
15.76,1631,-11.80497
15.78,1699,-12.95213
15.8,1719,-13.28953
15.82,1679,-12.61473
15.84,1695,-12.88465
15.86,1663,-12.34481
15.88,1631,-11.80497
15.9,1747,-13.76189
15.92,1627,-11.73749
15.94,1699,-12.95213
15.96,1719,-13.28953
15.98,1647,-12.07489
16,1763,-14.03181
16.02,1699,-12.95213
16.04,1679,-12.61473
16.06,1719,-13.28953
16.08,1695,-12.88465
16.1,1735,-13.55945
16.12,1715,-13.22205
16.14,1747,-13.76189
16.16,1839,-15.31393
16.18,1875,-15.92125
16.2,1859,-15.65133
16.22,1839,-15.31393
16.24,1875,-15.92125
16.26,1871,-15.85377
16.28,1903,-16.39361
16.3,1767,-14.09929
16.32,1799,-14.63913
16.34,1747,-13.76189
16.36,1775,-14.23425
16.38,1775,-14.23425
16.4,1735,-13.55945
16.42,1759,-13.96433
16.44,1763,-14.03181
16.46,1763,-14.03181
16.48,1767,-14.09929
16.5,1799,-14.63913
16.52,1799,-14.63913
16.54,1747,-13.76189
16.56,1747,-13.76189
16.58,1775,-14.23425
16.6,1783,-14.36921
16.62,1811,-14.84157
16.64,1811,-14.84157
16.66,1811,-14.84157
16.68,1811,-14.84157
16.7,1811,-14.84157
16.72,1811,-14.84157
16.74,1811,-14.84157
16.76,1811,-14.84157
16.78,1763,-14.03181
16.8,1791,-14.50417
16.82,1795,-14.57165
16.84,1827,-15.11149
16.86,1775,-14.23425
16.88,1855,-15.58385
16.9,1811,-14.84157
16.92,1955,-17.27085
16.94,1903,-16.39361
16.96,1779,-14.30173
16.98,1827,-15.11149
17,1827,-15.11149
17.02,1795,-14.57165
17.04,1795,-14.57165
17.06,1843,-15.38141
17.08,1763,-14.03181
17.1,1767,-14.09929
17.12,1763,-14.03181
17.14,1767,-14.09929
17.16,1771,-14.16677
17.18,1763,-14.03181
17.2,1763,-14.03181
17.22,1843,-15.38141
17.24,1847,-15.44889
17.26,1795,-14.57165
17.28,1795,-14.57165
17.3,1795,-14.57165
17.32,1791,-14.50417
17.34,1795,-14.57165
17.36,1791,-14.50417
17.38,1799,-14.63913
17.4,1799,-14.63913
17.42,1799,-14.63913
17.44,1795,-14.57165
17.46,1827,-15.11149
17.48,1827,-15.11149
17.5,1827,-15.11149
17.52,1827,-15.11149
17.54,1795,-14.57165
17.56,1843,-15.38141
17.58,1871,-15.85377
17.6,1871,-15.85377
17.62,1875,-15.92125
17.64,1871,-15.85377
17.66,1871,-15.85377
17.68,1871,-15.85377
17.7,1871,-15.85377
17.72,1871,-15.85377
17.74,1871,-15.85377
17.76,1875,-15.92125
17.78,1875,-15.92125
17.8,1871,-15.85377
17.82,1875,-15.92125
17.84,1875,-15.92125
17.86,1875,-15.92125
17.88,1875,-15.92125
17.9,1871,-15.85377
17.92,1871,-15.85377
17.94,1875,-15.92125
17.96,1871,-15.85377
17.98,1871,-15.85377
18,1875,-15.92125
18.02,1871,-15.85377
18.04,1871,-15.85377
18.06,1871,-15.85377
18.08,1871,-15.85377
18.1,1871,-15.85377
18.12,1871,-15.85377
18.14,1875,-15.92125
18.16,1871,-15.85377
18.18,1871,-15.85377
18.2,1871,-15.85377
18.22,1871,-15.85377
18.24,1871,-15.85377
18.26,1867,-15.78629
18.28,1871,-15.85377
18.3,1871,-15.85377
18.32,1871,-15.85377
18.34,1871,-15.85377
18.36,1871,-15.85377
18.38,1871,-15.85377
18.4,1871,-15.85377
18.42,1871,-15.85377
18.44,1871,-15.85377
18.46,1875,-15.92125
18.48,1871,-15.85377
18.5,1871,-15.85377
18.52,1875,-15.92125
18.54,1871,-15.85377
18.56,1871,-15.85377
18.58,1875,-15.92125
18.6,1875,-15.92125
18.62,1871,-15.85377
18.64,1871,-15.85377
18.66,1875,-15.92125
18.68,1871,-15.85377
18.7,1871,-15.85377
18.72,1867,-15.78629
18.74,1871,-15.85377
18.76,1875,-15.92125
18.78,1871,-15.85377
18.8,1871,-15.85377
18.82,1875,-15.92125
18.84,1871,-15.85377
18.86,1871,-15.85377
18.88,1871,-15.85377
18.9,1871,-15.85377
18.92,1871,-15.85377
18.94,1871,-15.85377
18.96,1871,-15.85377
18.98,1871,-15.85377
19,1871,-15.85377
19.02,1871,-15.85377
19.04,1871,-15.85377
19.06,1871,-15.85377
19.08,1871,-15.85377
19.1,1875,-15.92125
19.12,1871,-15.85377
19.14,1871,-15.85377
19.16,1875,-15.92125
19.18,1871,-15.85377
19.2,1871,-15.85377
19.22,1875,-15.92125
19.24,1871,-15.85377
19.26,1875,-15.92125
19.28,1871,-15.85377
19.3,1871,-15.85377
19.32,1871,-15.85377
19.34,1871,-15.85377
19.36,1871,-15.85377
19.38,1871,-15.85377
19.4,1875,-15.92125
19.42,1875,-15.92125
19.44,1871,-15.85377
19.46,1871,-15.85377
19.48,1875,-15.92125
19.5,1871,-15.85377
19.52,1879,-15.98873
19.54,1879,-15.98873
19.56,1871,-15.85377
19.58,1871,-15.85377
19.6,1871,-15.85377
19.62,1871,-15.85377
19.64,1871,-15.85377
19.66,1875,-15.92125
19.68,1871,-15.85377
19.7,1871,-15.85377
19.72,1875,-15.92125
19.74,1875,-15.92125
19.76,1871,-15.85377
19.78,1871,-15.85377
19.8,1875,-15.92125
19.82,1871,-15.85377
19.84,1875,-15.92125
19.86,1875,-15.92125
19.88,1871,-15.85377
19.9,1871,-15.85377
19.92,1871,-15.85377
19.94,1871,-15.85377
19.96,1871,-15.85377
19.98,1871,-15.85377
20,1879,-15.98873
20.02,1871,-15.85377
20.04,1875,-15.92125
20.06,1879,-15.98873
20.08,1871,-15.85377
20.1,1871,-15.85377
20.12,1875,-15.92125
20.14,1871,-15.85377
20.16,1871,-15.85377
20.18,1875,-15.92125
20.2,1871,-15.85377
20.22,1871,-15.85377
20.24,1871,-15.85377
20.26,1871,-15.85377
20.28,1871,-15.85377
20.3,1871,-15.85377
20.32,1871,-15.85377
20.34,1871,-15.85377
20.36,1875,-15.92125
20.38,1875,-15.92125
20.4,1875,-15.92125
20.42,1871,-15.85377
20.44,1871,-15.85377
20.46,1875,-15.92125
20.48,1871,-15.85377
20.5,1875,-15.92125
20.52,1871,-15.85377
20.54,1871,-15.85377
20.56,1871,-15.85377
20.58,1875,-15.92125
20.6,1871,-15.85377
20.62,1871,-15.85377
20.64,1871,-15.85377
20.66,1871,-15.85377
20.68,1871,-15.85377
20.7,1875,-15.92125
20.72,1871,-15.85377
20.74,1871,-15.85377
20.76,1875,-15.92125
20.78,1875,-15.92125
20.8,1879,-15.98873
20.82,1875,-15.92125
20.84,1871,-15.85377
20.86,1871,-15.85377
20.88,1871,-15.85377
20.9,1875,-15.92125
20.92,1871,-15.85377
20.94,1871,-15.85377
20.96,1871,-15.85377
20.98,1875,-15.92125
21,1879,-15.98873
21.02,1875,-15.92125
21.04,1871,-15.85377
21.06,1871,-15.85377
21.08,1875,-15.92125
21.1,1871,-15.85377
21.12,1875,-15.92125
21.14,1867,-15.78629
21.16,1871,-15.85377
21.18,1875,-15.92125
21.2,1879,-15.98873
21.22,1871,-15.85377
21.24,1871,-15.85377
21.26,1871,-15.85377
21.28,1871,-15.85377
21.3,1871,-15.85377
21.32,1871,-15.85377
21.34,1875,-15.92125
21.36,1871,-15.85377
21.38,1871,-15.85377
21.4,1871,-15.85377
21.42,1879,-15.98873
21.44,1875,-15.92125
21.46,1875,-15.92125
21.48,1871,-15.85377
21.5,1879,-15.98873
21.52,1871,-15.85377
21.54,1871,-15.85377
21.56,1875,-15.92125
21.58,1871,-15.85377
21.6,1879,-15.98873
21.62,1871,-15.85377
21.64,1871,-15.85377
21.66,1879,-15.98873
21.68,1871,-15.85377
21.7,1871,-15.85377
21.72,1875,-15.92125
21.74,1871,-15.85377
21.76,1871,-15.85377
21.78,1875,-15.92125
21.8,1875,-15.92125
21.82,1879,-15.98873
21.84,1871,-15.85377
21.86,1871,-15.85377
21.88,1871,-15.85377
21.9,1871,-15.85377
21.92,1871,-15.85377
21.94,1871,-15.85377
21.96,1875,-15.92125
21.98,1875,-15.92125
22,1875,-15.92125
22.02,1871,-15.85377
22.04,1875,-15.92125
22.06,1871,-15.85377
22.08,1875,-15.92125
22.1,1875,-15.92125
22.12,1871,-15.85377
22.14,1875,-15.92125
22.16,1871,-15.85377
22.18,1871,-15.85377
22.2,1871,-15.85377
22.22,1871,-15.85377
22.24,1871,-15.85377
22.26,1871,-15.85377
22.28,1871,-15.85377
22.3,1875,-15.92125
22.32,1871,-15.85377
22.34,1871,-15.85377
22.36,1875,-15.92125
22.38,1871,-15.85377
22.4,1871,-15.85377
22.42,1875,-15.92125
22.44,1875,-15.92125
22.46,1871,-15.85377
22.48,1871,-15.85377
22.5,1871,-15.85377
22.52,1871,-15.85377
22.54,1871,-15.85377
22.56,1871,-15.85377
22.58,1875,-15.92125
22.6,1875,-15.92125
22.62,1875,-15.92125
22.64,1875,-15.92125
22.66,1871,-15.85377
22.68,1875,-15.92125
22.7,1871,-15.85377
22.72,1875,-15.92125
22.74,1871,-15.85377
22.76,1871,-15.85377
22.78,1871,-15.85377
22.8,1871,-15.85377
22.82,1871,-15.85377
22.84,1871,-15.85377
22.86,1875,-15.92125
22.88,1871,-15.85377
22.9,1871,-15.85377
22.92,1871,-15.85377
22.94,1875,-15.92125
22.96,1871,-15.85377
22.98,1871,-15.85377
23,1875,-15.92125
23.02,1871,-15.85377
23.04,1871,-15.85377
23.06,1875,-15.92125
23.08,1871,-15.85377
23.1,1871,-15.85377
23.12,1871,-15.85377
23.14,1875,-15.92125
23.16,1875,-15.92125
23.18,1871,-15.85377
23.2,1875,-15.92125
23.22,1871,-15.85377
23.24,1871,-15.85377
23.26,1871,-15.85377
23.28,1871,-15.85377
23.3,1871,-15.85377
23.32,1875,-15.92125
23.34,1871,-15.85377
23.36,1875,-15.92125
23.38,1875,-15.92125
23.4,1871,-15.85377
23.42,1871,-15.85377
23.44,1871,-15.85377
23.46,1871,-15.85377
23.48,1871,-15.85377
23.5,1871,-15.85377
23.52,1871,-15.85377
23.54,1871,-15.85377
23.56,1875,-15.92125
23.58,1871,-15.85377
23.6,1871,-15.85377
23.62,1871,-15.85377
23.64,1871,-15.85377
23.66,1871,-15.85377
23.68,1871,-15.85377
23.7,1871,-15.85377
23.72,1871,-15.85377
23.74,1871,-15.85377
23.76,1871,-15.85377
23.78,1871,-15.85377
23.8,1871,-15.85377
23.82,1871,-15.85377
23.84,1875,-15.92125
23.86,1871,-15.85377
23.88,1871,-15.85377
23.9,1875,-15.92125
23.92,1871,-15.85377
23.94,1875,-15.92125
23.96,1871,-15.85377
23.98,1871,-15.85377
24,1871,-15.85377
24.02,1875,-15.92125
24.04,1875,-15.92125
24.06,1871,-15.85377
24.08,1871,-15.85377
24.1,1875,-15.92125
24.12,1871,-15.85377
24.14,1871,-15.85377
24.16,1871,-15.85377
24.18,1871,-15.85377
24.2,1875,-15.92125
24.22,1875,-15.92125
24.24,1875,-15.92125
24.26,1871,-15.85377
24.28,1875,-15.92125
24.3,1871,-15.85377
24.32,1871,-15.85377
24.34,1875,-15.92125
24.36,1871,-15.85377
24.38,1871,-15.85377
24.4,1875,-15.92125
24.42,1871,-15.85377
24.44,1875,-15.92125
24.46,1871,-15.85377
24.48,1871,-15.85377
24.5,1871,-15.85377
24.52,1871,-15.85377
24.54,1879,-15.98873
24.56,1871,-15.85377
24.58,1871,-15.85377
24.6,1875,-15.92125
24.62,1871,-15.85377
24.64,1871,-15.85377
24.66,1871,-15.85377
24.68,1875,-15.92125
24.7,1871,-15.85377
24.72,1875,-15.92125
24.74,1871,-15.85377
24.76,1871,-15.85377
24.78,1871,-15.85377
24.8,1871,-15.85377
24.82,1871,-15.85377
24.84,1871,-15.85377
24.86,1871,-15.85377
24.88,1871,-15.85377
24.9,1871,-15.85377
24.92,1867,-15.78629
24.94,1871,-15.85377
24.96,1871,-15.85377
24.98,1875,-15.92125
25,1875,-15.92125
25.02,1875,-15.92125
25.04,1871,-15.85377
25.06,1871,-15.85377
25.08,1871,-15.85377
25.1,1871,-15.85377
25.12,1875,-15.92125
25.14,1871,-15.85377
25.16,1875,-15.92125
25.18,1871,-15.85377
25.2,1871,-15.85377
25.22,1871,-15.85377
25.24,1871,-15.85377
25.26,1871,-15.85377
25.28,1871,-15.85377
25.3,1875,-15.92125
25.32,1871,-15.85377
25.34,1879,-15.98873
25.36,1871,-15.85377
25.38,1871,-15.85377
25.4,1871,-15.85377
25.42,1871,-15.85377
25.44,1875,-15.92125
25.46,1875,-15.92125
25.48,1875,-15.92125
25.5,1875,-15.92125
25.52,1871,-15.85377
25.54,1871,-15.85377
25.56,1875,-15.92125
25.58,1875,-15.92125
25.6,1871,-15.85377
25.62,1875,-15.92125
25.64,1875,-15.92125
25.66,1875,-15.92125
25.68,1871,-15.85377
25.7,1871,-15.85377
25.72,1871,-15.85377
25.74,1871,-15.85377
25.76,1875,-15.92125
25.78,1871,-15.85377
25.8,1871,-15.85377
25.82,1871,-15.85377
25.84,1871,-15.85377
25.86,1871,-15.85377
25.88,1871,-15.85377
25.9,1875,-15.92125
25.92,1871,-15.85377
25.94,1875,-15.92125
25.96,1871,-15.85377
25.98,1875,-15.92125
26,1875,-15.92125
26.02,1871,-15.85377
26.04,1871,-15.85377
26.06,1875,-15.92125
26.08,1875,-15.92125
26.1,1871,-15.85377
26.12,1871,-15.85377
26.14,1875,-15.92125
26.16,1871,-15.85377
26.18,1871,-15.85377
26.2,1875,-15.92125
26.22,1871,-15.85377
26.24,1871,-15.85377
26.26,1875,-15.92125
26.28,1871,-15.85377
26.3,1871,-15.85377
26.32,1875,-15.92125
26.34,1871,-15.85377
26.36,1879,-15.98873
26.38,1871,-15.85377
26.4,1875,-15.92125
26.42,1871,-15.85377
26.44,1871,-15.85377
26.46,1875,-15.92125
26.48,1871,-15.85377
26.5,1871,-15.85377
26.52,1875,-15.92125
26.54,1871,-15.85377
26.56,1735,-13.55945
26.58,1875,-15.92125
26.6,1767,-14.09929
26.62,1647,-12.07489
26.64,1627,-11.73749
26.66,1679,-12.61473
26.68,1759,-13.96433
26.7,1759,-13.96433
26.72,1815,-14.90905
26.74,1871,-15.85377
26.76,1907,-16.46109
26.78,1791,-14.50417
26.8,1811,-14.84157
26.82,1827,-15.11149
26.84,1955,-17.27085
26.86,1843,-15.38141
26.88,1871,-15.85377
26.9,1871,-15.85377
26.92,1875,-15.92125
26.94,1839,-15.31393
26.96,1839,-15.31393
26.98,1903,-16.39361
27,1827,-15.11149
27.02,1839,-15.31393
27.04,1951,-17.20337
27.06,1871,-15.85377
27.08,1871,-15.85377
27.1,1795,-14.57165
27.12,1767,-14.09929
27.14,1815,-14.90905
27.16,1855,-15.58385
27.18,1823,-15.04401
27.2,1795,-14.57165
27.22,1839,-15.31393
27.24,1887,-16.12369
27.26,1859,-15.65133
27.28,1827,-15.11149
27.3,1827,-15.11149
27.32,1875,-15.92125
27.34,1799,-14.63913
27.36,1799,-14.63913
27.38,1795,-14.57165
27.4,1795,-14.57165
27.42,1795,-14.57165
27.44,1871,-15.85377
27.46,1903,-16.39361
27.48,1903,-16.39361
27.5,1935,-16.93345
27.52,1931,-16.86597
27.54,1887,-16.12369
27.56,1799,-14.63913
27.58,1799,-14.63913
27.6,1795,-14.57165
27.62,1799,-14.63913
27.64,1791,-14.50417
27.66,1791,-14.50417
27.68,1795,-14.57165
27.7,1799,-14.63913
27.72,1795,-14.57165
27.74,1791,-14.50417
27.76,1847,-15.44889
27.78,1767,-14.09929
27.8,1839,-15.31393
27.82,1839,-15.31393
27.84,1791,-14.50417
27.86,1795,-14.57165
27.88,1795,-14.57165
27.9,1799,-14.63913
27.92,1871,-15.85377
27.94,1831,-15.17897
27.96,1827,-15.11149
27.98,1823,-15.04401
28,1827,-15.11149
28.02,1831,-15.17897
28.04,1823,-15.04401
28.06,1967,-17.47329
28.08,1967,-17.47329
28.1,1935,-16.93345
28.12,1939,-17.00093
28.14,1831,-15.17897
28.16,1939,-17.00093
28.18,1827,-15.11149
28.2,1823,-15.04401
28.22,1827,-15.11149
28.24,1827,-15.11149
28.26,1827,-15.11149
28.28,1831,-15.17897
28.3,1827,-15.11149
28.32,1887,-16.12369
28.34,1891,-16.19117
28.36,1887,-16.12369
28.38,1891,-16.19117
28.4,1923,-16.73101
28.42,1919,-16.66353
28.44,1923,-16.73101
28.46,1919,-16.66353
28.48,1847,-15.44889
28.5,1839,-15.31393
28.52,1751,-13.82937
28.54,1747,-13.76189
28.56,1791,-14.50417
28.58,1843,-15.38141
28.6,1843,-15.38141
28.62,1871,-15.85377
28.64,1923,-16.73101
28.66,1871,-15.85377
28.68,1919,-16.66353
28.7,1875,-15.92125
28.72,1923,-16.73101
28.74,1923,-16.73101
28.76,1919,-16.66353
28.78,1863,-15.71881
28.8,1919,-16.66353
28.82,1923,-16.73101
28.84,1875,-15.92125
28.86,1879,-15.98873
28.88,1919,-16.66353
28.9,1923,-16.73101
28.92,1875,-15.92125
28.94,1919,-16.66353
28.96,1923,-16.73101
28.98,1919,-16.66353
29,1923,-16.73101
29.02,1919,-16.66353
29.04,1923,-16.73101
29.06,1919,-16.66353
29.08,1923,-16.73101
29.1,1923,-16.73101
29.12,1919,-16.66353
29.14,1919,-16.66353
29.16,1919,-16.66353
29.18,1923,-16.73101
29.2,1923,-16.73101
29.22,1919,-16.66353
29.24,1919,-16.66353
29.26,1919,-16.66353
29.28,1923,-16.73101
29.3,1923,-16.73101
29.32,1919,-16.66353
29.34,1919,-16.66353
29.36,1919,-16.66353
29.38,1915,-16.59605
29.4,1919,-16.66353
29.42,1923,-16.73101
29.44,1919,-16.66353
29.46,1923,-16.73101
29.48,1919,-16.66353
29.5,1919,-16.66353
29.52,1923,-16.73101
29.54,1919,-16.66353
29.56,1923,-16.73101
29.58,1923,-16.73101
29.6,1919,-16.66353
29.62,1919,-16.66353
29.64,1919,-16.66353
29.66,1919,-16.66353
29.68,1923,-16.73101
29.7,1919,-16.66353
29.72,1919,-16.66353
29.74,1923,-16.73101
29.76,1919,-16.66353
29.78,1919,-16.66353
29.8,1923,-16.73101
29.82,1923,-16.73101
29.84,1871,-15.85377
29.86,1923,-16.73101
29.88,1919,-16.66353
29.9,1915,-16.59605
29.92,1919,-16.66353
29.94,1871,-15.85377
29.96,1875,-15.92125
29.98,1919,-16.66353
30,1923,-16.73101
30.02,1923,-16.73101
30.04,1915,-16.59605
30.06,1915,-16.59605
30.08,1919,-16.66353
30.1,1919,-16.66353
30.12,1919,-16.66353
30.14,1919,-16.66353
30.16,1923,-16.73101
30.18,1919,-16.66353
30.2,1919,-16.66353
30.22,1919,-16.66353
30.24,1919,-16.66353
30.26,1919,-16.66353
30.28,1919,-16.66353
30.3,1923,-16.73101
30.32,1923,-16.73101
30.34,1919,-16.66353
30.36,1923,-16.73101
30.38,1923,-16.73101
30.4,1919,-16.66353
30.42,1919,-16.66353
30.44,1919,-16.66353
30.46,1919,-16.66353
30.48,1923,-16.73101
30.5,1919,-16.66353
30.52,1923,-16.73101
30.54,1919,-16.66353
30.56,1919,-16.66353
30.58,1923,-16.73101
30.6,1919,-16.66353
30.62,1919,-16.66353
30.64,1919,-16.66353
30.66,1871,-15.85377
30.68,1923,-16.73101
30.7,1919,-16.66353
30.72,1919,-16.66353
30.74,1919,-16.66353
30.76,1915,-16.59605
30.78,1919,-16.66353
30.8,1923,-16.73101
30.82,1919,-16.66353
30.84,1919,-16.66353
30.86,1915,-16.59605
30.88,1919,-16.66353
30.9,1923,-16.73101
30.92,1923,-16.73101
30.94,1919,-16.66353
30.96,1919,-16.66353
30.98,1919,-16.66353
31,1919,-16.66353
31.02,1923,-16.73101
31.04,1923,-16.73101
31.06,1919,-16.66353
31.08,1923,-16.73101
31.1,1919,-16.66353
31.12,1923,-16.73101
31.14,1923,-16.73101
31.16,1919,-16.66353
31.18,1919,-16.66353
31.2,1919,-16.66353
31.22,1919,-16.66353
31.24,1915,-16.59605
31.26,1923,-16.73101
31.28,1919,-16.66353
31.3,1923,-16.73101
31.32,1923,-16.73101
31.34,1919,-16.66353
31.36,1923,-16.73101
31.38,1919,-16.66353
31.4,1923,-16.73101
31.42,1923,-16.73101
31.44,1923,-16.73101
31.46,1879,-15.98873
31.48,1923,-16.73101
31.5,1919,-16.66353
31.52,1847,-15.44889
31.54,1927,-16.79849
31.56,1843,-15.38141
31.58,1915,-16.59605
31.6,1919,-16.66353
31.62,1871,-15.85377
31.64,1839,-15.31393
31.66,1875,-15.92125
31.68,1735,-13.55945
31.7,1871,-15.85377
31.72,1835,-15.24645
31.74,1915,-16.59605
31.76,1871,-15.85377
31.78,1923,-16.73101
31.8,1871,-15.85377
31.82,1843,-15.38141
31.84,1871,-15.85377
31.86,1731,-13.49197
31.88,1767,-14.09929
31.9,1795,-14.57165
31.92,1699,-12.95213
31.94,1747,-13.76189
31.96,1783,-14.36921
31.98,1779,-14.30173
32,1779,-14.30173
32.02,1775,-14.23425
32.04,1779,-14.30173
32.06,1747,-13.76189
32.08,1779,-14.30173
32.1,1919,-16.66353
32.12,1923,-16.73101
32.14,1919,-16.66353
32.16,1891,-16.19117
32.18,1863,-15.71881
32.2,1871,-15.85377
32.22,1923,-16.73101
32.24,1863,-15.71881
32.26,1871,-15.85377
32.28,1935,-16.93345
32.3,2807,-31.64409
32.32,1935,-16.93345
32.34,1871,-15.85377
32.36,1843,-15.38141
32.38,1795,-14.57165
32.4,1727,-13.42449
32.42,1855,-15.58385
32.44,1783,-14.36921
32.46,1827,-15.11149
32.48,1735,-13.55945
32.5,1779,-14.30173
32.52,2835,-32.11645
32.54,1455,-8.835849
32.56,1563,-10.65781
32.58,1419,-8.22853
32.6,1335,-6.81145
32.62,1375,-7.486249
32.64,2163,-20.77981
32.66,1167,-3.97729
32.68,1123,-3.235009
32.7,1147,-3.63989
32.72,1507,-9.71309
32.74,1003,-1.210608
32.76,1007,-1.278089
32.78,2139,-20.37493
32.8,971,-0.6707697
32.82,1003,-1.210608
32.84,1063,-2.22281
32.86,555,6.347151
32.88,459,7.966671
32.9,515,7.021951
32.92,303,10.59839
32.94,303,10.59839
32.96,263,11.27319
32.98,223,11.94799
33,231,11.81303
33.02,223,11.94799
33.04,207,12.21791
33.06,207,12.21791
33.08,203,12.28539
33.1,227,11.88051
33.12,167,12.89271
33.14,167,12.89271
33.16,187,12.55531
33.18,183,12.62279
33.2,211,12.15043
33.22,155,13.09515
33.24,155,13.09515
33.26,151,13.16263
33.28,167,12.89271
33.3,171,12.82523
33.32,171,12.82523
33.34,175,12.75775
33.36,115,13.76995
33.38,167,12.89271
33.4,187,12.55531
33.42,187,12.55531
33.44,187,12.55531
33.46,191,12.48783
33.48,183,12.62279
33.5,183,12.62279
33.52,187,12.55531
33.54,191,12.48783
33.56,187,12.55531
33.58,191,12.48783
33.6,167,12.89271
33.62,167,12.89271
33.64,171,12.82523
33.66,247,11.54311
33.68,191,12.48783
33.7,187,12.55531
33.72,191,12.48783
33.74,263,11.27319
33.76,211,12.15043
33.78,263,11.27319
33.8,263,11.27319
33.82,263,11.27319
33.84,207,12.21791
33.86,207,12.21791
33.88,263,11.27319
33.9,207,12.21791
33.92,211,12.15043
33.94,203,12.28539
33.96,207,12.21791
33.98,211,12.15043
34,151,13.16263
34.02,151,13.16263
34.04,175,12.75775
34.06,171,12.82523
34.08,171,12.82523
34.1,111,13.83743
34.12,111,13.83743
34.14,115,13.76995
34.16,187,12.55531
34.18,131,13.50003
34.2,151,13.16263
34.22,151,13.16263
34.24,95,14.10735
34.26,91,14.17483
34.28,107,13.90491
34.3,111,13.83743
34.32,115,13.76995
34.34,111,13.83743
34.36,115,13.76995
34.38,131,13.50003
34.4,151,13.16263
34.42,91,14.17483
34.44,91,14.17483
34.46,111,13.83743
34.48,131,13.50003
34.5,131,13.50003
34.52,151,13.16263
34.54,151,13.16263
34.56,91,14.17483
34.58,91,14.17483
34.6,91,14.17483
34.62,111,13.83743
34.64,111,13.83743
34.66,111,13.83743
34.68,131,13.50003
34.7,131,13.50003
34.72,135,13.43255
34.74,151,13.16263
34.76,95,14.10735
34.78,207,12.21791
34.8,167,12.89271
34.82,115,13.76995
34.84,111,13.83743
34.86,111,13.83743
34.88,111,13.83743
34.9,131,13.50003
34.92,127,13.56751
34.94,127,13.56751
34.96,131,13.50003
34.98,151,13.16263
35,151,13.16263
35.02,151,13.16263
35.04,151,13.16263
35.06,151,13.16263
35.08,91,14.17483
35.1,91,14.17483
35.12,111,13.83743
35.14,131,13.50003
35.16,151,13.16263
35.18,171,12.82523
35.2,259,11.34067
35.22,187,12.55531
35.24,191,12.48783
35.26,187,12.55531
35.28,187,12.55531
35.3,0,15.71
35.32,0,15.71
35.34,0,15.71
35.36,263,11.27319
35.38,263,11.27319
35.4,259,11.34067
35.42,187,12.55531
35.44,187,12.55531
35.46,183,12.62279
35.48,0,15.71
35.5,0,15.71
35.52,0,15.71
35.54,0,15.71
35.56,0,15.71
35.58,0,15.71
35.6,0,15.71
35.62,0,15.71
35.64,0,15.71
35.66,0,15.71
35.68,0,15.71
35.7,0,15.71
35.72,0,15.71
35.74,0,15.71
35.76,0,15.71
35.78,0,15.71
35.8,0,15.71
35.82,0,15.71
35.84,0,15.71
35.86,0,15.71
35.88,0,15.71
35.9,0,15.71
35.92,0,15.71
35.94,0,15.71
35.96,0,15.71
35.98,0,15.71
36,0,15.71
36.02,0,15.71
36.04,0,15.71
36.06,0,15.71
36.08,0,15.71
36.1,0,15.71
36.12,0,15.71
36.14,0,15.71
36.16,0,15.71
36.18,0,15.71
36.2,171,12.82523
36.22,95,14.10735
36.24,151,13.16263
36.26,155,13.09515
36.28,127,13.56751
36.3,131,13.50003
36.32,131,13.50003
36.34,107,13.90491
36.36,115,13.76995
36.38,91,14.17483
36.4,147,13.23011
36.42,135,13.43255
36.44,135,13.43255
36.46,127,13.56751
36.48,111,13.83743
36.5,107,13.90491
36.52,111,13.83743
36.54,111,13.83743
36.56,167,12.89271
36.58,207,12.21791
36.6,111,13.83743
36.62,115,13.76995
36.64,99,14.03987
36.66,95,14.10735
36.68,91,14.17483
36.7,151,13.16263
36.72,147,13.23011
36.74,131,13.50003
36.76,131,13.50003
36.78,131,13.50003
36.8,135,13.43255
36.82,127,13.56751
36.84,131,13.50003
36.86,127,13.56751
36.88,127,13.56751
36.9,131,13.50003
36.92,131,13.50003
36.94,135,13.43255
36.96,131,13.50003
36.98,131,13.50003
37,127,13.56751
37.02,127,13.56751
37.04,131,13.50003
37.06,127,13.56751
37.08,131,13.50003
37.1,135,13.43255
37.12,135,13.43255
37.14,131,13.50003
37.16,135,13.43255
37.18,131,13.50003
37.2,127,13.56751
37.22,135,13.43255
37.24,135,13.43255
37.26,131,13.50003
37.28,131,13.50003
37.3,131,13.50003
37.32,135,13.43255
37.34,135,13.43255
37.36,131,13.50003
37.38,127,13.56751
37.4,127,13.56751
37.42,127,13.56751
37.44,131,13.50003
37.46,147,13.23011
37.48,95,14.10735
37.5,167,12.89271
37.52,187,12.55531
37.54,191,12.48783
37.56,203,12.28539
37.58,207,12.21791
37.6,207,12.21791
37.62,203,12.28539
37.64,211,12.15043
37.66,203,12.28539
37.68,207,12.21791
37.7,211,12.15043
37.72,207,12.21791
37.74,203,12.28539
37.76,203,12.28539
37.78,211,12.15043
37.8,207,12.21791
37.82,203,12.28539
37.84,211,12.15043
37.86,207,12.21791
37.88,211,12.15043
37.9,207,12.21791
37.92,203,12.28539
37.94,199,12.35287
37.96,207,12.21791
37.98,207,12.21791
38,203,12.28539
38.02,207,12.21791
38.04,211,12.15043
38.06,203,12.28539
38.08,203,12.28539
38.1,203,12.28539
38.12,211,12.15043
38.14,203,12.28539
38.16,207,12.21791
38.18,207,12.21791
38.2,211,12.15043
38.22,207,12.21791
38.24,207,12.21791
38.26,207,12.21791
38.28,207,12.21791
38.3,207,12.21791
38.32,211,12.15043
38.34,207,12.21791
38.36,207,12.21791
38.38,203,12.28539
38.4,207,12.21791
38.42,203,12.28539
38.44,207,12.21791
38.46,207,12.21791
38.48,211,12.15043
38.5,207,12.21791
38.52,211,12.15043
38.54,203,12.28539
38.56,207,12.21791
38.58,199,12.35287
38.6,207,12.21791
38.62,207,12.21791
38.64,203,12.28539
38.66,203,12.28539
38.68,207,12.21791
38.7,207,12.21791
38.72,207,12.21791
38.74,207,12.21791
38.76,207,12.21791
38.78,203,12.28539
38.8,211,12.15043
38.82,203,12.28539
38.84,207,12.21791
38.86,207,12.21791
38.88,207,12.21791
38.9,211,12.15043
38.92,207,12.21791
38.94,203,12.28539
38.96,207,12.21791
38.98,207,12.21791
39,207,12.21791
39.02,207,12.21791
39.04,211,12.15043
39.06,203,12.28539
39.08,207,12.21791
39.1,207,12.21791
39.12,207,12.21791
39.14,211,12.15043
39.16,207,12.21791
39.18,207,12.21791
39.2,207,12.21791
39.22,207,12.21791
39.24,211,12.15043
39.26,211,12.15043
39.28,207,12.21791
39.3,203,12.28539
39.32,207,12.21791
39.34,207,12.21791
39.36,207,12.21791
39.38,207,12.21791
39.4,207,12.21791
39.42,207,12.21791
39.44,207,12.21791
39.46,207,12.21791
39.48,207,12.21791
39.5,207,12.21791
39.52,207,12.21791
39.54,211,12.15043
39.56,207,12.21791
39.58,207,12.21791
39.6,211,12.15043
39.62,207,12.21791
39.64,207,12.21791
39.66,207,12.21791
39.68,207,12.21791
39.7,203,12.28539
39.72,207,12.21791
39.74,207,12.21791
39.76,207,12.21791
39.78,207,12.21791
39.8,207,12.21791
39.82,203,12.28539
39.84,203,12.28539
39.86,207,12.21791
39.88,207,12.21791
39.9,211,12.15043
39.92,203,12.28539
39.94,207,12.21791
39.96,211,12.15043
39.98,207,12.21791
40,207,12.21791
40.02,211,12.15043
40.04,203,12.28539
40.06,203,12.28539
40.08,207,12.21791
40.1,203,12.28539
40.12,207,12.21791
40.14,207,12.21791
40.16,207,12.21791
40.18,203,12.28539
40.2,207,12.21791
40.22,207,12.21791
40.24,211,12.15043
40.26,207,12.21791
40.28,207,12.21791
40.3,211,12.15043
40.32,207,12.21791
40.34,207,12.21791
40.36,207,12.21791
40.38,207,12.21791
40.4,207,12.21791
40.42,207,12.21791
40.44,207,12.21791
40.46,203,12.28539
40.48,211,12.15043
40.5,203,12.28539
40.52,211,12.15043
40.54,203,12.28539
40.56,203,12.28539
40.58,207,12.21791
40.6,211,12.15043
40.62,203,12.28539
40.64,207,12.21791
40.66,211,12.15043
40.68,207,12.21791
40.7,203,12.28539
40.72,207,12.21791
40.74,207,12.21791
40.76,211,12.15043
40.78,207,12.21791
40.8,207,12.21791
40.82,211,12.15043
40.84,207,12.21791
40.86,207,12.21791
40.88,211,12.15043
40.9,207,12.21791
40.92,207,12.21791
40.94,211,12.15043
40.96,207,12.21791
40.98,207,12.21791
41,207,12.21791
41.02,207,12.21791
41.04,211,12.15043
41.06,207,12.21791
41.08,211,12.15043
41.1,207,12.21791
41.12,207,12.21791
41.14,207,12.21791
41.16,203,12.28539
41.18,207,12.21791
41.2,207,12.21791
41.22,211,12.15043
41.24,207,12.21791
41.26,207,12.21791
41.28,207,12.21791
41.3,203,12.28539
41.32,203,12.28539
41.34,203,12.28539
41.36,207,12.21791
41.38,207,12.21791
41.4,211,12.15043
41.42,207,12.21791
41.44,207,12.21791
41.46,223,11.94799
41.48,171,12.82523
41.5,115,13.76995
41.52,135,13.43255
41.54,131,13.50003
41.56,147,13.23011
41.58,99,14.03987
41.6,115,13.76995
41.62,135,13.43255
41.64,127,13.56751
41.66,127,13.56751
41.68,127,13.56751
41.7,135,13.43255
41.72,127,13.56751
41.74,135,13.43255
41.76,131,13.50003
41.78,135,13.43255
41.8,131,13.50003
41.82,131,13.50003
41.84,135,13.43255
41.86,131,13.50003
41.88,131,13.50003
41.9,127,13.56751
41.92,135,13.43255
41.94,135,13.43255
41.96,131,13.50003
41.98,127,13.56751
42,131,13.50003
42.02,131,13.50003
42.04,131,13.50003
42.06,131,13.50003
42.08,131,13.50003
42.1,135,13.43255
42.12,135,13.43255
42.14,135,13.43255
42.16,135,13.43255
42.18,131,13.50003
42.2,135,13.43255
42.22,131,13.50003
42.24,127,13.56751
42.26,131,13.50003
42.28,135,13.43255
42.3,135,13.43255
42.32,131,13.50003
42.34,131,13.50003
42.36,131,13.50003
42.38,127,13.56751
42.4,131,13.50003
42.42,131,13.50003
42.44,131,13.50003
42.46,135,13.43255
42.48,135,13.43255
42.5,131,13.50003
42.52,135,13.43255
42.54,127,13.56751
42.56,131,13.50003
42.58,131,13.50003
42.6,131,13.50003
42.62,135,13.43255
42.64,131,13.50003
42.66,135,13.43255
42.68,131,13.50003
42.7,131,13.50003
42.72,127,13.56751
42.74,131,13.50003
42.76,131,13.50003
42.78,135,13.43255
42.8,131,13.50003
42.82,127,13.56751
42.84,135,13.43255
42.86,127,13.56751
42.88,127,13.56751
42.9,127,13.56751
42.92,135,13.43255
42.94,131,13.50003
42.96,131,13.50003
42.98,135,13.43255
43,131,13.50003
43.02,135,13.43255
43.04,127,13.56751
43.06,131,13.50003
43.08,131,13.50003
43.1,127,13.56751
43.12,131,13.50003
43.14,131,13.50003
43.16,131,13.50003
43.18,131,13.50003
43.2,131,13.50003
43.22,127,13.56751
43.24,127,13.56751
43.26,131,13.50003
43.28,135,13.43255
43.3,135,13.43255
43.32,135,13.43255
43.34,135,13.43255
43.36,131,13.50003
43.38,135,13.43255
43.4,131,13.50003
43.42,131,13.50003
43.44,131,13.50003
43.46,131,13.50003
43.48,135,13.43255
43.5,131,13.50003
43.52,135,13.43255
43.54,131,13.50003
43.56,131,13.50003
43.58,135,13.43255
43.6,135,13.43255
43.62,131,13.50003
43.64,131,13.50003
43.66,131,13.50003
43.68,135,13.43255
43.7,135,13.43255
43.72,135,13.43255
43.74,135,13.43255
43.76,131,13.50003
43.78,131,13.50003
43.8,131,13.50003
43.82,135,13.43255
43.84,135,13.43255
43.86,131,13.50003
43.88,135,13.43255
43.9,131,13.50003
43.92,131,13.50003
43.94,131,13.50003
43.96,131,13.50003
43.98,135,13.43255
44,131,13.50003
44.02,135,13.43255
44.04,127,13.56751
44.06,131,13.50003
44.08,131,13.50003
44.1,131,13.50003
44.12,135,13.43255
44.14,127,13.56751
44.16,135,13.43255
44.18,131,13.50003
44.2,131,13.50003
44.22,127,13.56751
44.24,131,13.50003
44.26,127,13.56751
44.28,131,13.50003
44.3,131,13.50003
44.32,131,13.50003
44.34,131,13.50003
44.36,135,13.43255
44.38,135,13.43255
44.4,131,13.50003
44.42,131,13.50003
44.44,127,13.56751
44.46,131,13.50003
44.48,131,13.50003
44.5,135,13.43255
44.52,127,13.56751
44.54,131,13.50003
44.56,135,13.43255
44.58,131,13.50003
44.6,131,13.50003
44.62,135,13.43255
44.64,131,13.50003
44.66,131,13.50003
44.68,131,13.50003
44.7,131,13.50003
44.72,131,13.50003
44.74,127,13.56751
44.76,155,13.09515
44.78,91,14.17483
44.8,95,14.10735
44.82,267,11.20571
44.84,267,11.20571
44.86,263,11.27319
44.88,263,11.27319
44.9,259,11.34067
44.92,263,11.27319
44.94,263,11.27319
44.96,263,11.27319
44.98,263,11.27319
45,263,11.27319
45.02,263,11.27319
45.04,263,11.27319
45.06,263,11.27319
45.08,259,11.34067
45.1,259,11.34067
45.12,267,11.20571
45.14,0,15.71
45.16,0,15.71
45.18,0,15.71
45.2,0,15.71
45.22,0,15.71
45.24,0,15.71
45.26,0,15.71
45.28,0,15.71
45.3,0,15.71
45.32,0,15.71
45.34,0,15.71
45.36,0,15.71
45.38,0,15.71
45.4,0,15.71
45.42,0,15.71
45.44,0,15.71
45.46,0,15.71
45.48,0,15.71
45.5,0,15.71
45.52,0,15.71
45.54,0,15.71
45.56,0,15.71
45.58,0,15.71
45.6,0,15.71
45.62,0,15.71
45.64,0,15.71
45.66,0,15.71
45.68,0,15.71
45.7,0,15.71
45.72,0,15.71
45.74,0,15.71
45.76,0,15.71
45.78,0,15.71
45.8,0,15.71
45.82,0,15.71
45.84,0,15.71
45.86,0,15.71
45.88,0,15.71
45.9,0,15.71
45.92,0,15.71
45.94,0,15.71
45.96,0,15.71
45.98,0,15.71
46,0,15.71
46.02,0,15.71
46.04,0,15.71
46.06,0,15.71
46.08,0,15.71
46.1,0,15.71
46.12,0,15.71
46.14,0,15.71
46.16,0,15.71
46.18,0,15.71
46.2,0,15.71
46.22,0,15.71
46.24,0,15.71
46.26,0,15.71
46.28,0,15.71
46.3,0,15.71
46.32,0,15.71
46.34,0,15.71
46.36,0,15.71
46.38,0,15.71
46.4,0,15.71
46.42,0,15.71
46.44,0,15.71
46.46,0,15.71
46.48,0,15.71
46.5,0,15.71
46.52,0,15.71
46.54,0,15.71
46.56,0,15.71
46.58,0,15.71
46.6,0,15.71
46.62,0,15.71
46.64,0,15.71
46.66,0,15.71
46.68,0,15.71
46.7,0,15.71
46.72,0,15.71
46.74,0,15.71
46.76,0,15.71
46.78,0,15.71
46.8,0,15.71
46.82,0,15.71
46.84,0,15.71
46.86,0,15.71
46.88,0,15.71
46.9,0,15.71
46.92,0,15.71
46.94,0,15.71
46.96,0,15.71
46.98,0,15.71
47,0,15.71
47.02,0,15.71
47.04,0,15.71
47.06,0,15.71
47.08,0,15.71
47.1,0,15.71
47.12,0,15.71
47.14,0,15.71
47.16,0,15.71
47.18,0,15.71
47.2,0,15.71
47.22,0,15.71
47.24,0,15.71
47.26,0,15.71
47.28,0,15.71
47.3,0,15.71
47.32,0,15.71
47.34,0,15.71
47.36,0,15.71
47.38,0,15.71
47.4,0,15.71
47.42,0,15.71
47.44,0,15.71
47.46,0,15.71
47.48,0,15.71
47.5,0,15.71
47.52,0,15.71
47.54,263,11.27319
47.56,171,12.82523
47.58,267,11.20571
47.6,187,12.55531
47.62,0,15.71
47.64,0,15.71
47.66,0,15.71
47.68,0,15.71
47.7,0,15.71
47.72,0,15.71
47.74,147,13.23011
47.76,127,13.56751
47.78,111,13.83743
47.8,111,13.83743
47.82,111,13.83743
47.84,99,14.03987
47.86,91,14.17483
47.88,99,14.03987
47.9,91,14.17483
47.92,99,14.03987
47.94,91,14.17483
47.96,167,12.89271
47.98,111,13.83743
48,127,13.56751
48.02,131,13.50003
48.04,127,13.56751
48.06,131,13.50003
48.08,131,13.50003
48.1,135,13.43255
48.12,151,13.16263
48.14,151,13.16263
48.16,151,13.16263
48.18,155,13.09515
48.2,95,14.10735
48.22,95,14.10735
48.24,91,14.17483
48.26,167,12.89271
48.28,171,12.82523
48.3,167,12.89271
48.32,95,14.10735
48.34,95,14.10735
48.36,95,14.10735
48.38,147,13.23011
48.4,131,13.50003
48.42,115,13.76995
48.44,91,14.17483
48.46,99,14.03987
48.48,151,13.16263
48.5,151,13.16263
48.52,147,13.23011
48.54,151,13.16263
48.56,151,13.16263
48.58,151,13.16263
48.6,151,13.16263
48.62,95,14.10735
48.64,95,14.10735
48.66,111,13.83743
48.68,127,13.56751
48.7,143,13.29759
48.72,95,14.10735
48.74,95,14.10735
48.76,95,14.10735
48.78,99,14.03987
48.8,91,14.17483
48.82,99,14.03987
48.84,167,12.89271
48.86,95,14.10735
48.88,91,14.17483
48.9,95,14.10735
48.92,91,14.17483
48.94,95,14.10735
48.96,95,14.10735
48.98,95,14.10735
49,99,14.03987
49.02,95,14.10735
49.04,99,14.03987
49.06,91,14.17483
49.08,99,14.03987
49.1,95,14.10735
49.12,99,14.03987
49.14,91,14.17483
49.16,99,14.03987
49.18,91,14.17483
49.2,95,14.10735
49.22,91,14.17483
49.24,95,14.10735
49.26,91,14.17483
49.28,99,14.03987
49.3,91,14.17483
49.32,95,14.10735
49.34,91,14.17483
49.36,95,14.10735
49.38,95,14.10735
49.4,91,14.17483
49.42,91,14.17483
49.44,95,14.10735
49.46,99,14.03987
49.48,91,14.17483
49.5,99,14.03987
49.52,95,14.10735
49.54,99,14.03987
49.56,167,12.89271
49.58,95,14.10735
49.6,91,14.17483
49.62,91,14.17483
49.64,91,14.17483
49.66,95,14.10735
49.68,91,14.17483
49.7,95,14.10735
49.72,95,14.10735
49.74,147,13.23011
49.76,131,13.50003
49.78,111,13.83743
49.8,115,13.76995
49.82,111,13.83743
49.84,111,13.83743
49.86,111,13.83743
49.88,111,13.83743
49.9,111,13.83743
49.92,111,13.83743
49.94,111,13.83743
49.96,111,13.83743
49.98,115,13.76995
50,167,12.89271
50.02,91,14.17483
50.04,91,14.17483
50.06,95,14.10735
50.08,151,13.16263
50.1,151,13.16263
50.12,147,13.23011
50.14,151,13.16263
50.16,135,13.43255
50.18,131,13.50003
50.2,131,13.50003
50.22,131,13.50003
50.24,151,13.16263
50.26,91,14.17483
50.28,95,14.10735
50.3,191,12.48783
50.32,151,13.16263
50.34,151,13.16263
50.36,95,14.10735
50.38,171,12.82523
50.4,171,12.82523
50.42,171,12.82523
50.44,175,12.75775
50.46,167,12.89271
50.48,95,14.10735
50.5,91,14.17483
50.52,91,14.17483
50.54,175,12.75775
50.56,171,12.82523
50.58,167,12.89271
50.6,91,14.17483
50.62,167,12.89271
50.64,175,12.75775
50.66,171,12.82523
50.68,99,14.03987
50.7,91,14.17483
50.72,167,12.89271
50.74,171,12.82523
50.76,167,12.89271
50.78,171,12.82523
50.8,167,12.89271
50.82,171,12.82523
50.84,163,12.96019
50.86,171,12.82523
50.88,167,12.89271
50.9,91,14.17483
50.92,171,12.82523
50.94,163,12.96019
50.96,171,12.82523
50.98,167,12.89271
51,171,12.82523
51.02,171,12.82523
51.04,175,12.75775
51.06,171,12.82523
51.08,167,12.89271
51.1,171,12.82523
51.12,171,12.82523
51.14,175,12.75775
51.16,171,12.82523
51.18,91,14.17483
51.2,95,14.10735
51.22,99,14.03987
51.24,175,12.75775
51.26,167,12.89271
51.28,167,12.89271
51.3,171,12.82523
51.32,171,12.82523
51.34,167,12.89271
51.36,167,12.89271
51.38,167,12.89271
51.4,171,12.82523
51.42,171,12.82523
51.44,175,12.75775
51.46,167,12.89271
51.48,167,12.89271
51.5,171,12.82523
51.52,167,12.89271
51.54,171,12.82523
51.56,95,14.10735
51.58,167,12.89271
51.6,167,12.89271
51.62,167,12.89271
51.64,167,12.89271
51.66,171,12.82523
51.68,171,12.82523
51.7,175,12.75775
51.72,171,12.82523
51.74,91,14.17483
51.76,171,12.82523
51.78,99,14.03987
51.8,167,12.89271
51.82,95,14.10735
51.84,171,12.82523
51.86,167,12.89271
51.88,167,12.89271
51.9,171,12.82523
51.92,171,12.82523
51.94,167,12.89271
51.96,171,12.82523
51.98,171,12.82523
52,99,14.03987
52.02,167,12.89271
52.04,171,12.82523
52.06,171,12.82523
52.08,167,12.89271
52.1,171,12.82523
52.12,95,14.10735
52.14,99,14.03987
52.16,99,14.03987
52.18,91,14.17483
52.2,167,12.89271
52.22,167,12.89271
52.24,91,14.17483
52.26,171,12.82523
52.28,95,14.10735
52.3,91,14.17483
52.32,91,14.17483
52.34,91,14.17483
52.36,171,12.82523
52.38,171,12.82523
52.4,171,12.82523
52.42,91,14.17483
52.44,91,14.17483
52.46,95,14.10735
52.48,167,12.89271
52.5,95,14.10735
52.52,91,14.17483
52.54,171,12.82523
52.56,171,12.82523
52.58,91,14.17483
52.6,99,14.03987
52.62,167,12.89271
52.64,95,14.10735
52.66,95,14.10735
52.68,95,14.10735
52.7,95,14.10735
52.72,167,12.89271
52.74,171,12.82523
52.76,167,12.89271
52.78,175,12.75775
52.8,171,12.82523
52.82,167,12.89271
52.84,175,12.75775
52.86,171,12.82523
52.88,167,12.89271
52.9,167,12.89271
52.92,171,12.82523
52.94,171,12.82523
52.96,99,14.03987
52.98,171,12.82523
53,171,12.82523
53.02,171,12.82523
53.04,171,12.82523
53.06,167,12.89271
53.08,171,12.82523
53.1,171,12.82523
53.12,171,12.82523
53.14,171,12.82523
53.16,167,12.89271
53.18,99,14.03987
53.2,171,12.82523
53.22,171,12.82523
53.24,175,12.75775
53.26,167,12.89271
53.28,167,12.89271
53.3,175,12.75775
53.32,99,14.03987
53.34,95,14.10735
53.36,91,14.17483
53.38,91,14.17483
53.4,167,12.89271
53.42,167,12.89271
53.44,171,12.82523
53.46,95,14.10735
53.48,99,14.03987
53.5,167,12.89271
53.52,171,12.82523
53.54,171,12.82523
53.56,95,14.10735
53.58,91,14.17483
53.6,171,12.82523
53.62,167,12.89271
53.64,167,12.89271
53.66,91,14.17483
53.68,99,14.03987
53.7,167,12.89271
53.72,175,12.75775
53.74,175,12.75775
53.76,167,12.89271
53.78,171,12.82523
53.8,99,14.03987
53.82,99,14.03987
53.84,95,14.10735
53.86,99,14.03987
53.88,91,14.17483
53.9,99,14.03987
53.92,91,14.17483
53.94,95,14.10735
53.96,91,14.17483
53.98,151,13.16263
54,155,13.09515
54.02,135,13.43255
54.04,111,13.83743
54.06,91,14.17483
54.08,95,14.10735
54.1,151,13.16263
54.12,151,13.16263
54.14,127,13.56751
54.16,127,13.56751
54.18,131,13.50003
54.2,131,13.50003
54.22,131,13.50003
54.24,127,13.56751
54.26,135,13.43255
54.28,127,13.56751
54.3,115,13.76995
54.32,115,13.76995
54.34,111,13.83743
54.36,111,13.83743
54.38,111,13.83743
54.4,115,13.76995
54.42,115,13.76995
54.44,119,13.70247
54.46,111,13.83743
54.48,115,13.76995
54.5,111,13.83743
54.52,115,13.76995
54.54,107,13.90491
54.56,175,12.75775
54.58,283,10.93579
54.6,171,12.82523
54.62,95,14.10735
54.64,151,13.16263
54.66,131,13.50003
54.68,131,13.50003
54.7,131,13.50003
54.72,131,13.50003
54.74,131,13.50003
54.76,131,13.50003
54.78,135,13.43255
54.8,135,13.43255
54.82,127,13.56751
54.84,131,13.50003
54.86,135,13.43255
54.88,135,13.43255
54.9,135,13.43255
54.92,131,13.50003
54.94,135,13.43255
54.96,135,13.43255
54.98,135,13.43255
55,131,13.50003
55.02,135,13.43255
55.04,131,13.50003
55.06,131,13.50003
55.08,131,13.50003
55.1,131,13.50003
55.12,135,13.43255
55.14,127,13.56751
55.16,131,13.50003
55.18,151,13.16263
55.2,151,13.16263
55.22,147,13.23011
55.24,155,13.09515
55.26,151,13.16263
55.28,151,13.16263
55.3,151,13.16263
55.32,147,13.23011
55.34,151,13.16263
55.36,147,13.23011
55.38,151,13.16263
55.4,151,13.16263
55.42,147,13.23011
55.44,147,13.23011
55.46,147,13.23011
55.48,155,13.09515
55.5,151,13.16263
55.52,151,13.16263
55.54,147,13.23011
55.56,143,13.29759
55.58,151,13.16263
55.6,151,13.16263
55.62,151,13.16263
55.64,151,13.16263
55.66,147,13.23011
55.68,147,13.23011
55.7,151,13.16263
55.72,151,13.16263
55.74,151,13.16263
55.76,151,13.16263
55.78,151,13.16263
55.8,151,13.16263
55.82,151,13.16263
55.84,151,13.16263
55.86,155,13.09515
55.88,147,13.23011
55.9,147,13.23011
55.92,151,13.16263
55.94,155,13.09515
55.96,147,13.23011
55.98,151,13.16263
56,155,13.09515
56.02,151,13.16263
56.04,151,13.16263
56.06,151,13.16263
56.08,151,13.16263
56.1,147,13.23011
56.12,151,13.16263
56.14,151,13.16263
56.16,147,13.23011
56.18,151,13.16263
56.2,151,13.16263
56.22,151,13.16263
56.24,151,13.16263
56.26,155,13.09515
56.28,151,13.16263
56.3,147,13.23011
56.32,151,13.16263
56.34,151,13.16263
56.36,151,13.16263
56.38,151,13.16263
56.4,151,13.16263
56.42,147,13.23011
56.44,155,13.09515
56.46,151,13.16263
56.48,151,13.16263
56.5,151,13.16263
56.52,155,13.09515
56.54,151,13.16263
56.56,151,13.16263
56.58,151,13.16263
56.6,151,13.16263
56.62,151,13.16263
56.64,147,13.23011
56.66,147,13.23011
56.68,147,13.23011
56.7,151,13.16263
56.72,151,13.16263
56.74,155,13.09515
56.76,155,13.09515
56.78,151,13.16263
56.8,151,13.16263
56.82,151,13.16263
56.84,155,13.09515
56.86,155,13.09515
56.88,143,13.29759
56.9,151,13.16263
56.92,155,13.09515
56.94,151,13.16263
56.96,151,13.16263
56.98,147,13.23011
57,147,13.23011
57.02,151,13.16263
57.04,151,13.16263
57.06,151,13.16263
57.08,155,13.09515
57.1,151,13.16263
57.12,151,13.16263
57.14,151,13.16263
57.16,151,13.16263
57.18,151,13.16263
57.2,151,13.16263
57.22,147,13.23011
57.24,147,13.23011
57.26,151,13.16263
57.28,151,13.16263
57.3,155,13.09515
57.32,147,13.23011
57.34,155,13.09515
57.36,151,13.16263
57.38,151,13.16263
57.4,151,13.16263
57.42,147,13.23011
57.44,151,13.16263
57.46,151,13.16263
57.48,151,13.16263
57.5,151,13.16263
57.52,147,13.23011
57.54,155,13.09515
57.56,151,13.16263
57.58,151,13.16263
57.6,151,13.16263
57.62,151,13.16263
57.64,155,13.09515
57.66,151,13.16263
57.68,151,13.16263
57.7,155,13.09515
57.72,155,13.09515
57.74,151,13.16263
57.76,147,13.23011
57.78,147,13.23011
57.8,147,13.23011
57.82,151,13.16263
57.84,151,13.16263
57.86,147,13.23011
57.88,151,13.16263
57.9,151,13.16263
57.92,151,13.16263
57.94,151,13.16263
57.96,155,13.09515
57.98,155,13.09515
58,147,13.23011
58.02,155,13.09515
58.04,151,13.16263
58.06,147,13.23011
58.08,151,13.16263
58.1,147,13.23011
58.12,147,13.23011
58.14,151,13.16263
58.16,151,13.16263
58.18,155,13.09515
58.2,147,13.23011
58.22,151,13.16263
58.24,151,13.16263
