Tiempo,ControlPWM,ThetaMedido,ThetaObservado,OmegaMedido,OmegaObservado,PosicionMedido,PosicionObservado,VelocidadObservado
0,0,0.07482722,0.03111085,0.04504682,-0.2354416,-0.1185694,-0.02484481,-6.283803
0.02,0,0.1674763,0.0828767,0.1519171,-0.6837574,-0.05108929,-0.04396385,-1.512007
0.04,0,0.2472046,0.1371119,0.1824515,-1.233422,0.0163908,-0.02155,3.142477
0.06,0,0.3187842,0.187618,0.04504682,-1.825289,-0.1185694,-0.02136893,-5.138654
0.08,0,0.3859171,0.2335331,0.07558119,-2.431338,-0.1185694,-0.05130635,-5.409956
0.1,0,0.4398463,0.2711958,0.1366499,-3.005378,-0.1185694,-0.07788762,-4.077832
0.12,0,0.4949981,0.305353,0.07558119,-3.561984,-0.1185694,-0.09521604,-2.875679
0.14,0,0.5273925,0.3284036,-0.04655629,-4.035407,-0.1185694,-0.1072007,-2.144549
0.16,0,0.5653079,0.3490135,0.09084838,-4.470756,-0.1185694,-0.115241,-1.675528
0.18,0,0.6019564,0.3683837,0.1671843,-4.876709,-0.1185694,-0.1208529,-1.398827
0.2,0,0.6469197,0.3910168,0.09084838,-5.289191,-0.1185694,-0.1242881,-1.233228
0.22,0,0.6968688,0.4174169,0.1977187,-5.721638,-0.05108929,-0.1082675,2.435874
0.24,0,0.7299501,0.4385386,0.04504682,-6.114365,-0.05108929,-0.08363546,1.579523
0.26,0,0.7601467,0.4562119,0.01451245,-6.471549,-0.05108929,-0.06862514,0.1927906
0.28,0,0.7851852,0.4704262,0.2282531,-6.788832,-0.1185694,-0.08158988,-4.351796
0.3,0,0.8053282,0.4813689,0.06031401,-7.064044,-0.1185694,-0.1107297,-3.959984
0.32,0,0.8418791,0.4980329,0.1671843,-7.362785,-0.1185694,-0.1328938,-2.632974
0.34,0,0.866877,0.512652,0.01451245,-7.640837,-0.1185694,-0.1468901,-1.610489
0.36,0,0.888629,0.5250657,0.07558119,-7.895403,-1.06329,-0.4051911,-51.48802
0.38,0,0.9166489,0.5394238,0.2587874,-8.152847,-0.1185694,-0.5423757,10.85942
0.4,0,0.9440148,0.5544517,0.04504682,-8.410717,-0.1185694,-0.4238273,18.96789
0.42,0,0.9793085,0.5730419,0.1519171,-8.694496,-1.13077,-0.5619309,-40.67975
0.44,0,0.9826426,0.5799639,0.1671843,-8.894349,-1.19825,-0.9063851,-38.5075
0.46,0,0.9994352,0.5874809,0.1977187,-9.080382,-1.06329,-1.136172,-14.01528
0.48,0,1.007224,0.5918632,0.06031401,-9.228467,-0.1185694,-0.9756949,48.71933
0.5,0,1.01061,0.5932161,0.1366499,-9.338117,-0.1185694,-0.6124983,42.36013
0.52,200,1.033579,0.8193067,0.304589,10.92017,-0.1185694,-0.3346314,25.02257
0.54,200,1.021163,1.274623,-0.04655629,24.50085,-1.06329,-0.4262157,-38.31681
0.56,200,1.057362,1.765789,5.77024,33.47012,-0.1185694,-0.4930319,16.67757
0.58,200,1.660296,2.43583,35.26643,37.57472,-0.05108929,-0.2993369,25.97031
0.6,200,2.578815,3.254896,46.53362,37.43762,-0.1185694,-0.08813846,14.03714
0.62,200,3.80442,4.213382,61.69392,33.50175,-0.1185694,0.0809724,3.793204
0.64,200,4.78826,5.085084,48.18246,27.78947,-0.1185694,0.1758153,-5.491088
0.66,200,5.656588,5.831491,47.26643,21.25217,-0.1185694,0.1963207,-11.99197
0.68,200,6.416899,6.45032,39.99926,14.50179,0.2188301,0.2464362,2.666299
0.7,200,6.92587,6.890722,25.58704,8.39712,-0.7933693,0.02180032,-56.36032
0.72,200,7.357282,7.211444,23.5565,2.966435,-0.4559698,-0.3282473,-31.08586
0.74,200,7.47797,7.348222,5.098484,-1.037952,-0.1185694,-0.4881872,2.067109
0.76,200,7.544068,7.384566,4.243522,-3.920546,-0.7933693,-0.7181849,-27.70041
0.78,200,7.487043,7.333017,0.6557342,-5.667404,-1.40069,-1.210231,-51.20276
0.8,200,7.526372,7.292095,0.5641309,-6.958656,-0.7258892,-1.527395,7.569193
0.82,200,7.565369,7.264356,0.7473372,-7.944874,-1.06329,-1.664104,5.737225
0.84,200,7.565101,7.232568,-0.1228922,-8.603821,-1.738089,-1.961589,-23.8594
0.86,200,7.562128,7.202891,0.2435202,-9.035321,-2.075489,-2.396079,-27.77609
0.88,200,7.47099,7.141565,0.6404669,-9.03685,-1.46817,-2.600912,26.30538
0.9,200,7.52362,7.129677,0.8542075,-9.204109,-1.40069,-2.534174,41.64991
0.92,200,7.504313,7.11229,1.938177,-9.255582,-1.805569,-2.522579,17.55635
0.94,200,7.511177,7.104591,-0.2144953,-9.312708,-3.425089,-3.019385,-69.61739
0.96,200,7.466869,7.08102,-0.3519,-9.211308,-3.357609,-3.712116,-42.63741
0.98,200,7.403074,7.043145,-0.2602969,-8.943511,-4.639729,-4.501571,-75.62374
1,200,7.456409,7.048966,0.2282531,-8.932423,-4.707209,-5.24451,-39.4387
1.02,-100,7.450463,6.723459,1.067948,-39.51197,-4.977129,-5.760351,-15.63083
1.04,-100,7.417117,6.023089,0.8542075,-59.84845,-4.977129,-6.062136,10.07391
1.06,-100,7.436492,5.308115,-2.046557,-73.51023,-4.977129,-6.157934,25.28115
1.08,-100,7.132678,4.561325,-17.31374,-81.69533,-5.92185,-6.40046,-20.3575
1.1,-100,6.584757,3.786429,-37.69542,-85.45216,-5.92185,-6.745716,-9.168049
1.12,-100,5.447792,2.824473,-51.45115,-84.39739,-6.86657,-7.25897,-42.16643
1.14,-100,4.344702,1.853451,-64.7794,-80.23571,-7.473888,-7.948483,-48.73525
1.16,-100,2.910725,0.791371,-74.27559,-72.95681,-8.148689,-8.713495,-48.89792
1.18,-100,1.342571,-0.3249494,-82.10765,-63.17378,-8.958448,-9.538781,-51.39905
1.2,-100,-0.1845196,-1.412429,-79.14581,-51.84642,-8.62105,-10.09167,11.50432
1.22,-100,-1.485145,-2.364393,-69.08475,-40.20014,-10.24057,-10.67318,-41.38556
1.24,-100,-2.514157,-3.123346,-51.13054,-29.19231,-10.17309,-11.22624,-4.110945
1.26,-100,-2.644881,-3.413038,8.64047,-21.4344,-10.44301,-11.45061,16.2917
1.28,-100,-2.121358,-3.226202,22.56414,-17.90069,-11.38773,-11.62891,-15.77942
1.3,-100,-1.571465,-2.835957,21.78551,-17.26593,-11.05033,-11.66741,16.4277
1.32,-100,-1.500036,-2.580835,-6.840452,-17.06124,-11.38773,-11.61711,5.198438
1.34,-100,-2.347091,-2.789172,-44.73359,-14.2561,-10.64545,-11.45764,44.64646
1.36,-100,-3.001597,-3.129681,-31.32901,-10.32615,-11.92757,-11.52662,-29.09922
1.38,-100,-3.382707,-3.410412,-17.29847,-6.504786,-10.78041,-11.51696,36.2111
1.4,-100,-3.040267,-3.359377,20.85421,-5.033118,-13.07473,-11.79383,-83.26187
1.42,-100,-2.293865,-2.99635,35.87712,-6.396112,-12.19749,-12.12066,-22.38388
1.44,-100,-1.488089,-2.483907,36.53361,-9.836613,-12.26497,-12.10901,-6.550374
1.46,-100,-1.298234,-2.179858,-8.15343,-12.72651,-12.73733,-12.16862,-31.0303
1.48,-100,-1.939364,-2.326931,-31.68015,-12.63656,-11.92757,-12.16197,14.54159
1.5,-100,-2.423331,-2.607782,-20.99313,-11.0566,-12.87229,-12.27124,-35.64036
1.52,0,-2.451226,-2.638999,-2.046557,0.2853977,-12.73733,-12.47964,-23.27985
1.54,0,-2.478188,-2.479189,-1.909152,7.950429,-12.13001,-12.42292,21.07729
1.56,0,-2.46426,-2.258316,-2.367168,13.03098,-13.14221,-12.47193,-33.54353
1.58,0,-2.420693,-2.034163,3.373292,16.29326,-11.65765,-12.30847,48.44652
1.6,0,-2.140337,-1.740041,15.66337,17.59446,-11.92757,-11.92917,28.52302
1.62,0,-1.215832,-1.171977,58.0756,15.56006,-11.38773,-11.48684,39.26251
1.64,0,0.151217,-0.3244053,64.83896,9.907555,-11.65765,-11.09132,3.633904
1.66,0,1.311102,0.5309837,65.48019,2.492924,-11.05033,-10.72382,15.12717
1.68,0,1.93211,1.137237,21.73971,-4.404879,-11.72513,-10.61281,-41.07291
1.7,0,1.122132,1.019859,-52.97787,-6.458427,-10.98285,-10.6964,-11.73412
1.72,0,0.4337371,0.6348574,-35.13054,-5.667048,-11.05033,-10.77789,-14.05127
1.74,0,0.03799556,0.2713608,-10.07709,-3.898679,-11.38773,-10.98402,-30.34258
1.76,0,0.5246896,0.3029507,23.75498,-4.252562,-11.32025,-11.14278,-17.52536
1.78,0,0.9127932,0.4758097,27.40384,-5.710004,-12.46741,-11.50537,-70.99445
1.8,0,1.403871,0.7512163,23.35803,-8.225315,-10.78041,-11.51931,36.13589
1.82,0,1.860069,1.050886,22.3046,-11.33764,-10.78041,-11.12817,38.80096
1.84,0,2.216948,1.312681,17.19009,-14.53639,-10.71293,-10.78639,22.65333
1.86,0,2.395052,1.477828,8.96108,-17.23113,-10.78041,-10.61053,0.7115935
1.88,0,2.302325,1.485493,-5.588543,-18.73827,-10.78041,-10.5936,-10.00074
1.9,0,2.127302,1.391922,-8.809917,-19.19489,-10.78041,-10.65967,-12.62722
1.92,0,1.936217,1.253289,-8.275566,-18.90067,-11.59017,-10.96664,-53.96609
1.94,0,1.757522,1.107552,-8.870986,-18.14349,-11.32025,-11.3098,-25.91185
1.96,0,1.533262,0.9466091,-11.02366,-16.93385,-11.38773,-11.51457,-12.28747
1.98,0,1.314194,0.7869515,-10.88625,-15.43839,-11.38773,-11.63247,-1.699715
2,0,1.125221,0.6452586,-9.191597,-13.84656,-11.32025,-11.66614,8.438548
2.02,-200,0.9579245,0.306421,-8.641978,-32.66235,-11.32025,-11.65203,10.35312
2.04,-200,0.8313147,-0.2449689,-5.435872,-44.84386,-11.32025,-11.62486,8.963737
2.06,-200,0.7978055,-0.7646418,-3.92442,-52.88728,-11.38773,-11.59719,3.30822
2.08,-200,0.08699528,-1.479874,-45.26794,-56.03406,-11.32025,-11.60771,4.4976
2.1,-200,-1.087612,-2.41446,-62.79466,-54.45202,-11.32025,-11.66301,4.210828
2.12,-200,-2.205297,-3.367723,-58.79466,-49.89159,-11.32025,-11.72805,6.91805
2.14,-200,-3.115026,-4.195374,-48.71833,-43.995,-11.32025,-11.75672,11.17388
2.16,-200,-3.951223,-4.901105,-47.16108,-37.43503,-11.32025,-11.74116,14.39932
2.18,-200,-4.909189,-5.579293,-48.64199,-30.0467,-10.71293,-11.54469,48.22422
2.2,-200,-5.581289,-6.109746,-32.76413,-23.00407,-10.78041,-11.24361,38.03853
2.22,-200,-6.023166,-6.468851,-16.44351,-16.91483,-11.05033,-11.06124,11.17127
2.24,-200,-5.939861,-6.530871,9.037416,-13.11156,-9.83569,-10.61195,69.37733
2.26,-200,-5.533326,-6.332987,23.14429,-11.85028,-11.05033,-10.28278,-14.14322
2.28,-200,-5.067369,-6.008941,25.2359,-12.46775,-5.989328,-8.928267,240.3522
2.3,-200,-4.667892,-5.674969,11.02215,-14.13533,-9.565769,-7.845053,-12.49107
2.32,-200,-4.798497,-5.573223,-10.71832,-14.83581,-10.98285,-8.313856,-147.7844
2.34,-200,-4.922282,-5.580107,-5.344268,-14.91188,-9.025928,-8.710385,-24.29466
2.36,-200,-4.881264,-5.568112,-2.03129,-15.09191,-9.565769,-8.740979,-32.23232
2.38,-200,-4.918207,-5.579839,-9.496941,-15.09574,-9.363329,-8.75428,-20.61089
2.4,-200,-5.048542,-5.6404,-9.573277,-14.68728,-7.20397,-8.169415,95.20574
2.42,-200,-5.188777,-5.725394,-6.550376,-13.97468,-7.878769,-7.473614,31.8479
2.44,-200,-5.264911,-5.792095,-7.878621,-13.26048,-7.878769,-7.155635,-4.546758
2.46,-200,-5.444515,-5.891674,-5.206864,-12.2191,-7.541368,-6.970558,-4.050991
2.48,-200,-5.497587,-5.951327,-1.313733,-11.35766,-7.608849,-6.851916,-17.76484
2.5,-200,-5.445503,-5.948225,0.8389403,-10.94657,-7.473888,-6.77527,-17.3975
2.52,0,-5.331201,-5.674454,-1.817549,9.373143,-6.529169,-6.460429,29.35363
2.54,0,-5.456269,-5.238644,-2.916786,23.35038,-6.529169,-6.062184,15.33767
2.56,0,-5.21894,-4.667937,-0.3824344,31.95214,-4.36981,-5.224663,111.6099
2.58,0,-4.791368,-4.033216,24.86948,36.36314,-4.639729,-4.279446,57.82843
2.6,0,-3.485047,-3.067169,62.9611,35.21095,-3.08769,-3.251778,92.92958
2.62,0,-2.554639,-2.167433,57.87712,31.52663,-3.357609,-2.395517,26.60613
2.64,0,-1.231185,-1.182674,63.92293,24.91334,-2.75029,-1.793962,12.80217
2.66,0,-0.114034,-0.2854636,65.0527,16.99276,-2.142969,-1.247766,11.46365
2.68,0,0.9296028,0.5112889,50.85423,8.428646,-1.40069,-0.6765119,19.62376
2.7,0,1.749404,1.14894,36.47254,0.1370814,-0.7933693,-0.1061306,18.92665
2.72,0,2.094043,1.50584,14.3962,-6.48012,-0.7258892,0.2542608,-11.32268
2.74,0,2.166061,1.622499,9.419095,-11.12474,-1.19825,0.1930247,-60.66707
2.76,0,2.234591,1.638283,0.1824515,-14.44223,-0.1185694,0.1602236,-5.908518
2.78,0,2.150865,1.557225,-1.267931,-16.39507,1.23103,0.6075812,64.64621
2.8,0,2.086942,1.453572,-0.7488468,-17.50048,1.23103,1.163357,40.36948
2.82,0,1.990044,1.337811,-1.664878,-17.93617,1.23103,1.468917,9.305715
2.84,0,1.873658,1.218499,-0.3213652,-17.86233,2.44567,1.873971,55.72425
2.86,0,1.930166,1.177526,-1.695411,-17.99232,2.918031,2.46482,59.50744
2.88,0,1.941036,1.157276,1.617566,-18.1143,2.850551,2.902561,24.59299
2.9,0,1.763388,1.070216,-0.4282355,-17.63731,3.25543,3.184514,21.66179
2.92,0,1.777593,1.036097,0.7778715,-17.36436,3.592831,3.462816,23.74682
2.94,0,1.720615,0.9981434,0.04504682,-17.00314,3.93023,3.750832,26.29757
2.96,0,1.670922,0.9625975,0.1213828,-16.60572,4.60503,4.141569,46.5933
2.98,0,1.693538,0.9590167,-0.2450293,-16.41176,4.94243,4.597952,44.26091
3,0,1.64353,0.9394863,0.1977187,-16.12472,5.684711,5.123956,59.83729
3.02,100,1.696919,1.064425,1.235887,-5.899753,5.009911,5.406389,-3.158268
3.04,100,1.65493,1.285418,-0.8862511,1.0679,5.684711,5.553308,16.87729
3.06,100,1.581547,1.492139,2.976346,5.958091,5.21235,5.58129,-16.07424
3.08,100,2.10635,1.905418,32.67101,7.578734,5.95463,5.699068,21.33876
3.1,100,2.708577,2.410321,29.99926,6.772864,5.61723,5.849791,-2.139761
3.12,100,3.250552,2.90044,29.98399,4.53656,6.22455,6.040245,21.72268
3.14,100,3.721287,3.328983,24.42673,1.567604,5.887151,6.171782,-6.471032
3.16,100,4.08357,3.666395,19.44963,-1.550446,5.95463,6.164271,-11.48134
3.18,100,4.342756,3.908256,11.5565,-4.445182,5.684711,6.034041,-27.43265
3.2,100,4.390341,4.013243,5.968713,-6.526032,5.887151,5.880156,-12.32092
3.22,100,4.430258,4.053163,2.869475,-8.040703,6.02211,5.815055,1.213599
3.24,100,4.427948,4.049059,3.052681,-9.045195,5.95463,5.768759,-0.193609
3.26,100,4.458503,4.042878,1.358024,-9.812451,6.35951,5.819111,22.73728
3.28,100,4.465608,4.02962,1.724437,-10.34825,5.34731,5.661948,-34.23142
3.3,100,4.439445,4.002582,0.3656577,-10.62398,5.61723,5.388677,-13.7349
3.32,100,4.40897,3.970464,0.1671843,-10.71262,5.61723,5.235819,-0.1904932
3.34,100,4.37905,3.938901,0.2893218,-10.67791,5.95463,5.249864,25.60783
3.36,100,4.376971,3.921229,0.2435202,-10.64861,5.95463,5.35804,25.48844
3.38,100,4.333707,3.89391,0.07558119,-10.49376,5.009911,5.193481,-30.33561
3.4,100,4.311928,3.872405,0.3198562,-10.32193,5.21235,4.913633,-12.3769
3.42,100,4.298756,3.85796,0.1213828,-10.16575,5.27983,4.775059,5.627951
3.44,100,4.296952,3.851852,0.01451245,-10.05586,5.21235,4.718558,9.619921
3.46,100,4.313888,3.857389,0.4267263,-10.03552,5.61723,4.804153,34.58453
3.48,100,4.276999,3.845433,-0.04655629,-9.905819,5.684711,4.983909,34.75463
3.5,100,4.29024,3.846509,0.3961921,-9.860941,5.887151,5.188401,36.89446
3.52,0,4.291449,3.739513,0.1213828,-20.03685,5.887151,5.359151,26.52188
3.54,0,4.270171,3.502843,0.04504682,-26.77288,4.87495,5.185546,-37.13454
3.56,0,4.139204,3.206315,-8.397705,-30.8659,4.94243,4.825331,-27.12162
3.58,0,3.494281,2.706949,-34.15344,-31.5764,5.21235,4.600108,4.369441
3.6,0,2.974848,2.20408,-26.15344,-30.42451,4.267631,4.275478,-34.5824
3.62,0,2.499444,1.748666,-28.13817,-28.16519,5.54975,4.220281,49.79922
3.64,0,1.99648,1.326103,-21.52748,-25.07977,4.60503,4.241542,4.599838
3.66,0,1.752128,1.042962,-15.55801,-22.25479,4.67251,4.148581,7.751947
3.68,0,1.453561,0.8097256,-10.93206,-19.43147,4.53755,4.07158,6.663151
3.7,0,1.400321,0.7059822,-4.748848,-17.38021,4.53755,4.046638,12.14931
3.72,0,1.326215,0.6520612,-2.535107,-15.77759,4.53755,4.07535,15.07641
3.74,0,1.272634,0.6266719,-2.672511,-14.53867,4.60503,4.150715,18.71296
3.76,0,1.274749,0.6341112,-0.2144953,-13.71775,4.53755,4.228986,12.62139
3.78,0,1.249063,0.6411428,-1.176328,-13.08821,4.60503,4.300776,13.12382
3.8,0,1.26044,0.6601899,-0.1686933,-12.70316,4.67251,4.39023,13.85645
3.82,0,1.260519,0.6770927,-0.03128911,-12.44586,4.67251,4.471599,9.900975
3.84,0,1.271575,0.6952612,-0.04655629,-12.30849,4.67251,4.527531,6.088609
3.86,0,1.292189,0.716109,0.4114593,-12.28134,4.60503,4.544053,-0.1967112
3.88,0,1.302155,0.7321841,0.3351234,-12.29427,4.60503,4.535146,-1.064317
3.9,0,1.300602,0.7401819,0.3198562,-12.29777,4.67251,4.541826,2.98803
3.92,0,1.301207,0.7447741,0.3351234,-12.30195,4.60503,4.543672,-0.8639995
3.94,0,1.310094,0.7509348,0.1671843,-12.33259,4.67251,4.549535,2.585526
3.96,0,1.308482,0.7531381,0.01451245,-12.34799,4.53755,4.530278,-4.866739
3.98,0,1.304626,0.7524937,0.02977964,-12.34612,4.53755,4.487174,-4.066261
4,0,1.296067,0.748619,-0.0007547362,-12.31789,4.60503,4.472685,1.694469
4.02,200,1.298072,0.965428,0.01451245,8.098621,4.60503,4.486681,3.157849
4.04,200,1.301355,1.424879,0.2740546,21.73621,4.60503,4.506403,3.978078
4.06,200,1.599692,2.028283,25.96872,29.91896,5.61723,4.807265,58.79212
4.08,200,2.534646,2.885034,45.2817,32.45404,4.267631,4.943881,-25.58885
4.1,200,3.639488,3.85846,58.42675,30.68506,5.27983,5.053811,21.03923
4.12,200,4.711491,4.811002,50.80843,26.14385,5.21235,5.303335,12.71322
4.14,200,5.573493,5.618711,44.1214,20.41012,5.21235,5.452844,-1.004651
4.16,200,6.422004,6.321205,43.70919,13.9194,4.267631,5.247939,-61.16349
4.18,200,7.028409,6.852632,31.84658,7.683805,4.60503,4.908509,-36.67366
4.2,200,7.361126,7.180246,21.5107,2.47719,4.60503,4.666065,-22.12464
4.22,200,7.60818,7.377006,10.51833,-1.775462,3.93023,4.299304,-48.37252
4.24,200,7.659292,7.436119,5.022148,-4.775389,4.20015,3.933698,-18.46312
4.26,200,7.607846,7.39757,-0.2297625,-6.617274,4.60503,3.817352,20.12688
4.28,200,7.60485,7.344497,2.319857,-7.839668,3.93023,3.667485,-10.60852
4.3,200,7.536085,7.266353,-0.6572433,-8.441334,3.25543,3.241394,-40.6794
4.32,200,7.518435,7.206081,0.2282531,-8.788382,3.93023,2.964954,15.50558
4.34,200,7.504454,7.161288,0.5183294,-8.977385,3.25543,2.770585,-5.799791
4.36,200,7.508052,7.13497,0.1824515,-9.115707,2.918031,2.456667,-14.30667
4.38,200,7.505398,7.117056,-0.2297625,-9.200322,2.31071,2.022007,-30.94522
4.4,200,7.515066,7.109893,0.02977964,-9.286922,2.985511,1.804139,27.00468
4.42,200,7.450118,7.077486,0.2740546,-9.140697,2.58063,1.740658,18.02348
4.44,200,7.389611,7.036777,-0.06182348,-8.853973,0.89363,1.222695,-68.38484
4.46,200,7.310508,6.986308,0.5793981,-8.413418,1.568431,0.6829513,-7.478699
4.48,200,7.30779,6.964708,0.9305434,-8.111007,1.23103,0.4024777,3.496032
4.5,200,7.222503,6.922278,0.4725278,-7.6415,-0.1185694,-0.1226945,-53.25854
4.52,0,7.286568,6.715817,1.083215,-27.93301,0.8261509,-0.471048,23.05335
4.54,0,7.32203,6.280257,0.8542075,-41.60875,0.5562305,-0.5201962,27.4043
4.56,0,7.267335,5.79068,-3.359534,-50.58324,-0.7933693,-0.8700241,-42.2634
4.58,0,6.595822,5.092867,-36.13817,-54.47588,-1.805569,-1.690026,-80.7249
4.6,0,5.484741,4.182007,-62.30612,-53.59128,-1.46817,-2.432852,-22.81382
4.62,0,4.328633,3.214314,-54.24504,-49.3754,-1.46817,-2.82457,16.20761
4.64,0,3.440963,2.382205,-50.12291,-43.77846,-1.40069,-2.938461,42.39637
4.66,0,2.551919,1.646992,-49.78703,-37.25312,-2.48037,-3.17781,-6.135152
4.68,0,1.804094,1.039369,-27.58855,-30.54952,-2.412889,-3.474723,11.8422
4.7,0,1.553136,0.7115116,-14.24503,-25.28869,-3.695009,-3.896977,-37.68089
4.72,0,1.359955,0.5379175,-12.19923,-21.16932,-3.762489,-4.356234,-17.27592
4.74,0,1.406863,0.5301733,-3.741214,-18.56606,-4.09989,-4.65617,-8.144453
4.76,0,1.332906,0.5383587,-3.954955,-16.59353,-4.09989,-4.806181,10.52292
4.78,0,1.314869,0.5680782,-0.9320526,-15.21844,-4.36981,-4.877054,7.066734
4.8,0,1.461035,0.6680245,1.174818,-14.75895,-4.707209,-4.978346,-4.742313
4.82,0,1.538,0.7626837,3.22062,-14.6927,-4.977129,-5.136599,-12.18875
4.84,0,1.532597,0.8136252,-0.7183124,-14.63042,-5.65193,-5.446597,-38.88242
4.86,0,1.591456,0.8671938,-1.725946,-14.77323,-5.92185,-5.83716,-36.98841
4.88,0,1.622711,0.9073738,-0.1381594,-14.9659,-5.65193,-6.050503,-1.815008
4.9,0,1.62142,0.9257379,0.6404669,-15.09027,-6.259249,-6.235663,-21.75946
4.92,0,1.62704,0.9360878,0.5488637,-15.19109,-6.93405,-6.615241,-47.85861
4.94,0,1.625875,0.9396077,0.1061156,-15.25483,-7.608849,-7.175024,-64.52767
4.96,0,1.623261,0.9395733,0.1213828,-15.28792,-5.92185,-7.218729,54.27374
4.98,0,1.616292,0.9360329,0.2435202,-15.28865,-6.93405,-7.070027,5.847208
5,0,1.629348,0.9395103,0.2282531,-15.33019,-6.664129,-7.033726,13.07347
5.02,0,1.658854,0.952876,0.09084838,-15.45166,-8.35113,-7.409799,-78.04545
5.04,0,1.670502,0.963182,-0.2144953,-15.56847,-7.20397,-7.727443,0.8137971
5.06,0,1.675894,0.9691762,0.5793981,-15.66325,-7.33893,-7.721136,11.54717
5.08,0,1.681166,0.9731331,0.2587874,-15.74285,-6.86657,-7.538164,37.4859
5.1,0,1.680876,0.9738517,0.06031401,-15.79521,-6.93405,-7.305049,25.87819
5.12,0,1.675094,0.9709563,-0.1686933,-15.81214,-6.93405,-7.154686,14.40183
5.14,0,1.675716,0.9693283,0.1824515,-15.82553,-6.93405,-7.074048,6.784587
5.16,0,1.683739,0.9715401,0.1213828,-15.85979,-6.93405,-7.037253,2.573539
5.18,0,1.692153,0.9756866,0.1061156,-15.90914,-6.93405,-7.024487,0.5522076
5.2,0,1.693103,0.9775453,0.1824515,-15.94506,-6.93405,-7.024021,-0.2485244
5.22,0,1.695429,0.9789402,0.01451245,-15.97636,-6.93405,-7.028505,-0.4009323
5.24,0,1.69653,0.9796476,0.1977187,-16.00072,-6.93405,-7.034307,-0.2742242
5.26,0,1.703635,0.9825884,0.04504682,-16.03934,-6.93405,-7.039199,-0.05040932
5.28,0,1.698213,0.9813129,0.01451245,-16.04805,-6.93405,-7.043947,0.1379955
5.3,0,1.700551,0.9814383,0.1824515,-16.06124,-6.93405,-7.047493,0.3389333
5.32,0,1.694926,0.9789493,0.04504682,-16.05236,-6.93405,-7.050597,0.4870487
5.34,0,1.696655,0.9784507,0.1824515,-16.05185,-6.86657,-7.034689,4.235298
5.36,0,1.695488,0.9776928,-0.01602192,-16.0479,-6.93405,-7.026497,-0.1040953
5.38,0,1.689812,0.9749798,0.2129859,-16.02742,-6.93405,-7.036386,-0.6157069
5.4,0,1.67831,0.9690425,0.06031401,-15.97758,-6.93405,-7.047344,-0.162356
5.42,0,1.676013,0.9656451,0.1366499,-15.93712,-6.93405,-7.054347,0.3868195
5.44,0,1.681421,0.9666951,-0.07709067,-15.92714,-6.93405,-7.057064,0.761898
5.46,0,1.690829,0.9713521,0.2129859,-15.95004,-6.93405,-7.056838,0.928137
5.48,0,1.686768,0.9718476,0.2282531,-15.95251,-6.93405,-7.056501,0.9295578
5.5,0,1.688707,0.9728861,0.1061156,-15.96025,-6.93405,-7.05596,0.9215608
5.52,-100,1.685522,0.8631846,0.1366499,-26.1574,-6.93405,-7.057663,0.5991538
5.54,-100,1.693378,0.6368793,0.09084838,-32.99866,-6.93405,-7.060423,-0.03337091
5.56,-100,1.639375,0.3763089,-3.329,-37.40404,-6.86657,-7.045873,2.95127
5.58,-100,1.424757,0.07046854,-13.58854,-39.67678,-6.93405,-7.049646,-2.016145
5.6,-100,0.9064414,-0.3512895,-30.1687,-39.56995,-7.811289,-7.330969,-49.48931
5.62,-100,-0.2119526,-1.046887,-64.30611,-35.98611,-7.811289,-7.794967,-37.12863
5.64,-100,-1.341815,-1.840368,-59.25268,-30.04606,-7.878769,-8.176354,-17.37612
5.66,-100,-2.351149,-2.59847,-50.61146,-22.91126,-6.93405,-8.162049,53.6621
5.68,-100,-3.237865,-3.2664,9.602302,-15.3641,-7.27145,-7.961866,38.37098
5.7,-100,-2.553979,-3.224577,25.03742,-12.48021,-6.664129,-7.538292,64.20592
5.72,-100,-1.900473,-2.88197,25.08322,-12.60829,-6.93405,-7.076588,32.34979
5.74,-100,-1.656699,-2.594094,8.228255,-13.45645,-7.20397,-6.866896,-3.849703
5.76,-100,-1.825296,-2.519693,-11.60381,-13.48864,-6.259249,-6.603606,36.0072
5.78,-100,-1.977245,-2.542499,-12.88626,-13.03154,-6.664129,-6.372026,2.019107
5.8,-100,-2.179314,-2.631454,-12.24503,-12.09031,-5.65193,-6.059646,43.71737
5.82,-100,-2.544839,-2.81689,-19.2374,-10.31298,-5.92185,-5.75974,14.06225
5.84,-100,-2.835472,-3.010451,-18.79465,-8.213839,-6.326729,-5.750628,-23.4769
5.86,-100,-3.087175,-3.186924,-12.48931,-6.021944,-6.596649,-5.962796,-39.4168
5.88,-100,-3.155711,-3.276162,-3.741214,-4.343214,-5.65193,-5.93347,21.38739
5.9,-100,-3.062742,-3.258815,6.411461,-3.515087,-5.92185,-5.740614,7.129556
5.92,-100,-2.903164,-3.169126,6.243523,-3.463131,-5.314529,-5.457486,30.25244
5.94,-100,-2.637213,-3.00821,10.6252,-4.263363,-4.30233,-4.860284,71.02406
5.96,-100,-2.384834,-2.828008,11.81604,-5.590613,-5.044609,-4.424294,2.319824
5.98,-100,-2.254022,-2.696435,7.724439,-6.887036,-5.247049,-4.392651,-32.25177
6,-100,-2.167437,-2.609404,3.6023,-8.023547,-4.30233,-4.265282,14.85222
6.02,0,-2.027859,-2.413522,2.854208,0.9805779,-4.977129,-4.18351,-27.42835
6.04,0,-1.95103,-2.124257,1.892376,6.759807,-3.96493,-4.020453,21.4883
6.06,0,-1.768146,-1.793092,16.10612,10.05043,-4.639729,-3.904172,-21.99463
6.08,0,-0.7985594,-1.152924,39.90766,9.203978,-4.977129,-4.006065,-46.42735
6.1,0,-0.1649968,-0.5508733,28.80842,6.654465,-4.30233,-4.002734,-6.216315
6.12,0,0.2002764,-0.1097358,23.96872,3.80951,-4.707209,-3.993466,-28.29699
6.14,0,0.7298888,0.3063201,27.3733,0.2485952,-3.96493,-3.880227,9.337502
6.16,0,1.093452,0.6275588,18.16719,-3.269338,-4.03241,-3.697907,-0.6790136
6.18,0,1.393433,0.8709283,14.28933,-6.559274,-3.02021,-3.348573,42.4901
6.2,0,1.463436,0.97939,3.190086,-8.975639,-3.96493,-3.207789,-26.55313
6.22,0,1.449789,0.993343,1.129017,-10.54628,-4.03241,-3.40726,-40.57193
6.24,0,1.484827,0.9895535,1.129017,-11.70594,-4.09989,-3.666667,-36.40281
6.26,0,1.44959,0.9536253,-0.9015187,-12.36982,-3.695009,-3.779398,-3.197645
6.28,0,1.478798,0.9349771,0.5335966,-12.90585,-3.762489,-3.7782,-1.451263
6.3,0,1.464176,0.9096621,1.098482,-13.21887,-4.707209,-4.031295,-52.59547
6.32,0,1.505174,0.9077011,0.8542075,-13.5565,-3.357609,-4.064648,30.7487
6.34,0,1.46923,0.8859971,-0.7183124,-13.66965,-4.36981,-4.064141,-20.35268
6.36,0,1.492895,0.8820043,0.7931387,-13.82004,-4.43729,-4.264098,-25.00932
6.38,0,1.480988,0.8723841,0.3351234,-13.88297,-4.30233,-4.407543,-8.023157
6.4,0,1.497227,0.872802,0.6251997,-13.9762,-4.36981,-4.475093,-4.065609
6.42,0,1.488452,0.8678413,0.1366499,-14.01086,-4.36981,-4.512146,-0.4383687
6.44,0,1.488886,0.8647228,0.04504682,-14.0354,-4.30233,-4.506721,5.292906
6.46,0,1.485986,0.8613867,-0.2297625,-14.04276,-4.36981,-4.496,1.720901
6.48,0,1.479489,0.8567194,-0.0007547362,-14.02733,-4.43729,-4.515721,-2.334592
6.5,0,1.486584,0.8573678,0.2282531,-14.03932,-4.30233,-4.507458,5.907969
6.52,0,1.486584,0.8573678,0.2282531,-14.03932,-4.30233,-4.507458,5.907969
