Tiempo,ControlPWM,ThetaMedido,ThetaEstimado,VelocidadMedida,VelocidadEstimada
0,0,-0.006409951,-0.0177171,-3.862597,-0.8379241
0.02,0,-0.01345462,-0.02269407,-3.877864,-0.626446
0.04,0,-0.0180065,-0.02226653,-3.908398,-0.205381
0.06,0,-0.01042271,0.006362177,-3.923666,1.384783
0.08,0,-0.01759079,-0.03214816,-3.938933,-1.013113
0.1,0,-0.01464754,-0.004038721,-3.938933,0.9323986
0.12,0,-0.00931067,3.758259e-05,-3.893131,0.7957824
0.14,0,-0.01214259,-0.01771277,-3.938933,-0.3494749
0.16,0,-0.008423418,0.0009734984,-3.923666,0.7936047
0.18,0,-0.005522303,-0.001108803,-4.000001,0.3835852
0.2,0,-0.009158298,-0.0156859,-3.877864,-0.4452545
0.22,0,-0.01890139,-0.03347858,-3.893131,-1.004986
0.24,0,-0.03005377,-0.04411213,-3.908398,-0.8855293
0.26,0,-0.03148216,-0.02691348,-3.847329,0.5795196
0.28,0,-0.0264001,-0.01390412,-3.923666,1.16249
0.3,0,-0.03691828,-0.05426545,-3.9542,-1.09441
0.32,0,-0.03834648,-0.03215364,-3.969467,0.7549361
0.34,0,-0.03912761,-0.03633098,-3.938933,0.4947537
0.36,0,-0.04360087,-0.0465299,-3.908398,0.07918161
0.38,0,-0.04542328,-0.04188759,-3.923666,0.5971209
0.4,0,-0.04398549,-0.03574378,-3.893131,0.9544375
0.42,0,-0.04607203,-0.04520231,-3.893131,0.3932637
0.44,0,-0.0460284,-0.03962035,-3.923666,0.8256889
0.46,0,-0.04166597,-0.02876067,-3.923666,1.302275
0.48,0,-0.03590756,-0.02246917,-3.877864,1.303118
0.5,0,-0.02795351,-0.01156553,-3.877864,1.477312
0.52,0,-0.02776031,-0.02678168,-3.938933,0.2722619
0.54,0,-0.02556906,-0.01798476,-3.923666,0.7730289
0.56,0,-0.02519847,-0.02246288,-3.923666,0.3915578
0.58,0,-0.01914539,-0.005462181,-3.893131,1.204006
0.6,0,-0.01290711,-0.001959838,-3.9542,0.946035
0.62,0,-0.008829653,-0.002027309,-3.908398,0.5935161
0.64,0,0.002137221,0.02135377,-3.893131,1.485795
0.66,0,0.0137952,0.03017776,-3.908398,1.18185
0.68,0,-0.006436523,-0.04738712,-3.9542,-3.153493
0.7,0,-0.01547845,-0.02226143,-3.938933,-0.4197416
0.72,0,-0.01296719,-0.004966997,-3.908398,0.7166274
0.74,0,-0.01319698,-0.01338213,-3.908398,0.07862532
0.76,0,-0.01341514,-0.01190085,-3.908398,0.2130563
0.78,0,-0.006453291,0.007417331,-3.893131,1.129004
0.8,0,-0.007188171,-0.01037221,-3.908398,-0.1981736
0.82,0,-0.005232185,-0.0001286604,-3.908398,0.4356587
0.84,0,-0.01268777,-0.02612887,-3.984734,-0.9603492
0.86,0,-0.00980559,-0.0002183095,-3.877864,0.8183793
0.88,0,-0.01628588,-0.02826149,-3.9542,-0.8205405
0.9,0,-0.01925785,-0.01978623,-3.832062,0.09498906
0.92,0,-0.01646548,-0.008707881,-3.9542,0.7222798
0.94,0,-0.007543288,0.008956648,-3.938933,1.341969
0.96,0,-0.01336087,-0.0258896,-3.9542,-0.8845315
0.98,0,-0.008964866,0.00319973,-3.938933,1.013739
1,0,-0.002889343,0.006644316,-3.877864,0.7648731
1.02,0,-0.0003611073,0.002578788,-4.000001,0.2320173
1.04,0,-0.006978057,-0.01919599,-3.923666,-0.9051043
1.06,0,-0.00940793,-0.01024389,-3.908398,0.001383901
1.08,0,-0.01158612,-0.01392615,-3.9542,-0.1009155
1.1,0,-0.01308004,-0.01360581,-3.923666,0.05137797
1.12,0,-0.01100855,-0.005399417,-3.969467,0.5159112
1.14,0,-0.005940922,0.003422089,-3.893131,0.7732189
1.16,0,-0.01877062,-0.04245419,-3.908398,-1.717497
1.18,0,-0.02670038,-0.03326061,-3.923666,-0.3233743
1.2,0,-0.03292244,-0.03879339,-3.908398,-0.2258841
1.22,0,-0.02515481,-0.005614039,-3.923666,1.704151
1.24,0,-0.02400367,-0.02235996,-3.877864,0.2976155
1.26,0,-0.02497551,-0.02363702,-3.938933,0.2809607
1.28,0,-0.02929521,-0.03365706,-3.938933,-0.133773
1.3,0,-0.02179377,-0.00354239,-3.877864,1.579665
1.32,0,-0.01883374,-0.01421439,-3.908398,0.4935448
1.34,0,-0.006004103,0.01834974,-3.923666,1.944625
1.36,0,0.0001691654,0.006991118,-3.908398,0.5312357
1.38,0,0.004171498,0.009822402,-3.908398,0.4118034
1.4,0,0.004724205,0.003967053,-3.938933,-0.09261674
1.42,0,-0.002238654,-0.01503786,-3.923666,-0.9839234
1.44,0,-0.002658173,-0.0004988834,-3.877864,0.1876706
1.46,0,-0.001061119,0.001700509,-3.908398,0.2231698
1.48,0,-0.005912527,-0.01487853,-3.969467,-0.6586189
1.5,0,-0.0008821562,0.01063506,-3.923666,0.9060081
1.52,0,-0.002840869,-0.008492257,-4.000001,-0.4215692
1.54,0,-0.007860012,-0.01517612,-3.938933,-0.5158363
1.56,0,-0.01483668,-0.02455463,-3.877864,-0.6541294
1.58,0,-0.01838951,-0.02059682,-3.9542,-0.04232758
1.6,0,-0.01797045,-0.01418408,-3.847329,0.4227469
1.62,0,-0.01930256,-0.01987662,-3.893131,0.0914557
1.64,0,-0.02064624,-0.02017475,-3.893131,0.1826946
1.66,0,-0.01806559,-0.01069115,-3.923666,0.7036378
1.68,0,-0.01308382,-0.003231722,-3.877864,0.8618509
1.7,0,-0.01358275,-0.01460495,-3.923666,0.01593518
1.72,0,-0.01121426,-0.004914374,-3.908398,0.5713286
1.74,0,-0.01769666,-0.02881805,-3.9542,-0.7437913
1.76,0,-0.02797816,-0.04137242,-4.000001,-0.8483815
1.78,0,-0.03498334,-0.04068062,-3.908398,-0.1976377
1.8,0,-0.0420975,-0.04854964,-3.938933,-0.2064794
1.82,0,-0.04057881,-0.03064786,-3.923666,1.062497
1.84,0,-0.03688126,-0.02662705,-3.893131,1.061332
1.86,0,-0.03115292,-0.01790991,-3.862597,1.254315
1.88,0,-0.02552821,-0.0138806,-3.938933,1.089909
1.9,0,-0.01483388,0.005282704,-3.877864,1.675903
1.92,0,-0.01901793,-0.02836621,-3.893131,-0.5962052
1.94,0,-0.01771057,-0.01083812,-3.847329,0.662094
1.96,0,-0.01187102,-0.0004511736,-3.923666,0.9757499
1.98,0,-0.0116263,-0.01182421,-3.923666,0.06647062
2,0,-0.01256253,-0.0125355,-3.938933,0.09086266
2.02,200,-0.02007886,-0.03156809,-3.877864,42.92442
2.04,200,-0.04356714,0.7937549,-1.969466,109.3825
2.06,200,0.766404,2.905806,43.6336,205.3513
2.08,200,2.122849,4.848741,64.54964,241.5564
2.1,200,3.501015,5.954757,62.82445,210.552
2.12,200,4.418507,5.919601,48.73284,129.6636
2.14,200,5.357505,6.959239,42.5191,130.9081
2.16,200,5.776157,6.307364,20.16795,44.32922
2.18,200,5.889531,6.039058,2.106871,13.7343
2.2,200,5.972435,6.129598,3.511451,13.75192
2.22,200,6.037241,6.149361,0.503817,9.775606
2.24,200,6.092245,6.187005,0.8244278,8.031767
2.26,200,6.1117,6.139498,-1.038168,2.664262
2.28,200,6.127364,6.159244,-1.67939,2.873627
2.3,200,6.150299,6.191994,-2.717558,3.478144
2.32,200,6.143415,6.127286,-2.534352,-0.9900336
2.34,200,6.108311,6.055037,-4.396948,-3.642392
2.36,200,6.095407,6.093773,-4.076337,0.4830122
2.38,200,6.085389,6.08026,-3.664123,0.2798557
2.4,200,6.059461,6.028369,-3.770993,-1.564835
2.42,200,6.029943,6.00142,-4.015268,-1.155092
2.44,200,6.012401,6.008669,-4.06107,0.9051224
2.46,200,5.996625,5.993484,-3.893131,1.062199
2.48,200,5.988317,6.000446,-3.847329,2.313753
2.5,200,5.975089,5.976635,-3.893131,1.580234
2.52,200,5.958655,5.958544,-3.9542,1.567084
2.54,200,5.945735,5.954482,-3.877864,2.350315
2.56,200,5.943431,5.970944,-3.832062,3.832247
2.58,200,5.934064,5.945652,-3.877864,2.654237
2.6,200,5.926945,5.947029,-3.9542,3.368412
2.62,200,5.919207,5.937496,-3.9542,3.282727
2.64,200,5.913144,5.935843,-3.893131,3.669976
2.66,200,5.912082,5.943569,-3.938933,4.363835
2.68,200,5.908,5.932532,-3.984734,3.849364
2.7,200,5.911409,5.951136,-3.9542,5.012194
2.72,200,5.907566,5.930952,-3.923666,3.762744
2.74,200,5.899572,5.919474,-3.938933,3.54727
2.76,200,5.902758,5.944216,-3.877864,5.208681
2.78,200,5.894666,5.911434,-3.893131,3.336893
2.8,200,5.892923,5.927008,-4.030536,4.702253
2.82,200,5.891,5.921527,-3.908398,4.437644
2.84,200,5.874679,5.880792,-3.969467,2.645967
2.86,200,5.862908,5.884282,-3.923666,3.921579
2.88,200,5.854787,5.881191,-3.893131,4.371609
2.9,200,5.853209,5.891279,-3.908398,5.293991
2.92,200,5.848614,5.879233,-3.923666,4.744166
2.94,200,5.856886,5.912349,-3.938933,6.62648
2.96,200,5.851117,5.875632,-3.908398,4.249433
2.98,200,5.858386,5.912952,-3.862597,6.545925
3,200,5.845607,5.857729,-3.938933,3.320295
3.02,200,5.84573,5.890969,-3.893131,5.907035
3.04,200,5.842633,5.875509,-3.908398,4.962599
3.06,200,5.844158,5.888107,-3.9542,5.81694
3.08,200,5.844245,5.883213,-3.923666,5.427032
3.1,200,5.858545,5.923573,-3.862597,7.361679
3.12,200,5.856901,5.886526,-3.893131,4.607471
3.14,200,5.84791,5.871943,-3.832062,4.234809
3.16,200,5.847772,5.889832,-4.000001,5.644014
3.18,200,5.846661,5.883388,-3.923666,5.234988
3.2,200,5.845626,5.883714,-3.923666,5.348736
3.22,200,5.841031,5.872712,-3.938933,4.880763
3.24,200,5.846414,5.89764,-3.877864,6.369427
3.26,200,5.844009,5.876792,-3.877864,4.945573
3.28,200,5.841299,5.8776,-3.9542,5.239795
3.3,200,5.839755,5.877791,-3.938933,5.386166
3.32,200,5.837147,5.873175,-3.480917,5.247682
3.34,200,5.882795,6.004719,-1.633588,11.6346
3.36,200,5.854439,5.822036,-4.198475,-0.2211323
3.38,200,5.852365,5.901443,-4.213742,6.160796
3.4,200,5.848352,5.877917,-3.832062,4.663442
3.42,200,5.849901,5.893751,-3.801528,5.768671
3.44,200,5.854094,5.899512,-3.9542,5.861352
3.46,200,5.85605,5.89661,-4.030536,5.468052
3.48,200,5.856036,5.893825,-3.847329,5.251709
3.5,200,5.85445,5.890028,-3.816795,5.090294
3.52,200,5.858874,5.905724,-3.877864,5.939554
3.54,200,5.863519,5.90786,-3.984734,5.710621
3.56,200,5.864049,5.90098,-3.877864,5.127991
3.58,200,5.855903,5.878949,-3.893131,4.101111
3.6,200,5.855556,5.896315,-3.847329,5.4874
3.62,200,5.860258,5.906402,-3.923666,5.874565
3.64,200,5.854715,5.881031,-3.938933,4.364816
3.66,200,5.862355,5.916706,-3.908398,6.501066
3.68,200,5.86047,5.891292,-3.877864,4.675944
3.7,200,5.8549,5.884225,-4.000001,4.598808
3.72,200,5.856606,5.899861,-3.893131,5.674935
3.74,200,5.862237,5.909368,-3.893131,5.937547
3.76,200,5.877524,5.940103,-3.893131,7.036177
3.78,200,5.873898,5.897836,-3.923666,4.043266
3.8,200,5.867364,5.894478,-3.862597,4.338191
3.82,200,5.861287,5.889502,-3.908398,4.467036
3.84,200,5.867948,5.919267,-3.9542,6.224704
3.86,200,5.867542,5.900794,-3.938933,4.815842
3.88,200,5.854098,5.868045,-3.938933,3.403227
3.9,200,5.850017,5.886281,-3.893131,5.175603
3.92,200,5.855448,5.904571,-3.969467,6.141304
3.94,200,5.85764,5.89768,-3.893131,5.416112
3.96,200,5.857945,5.896174,-3.847329,5.272665
3.98,200,5.847869,5.868114,-3.923666,3.939053
4,200,5.849654,5.895872,-3.938933,5.955605
4.02,0,5.854549,5.900769,-3.9542,-37.75932
4.04,0,5.85279,5.012969,-3.923666,-106.9468
4.06,0,5.700246,4.773666,-16.24428,-112.6301
4.08,0,4.94439,2.992946,-47.57253,-187.3415
4.1,0,3.644618,1.047337,-75.90842,-228.5875
4.12,0,2.321071,-0.003813028,-80.33591,-197.9486
4.14,0,0.8168991,-1.694337,-81.67942,-201.8834
4.16,0,-0.4908571,-2.405585,-42.22902,-146.0478
4.18,0,-0.01156184,1.290539,9.145041,101.8237
4.2,0,0.07603426,-0.02987909,-4.702291,-8.833389
4.22,0,-0.04429205,-0.2463843,-12.25955,-15.47073
4.24,0,-0.2154955,-0.4704223,-13.63359,-18.38647
4.26,0,-0.2220451,-0.1516371,-4.961833,7.072796
4.28,0,-0.2506691,-0.2839055,-6.870231,-0.826519
4.3,0,-0.2800283,-0.2897193,-7.251911,1.22189
4.32,0,-0.2888411,-0.262854,-6.44275,4.070559
4.34,0,-0.3107439,-0.3138104,-5.832063,1.955262
4.36,0,-0.3388118,-0.3438091,-6.106872,2.003256
4.38,0,-0.3384539,-0.2889423,-5.007635,6.258483
4.4,0,-0.3271022,-0.2692465,-4.091604,6.82907
4.42,0,-0.3004398,-0.2188835,-4.015268,8.491834
4.44,0,-0.2788193,-0.2147093,-3.908398,6.975926
4.46,0,-0.2589533,-0.1974812,-4.152673,6.629851
4.48,0,-0.2469113,-0.2015089,-3.801528,5.289614
4.5,0,-0.229628,-0.1734377,-3.984734,6.010444
4.52,0,-0.2106854,-0.1561813,-3.877864,5.744726
4.54,0,-0.197376,-0.1551488,-3.877864,4.691776
4.56,0,-0.1901584,-0.1580798,-3.923666,3.848298
4.58,0,-0.1728331,-0.121892,-3.908398,5.199443
4.6,0,-0.157273,-0.1156962,-3.893131,4.357734
4.62,0,-0.144001,-0.1067761,-3.862597,3.924213
4.64,0,-0.1380481,-0.1147276,-3.877864,2.796152
4.66,0,-0.1435745,-0.1385374,-3.969467,1.407318
4.68,0,-0.1364583,-0.1046445,-3.908398,3.448917
4.7,0,-0.1338459,-0.1163788,-3.938933,2.309349
4.72,0,-0.1250595,-0.09418541,-3.877864,3.294767
4.74,0,-0.1249868,-0.1134252,-3.938933,1.785507
4.76,0,-0.1165129,-0.08624947,-3.9542,3.18679
4.78,0,-0.1029025,-0.06854254,-3.877864,3.410286
4.8,0,-0.1129609,-0.1231091,-3.938933,0.004715443
4.82,0,-0.1148809,-0.1002721,-3.9542,1.952863
4.84,0,-0.1051409,-0.0746721,-3.938933,3.12244
4.86,0,-0.09345589,-0.0641417,-3.938933,2.949422
4.88,0,-0.0849226,-0.06259166,-3.923666,2.343694
4.9,0,-0.07813401,-0.05867683,-3.893131,2.07139
4.92,0,-0.07156469,-0.05287107,-3.877864,1.96539
4.94,0,-0.06341245,-0.04269965,-3.908398,2.065531
4.96,0,-0.06828412,-0.07210451,-3.923666,0.1836119
4.98,0,-0.06351773,-0.0446984,-3.938933,1.918777
5,0,-0.05734137,-0.04126801,-3.893131,1.660251
5.02,0,-0.06076895,-0.0619636,-3.877864,0.3357012
5.04,0,-0.06227718,-0.05611631,-3.969467,0.9212081
5.06,0,-0.05938533,-0.04672773,-3.877864,1.40811
5.08,0,-0.05178324,-0.03253896,-3.938933,1.868778
5.1,0,-0.04817467,-0.03838051,-3.893131,1.105013
5.12,0,-0.04109572,-0.02378508,-3.877864,1.642289
5.14,0,-0.03362201,-0.01812858,-3.923666,1.447414
5.16,0,-0.03643879,-0.03978974,-3.938933,-0.004598856
5.18,0,-0.03365531,-0.02292614,-3.877864,1.075879
5.2,0,-0.04085654,-0.05096818,-3.893131,-0.5013852
5.22,0,-0.03712004,-0.02271964,-3.938933,1.387239
5.24,0,-0.03834076,-0.03815165,-3.862597,0.285373
5.26,0,-0.04172449,-0.04231951,-3.893131,0.2482824
5.28,0,-0.03998736,-0.0309078,-3.862597,0.9917111
5.3,0,-0.04239728,-0.04283051,-3.938933,0.2655146
5.32,0,-0.03710318,-0.02168987,-3.862597,1.466065
5.34,0,-0.03771941,-0.03667423,-3.877864,0.3478336
5.36,0,-0.04171181,-0.04364142,-3.969467,0.1439323
5.38,0,-0.04804048,-0.05292178,-3.877864,-0.04186332
5.4,0,-0.05015869,-0.04612187,-3.908398,0.6697524
5.42,0,-0.05534294,-0.05821385,-3.893131,0.1666499
5.44,0,-0.05380626,-0.04269827,-3.877864,1.247817
5.46,0,-0.0540912,-0.04923198,-3.923666,0.7614856
5.48,0,-0.05350976,-0.04582604,-3.923666,0.9781125
5.5,0,-0.0437301,-0.0204706,-3.893131,2.125605
5.52,0,-0.04272147,-0.0394599,-3.908398,0.5561535
5.54,0,-0.0420683,-0.03554643,-3.877864,0.8065603
5.56,0,-0.04060319,-0.03339211,-3.877864,0.8499863
5.58,0,-0.03951007,-0.03330243,-3.893131,0.7638732
5.6,0,-0.03908953,-0.03402052,-3.877864,0.6719807
5.62,0,-0.0391936,-0.0348793,-3.908398,0.6137856
5.64,0,-0.03414045,-0.02056142,-3.908398,1.301774
5.66,0,-0.03802546,-0.04279655,-3.908398,-0.1042836
5.68,0,-0.03392921,-0.0203729,-3.908398,1.298669
5.7,0,-0.03850053,-0.04450427,-3.938933,-0.1972101
5.72,0,-0.03757127,-0.02928567,-3.938933,0.9127229
5.74,0,-0.04210609,-0.04646686,-4.137406,-0.0433104
5.76,0,-0.03659063,-0.02003517,-3.755726,1.551728
5.78,0,-0.03263226,-0.02381896,-3.862597,0.918646
5.8,0,-0.03899817,-0.04740138,-4.030536,-0.3810325
5.82,0,-0.0316721,-0.0115463,-3.969467,1.795934
5.84,0,-0.02775002,-0.0204147,-3.893131,0.7686462
5.86,0,-0.02757117,-0.02482226,-3.893131,0.4093649
5.88,0,-0.03287487,-0.0388924,-3.9542,-0.2378354
5.9,0,-0.03373682,-0.02939909,-3.923666,0.5772643
5.92,0,-0.03394245,-0.03041167,-3.938933,0.5155008
5.94,0,-0.03072806,-0.02097615,-3.893131,0.9787421
5.96,0,-0.02857383,-0.0224013,-3.938933,0.6838253
5.98,0,-0.03263215,-0.03700285,-3.938933,-0.1109779
6,0,-0.04136133,-0.05126923,-3.877864,-0.4816355
6.02,200,-0.04280824,-0.03751577,-3.893131,44.396
6.04,200,-0.08518656,0.7186421,-2.442749,107.06
6.06,200,0.5816588,2.48122,38.30536,187.923
6.08,200,1.938283,4.739003,65.08399,248.7094
6.1,200,3.34095,5.848973,64.88552,215.9214
6.12,200,4.30969,5.912822,49.57253,138.4016
6.14,200,5.288359,6.954838,44.59544,136.452
6.16,200,5.652435,6.084038,16.07634,37.42197
6.18,200,5.688397,5.738926,-0.5343513,7.424183
6.2,200,5.813551,6.093675,2.687024,24.48055
6.22,200,5.935284,6.145493,2.580153,18.15546
6.24,200,5.981462,6.055221,0.3511451,7.172312
6.26,200,6.027006,6.120681,-0.4580154,8.408634
6.28,200,6.04239,6.072458,-1.923665,3.331175
6.3,200,6.084919,6.173525,-1.526718,7.60433
6.32,200,6.07195,6.044859,-2.992367,-1.342281
6.34,200,6.089663,6.141852,-2.442749,4.727283
6.36,200,6.062224,6.016307,-3.938933,-2.743412
6.38,200,6.037382,6.01969,-4.396948,-0.3614912
6.4,200,6.023605,6.023281,-4.06107,1.09198
6.42,200,6.02003,6.036137,-3.694658,2.400309
6.44,200,6.006007,6.000864,-3.862597,0.8392849
6.46,200,5.989752,5.986937,-3.984734,1.136307
6.48,200,5.970312,5.963712,-4.000001,0.9779642
6.5,200,5.959329,5.971158,-3.923666,2.495088
6.52,200,5.948329,5.957963,-3.877864,2.400984
6.54,200,5.947064,5.97586,-3.877864,3.906744
6.56,200,5.938004,5.949361,-3.9542,2.608267
6.58,200,5.931502,5.952166,-3.984734,3.381421
6.6,200,5.930068,5.958717,-3.847329,4.015191
6.62,200,5.92293,5.940104,-3.877864,3.169193
6.64,200,5.924254,5.95968,-3.969467,4.585608
6.66,200,5.923514,5.951431,-3.938933,4.004018
6.68,200,5.91539,5.931895,-3.969467,3.170128
6.7,200,5.923591,5.972345,-3.908398,5.631438
6.72,200,5.912953,5.920815,-3.923666,2.511858
6.74,200,5.909538,5.939884,-3.908398,4.29299
6.76,200,5.905496,5.930696,-3.862597,3.919138
6.78,200,5.906302,5.941655,-3.923666,4.706616
6.8,200,5.904947,5.934328,-3.877864,4.249525
6.82,200,5.899549,5.923191,-3.938933,3.839454
6.84,200,5.893555,5.918067,-3.908398,3.949949
6.86,200,5.886783,5.910596,-3.9542,3.943194
6.88,200,5.886957,5.924121,-3.938933,4.984824
6.9,200,5.886559,5.919997,-3.969467,4.696272
6.92,200,5.888769,5.927608,-3.862597,5.102675
6.94,200,5.886299,5.915484,-3.893131,4.365904
6.96,200,5.879419,5.903118,-3.9542,3.986217
6.98,200,5.868768,5.887898,-3.923666,3.704672
7,200,5.860246,5.885561,-3.923666,4.248042
7.02,200,5.854088,5.883532,-3.9542,4.613947
7.04,200,5.854788,5.896363,-3.862597,5.556499
7.06,200,5.856398,5.897029,-3.9542,5.471209
7.08,200,5.846334,5.86633,-3.938933,3.930528
7.1,200,5.851964,5.905234,-3.908398,6.490081
7.12,200,5.847457,5.875341,-3.923666,4.538447
7.14,200,5.854783,5.909287,-3.969467,6.566453
7.16,200,5.853533,5.886511,-3.969467,4.893459
7.18,200,5.852611,5.89068,-3.877864,5.297973
7.2,200,5.844005,5.86763,-3.923666,4.230392
7.22,200,5.850848,5.905852,-3.908398,6.633444
7.24,200,5.852183,5.890179,-3.923666,5.294888
7.26,200,5.83973,5.856636,-3.877864,3.735812
7.28,200,5.845159,5.899629,-3.9542,6.631985
7.3,200,5.849296,5.893148,-3.877864,5.772733
7.32,200,5.851952,5.894737,-3.923666,5.670804
7.34,200,5.845347,5.871639,-3.9542,4.429162
7.36,200,5.852369,5.90696,-3.9542,6.590339
7.38,200,5.85738,5.901729,-3.923666,5.754364
7.4,200,5.865694,5.917217,-3.908398,6.256174
7.42,200,5.859876,5.883851,-3.923666,4.145387
7.44,200,5.854227,5.884879,-3.969467,4.707351
7.46,200,5.844855,5.868401,-3.9542,4.218321
7.48,200,5.849795,5.901342,-3.984734,6.370782
7.5,200,5.847995,5.881306,-3.893131,4.958615
7.52,200,5.837915,5.860546,-3.877864,4.195907
7.54,200,5.833746,5.87039,-3.9542,5.320069
7.56,200,5.841074,5.895761,-3.908398,6.67746
7.58,200,5.843801,5.885693,-3.9542,5.65841
7.6,200,5.844173,5.884102,-3.923666,5.502649
7.62,200,5.844943,5.885919,-3.923666,5.579077
7.64,200,5.834873,5.856409,-3.9542,4.131777
7.66,200,5.8254,5.853335,-3.877864,4.698853
7.68,200,5.83356,5.892655,-3.908398,7.074981
7.7,200,5.823513,5.843044,-3.9542,4.055101
7.72,200,5.821092,5.863469,-3.877864,5.857419
7.74,200,5.820477,5.861789,-3.816795,5.778044
7.76,200,5.820114,5.86216,-4.000001,5.83804
7.78,200,5.813715,5.84502,-3.938933,5.044248
7.8,200,5.813459,5.858671,-3.908398,6.132485
7.82,200,5.809906,5.846536,-3.938933,5.486999
7.84,200,5.806094,5.844493,-3.938933,5.652336
7.86,200,5.803095,5.843115,-3.862597,5.800109
7.88,200,5.803711,5.850205,-3.938933,6.301346
7.9,200,5.810497,5.86648,-3.923666,6.994475
7.92,200,5.804687,5.835574,-3.923666,5.075117
7.94,200,5.808369,5.861882,-3.938933,6.816867
7.96,200,5.807725,5.84853,-3.9542,5.828384
7.98,200,5.807338,5.851243,-3.877864,6.073497
8,200,5.809537,5.857439,-3.893131,6.370063
8.02,0,5.812068,5.859436,-3.862597,-37.36957
8.04,0,5.821073,5.006009,-3.938933,-104.7889
8.06,0,5.678876,4.770034,-16.33588,-111.094
8.08,0,4.987803,3.150068,-47.22139,-178.7666
8.1,0,3.6993,1.092812,-74.77865,-229.695
8.12,0,2.390248,0.08502507,-77.3588,-196.9015
8.14,0,0.9539663,-1.451251,-79.52675,-194.5708
8.16,0,-0.4602434,-2.603523,-49.96948,-164.1182
8.18,0,-0.04447365,1.187324,8.900766,96.56886
8.2,0,0.02807834,-0.08545399,-3.633589,-9.088455
8.22,0,-0.05219343,-0.1752909,-11.49619,-9.24445
8.24,0,-0.220245,-0.4844331,-12.64123,-19.07774
8.26,0,-0.2471493,-0.2101354,-6.396949,4.641886
8.28,0,-0.268885,-0.2796816,-6.778628,1.055552
8.3,0,-0.289999,-0.2870878,-6.503819,2.276289
8.32,0,-0.3131335,-0.3135523,-6.320613,2.179372
8.34,0,-0.3387078,-0.3394947,-6.213742,2.33135
8.36,0,-0.3224392,-0.2457263,-5.35878,8.269976
8.38,0,-0.3109637,-0.2606432,-4.671758,6.126002
8.4,0,-0.2977755,-0.2407568,-3.984734,6.556498
8.42,0,-0.2599607,-0.1627064,-3.770993,9.432055
8.44,0,-0.2437716,-0.1981295,-4.000001,5.285519
8.46,0,-0.2160304,-0.1418971,-4.015268,7.315921
8.48,0,-0.1971915,-0.1484124,-3.923666,5.201901
8.5,0,-0.1790866,-0.1291579,-3.893131,5.164242
8.52,0,-0.1735036,-0.1484446,-3.938933,3.1822
8.54,0,-0.1590469,-0.1141053,-4.000001,4.63355
8.56,0,-0.1430261,-0.1013714,-3.908398,4.263278
8.58,0,-0.1350619,-0.1092264,-3.908398,2.971427
8.6,0,-0.120989,-0.08230966,-3.969467,3.875527
8.62,0,-0.1104881,-0.08268444,-3.969467,2.951615
8.64,0,-0.09671629,-0.06243617,-3.893131,3.360394
8.66,0,-0.08535662,-0.0585804,-3.923666,2.693894
8.68,0,-0.07047262,-0.03757262,-3.877864,3.067212
8.7,0,-0.05603932,-0.02727034,-3.938933,2.642462
8.72,0,-0.05814472,-0.05975788,-3.984734,0.284245
8.74,0,-0.06361376,-0.06473061,-4.076337,0.362191
8.76,0,-0.05498575,-0.030552,-4.778627,2.297
8.78,0,-0.05980834,-0.0654765,-4.916032,-0.02066302
8.8,0,-0.07877813,-0.1026555,-5.74046,-1.308439
8.82,0,-0.1300174,-0.2044527,-6.427483,-4.895241
8.84,0,-0.1346309,-0.1093701,-3.923666,2.925571
8.86,0,-0.1300843,-0.1081129,-4.06107,2.634731
8.88,0,-0.119503,-0.08690061,-3.9542,3.39043
8.9,0,-0.1188897,-0.1075099,-3.938933,1.7282
8.92,0,-0.1157603,-0.09574994,-3.984734,2.380603
8.94,0,-0.1133923,-0.09690142,-3.969467,2.088817
8.96,0,-0.1124292,-0.09804384,-3.893131,1.91761
8.98,0,-0.108307,-0.08805899,-3.908398,2.346461
9,0,-0.1016019,-0.07856233,-3.938933,2.517037
9.02,0,-0.09161796,-0.06430733,-3.923666,2.780072
9.04,0,-0.09277547,-0.08739184,-3.923666,1.075444
9.06,0,-0.0975903,-0.09407149,-3.938933,0.964188
9.08,0,-0.09715758,-0.08331769,-3.908398,1.76735
9.1,0,-0.09580603,-0.08248848,-3.908398,1.716817
9.12,0,-0.09691518,-0.08802754,-3.938933,1.378639
9.14,0,-0.08323203,-0.04719998,-3.893131,3.402317
9.16,0,-0.0820141,-0.07537986,-3.908398,1.096949
9.18,0,-0.09645746,-0.1116994,-3.9542,-0.5092452
9.2,0,-0.1009586,-0.09219693,-3.938933,1.397878
9.22,0,-0.09711902,-0.07784402,-3.877864,2.191522
9.24,0,-0.09750463,-0.0883555,-3.908398,1.403122
9.26,0,-0.1010678,-0.09542983,-3.938933,1.154215
9.28,0,-0.1003782,-0.08602282,-3.908398,1.830329
9.3,0,-0.102007,-0.09359659,-3.938933,1.377317
9.32,0,-0.09371772,-0.06638505,-3.923666,2.796889
9.34,0,-0.09004968,-0.07585633,-3.908398,1.744319
9.36,0,-0.09617491,-0.09713051,-3.908398,0.6045332
9.38,0,-0.09517498,-0.07963476,-3.969467,1.886237
9.4,0,-0.09604078,-0.08725627,-3.923666,1.364367
9.42,0,-0.09563507,-0.08312795,-3.9542,1.652396
9.44,0,-0.1027656,-0.1043586,-3.893131,0.6013396
9.46,0,-0.1140816,-0.1192062,-3.908398,0.4056733
9.48,0,-0.102075,-0.06374209,-3.908398,3.715405
9.5,0,-0.1033011,-0.09877504,-3.923666,1.082619
9.52,0,-0.1003836,-0.08156875,-3.847329,2.178719
9.54,0,-0.1005266,-0.09039393,-3.908398,1.501305
9.56,0,-0.1004748,-0.08823127,-3.893131,1.665971
9.58,0,-0.0997363,-0.08671178,-3.908398,1.721722
9.6,0,-0.08871546,-0.0578155,-3.9542,3.04011
9.62,0,-0.082811,-0.06610085,-3.862597,1.889705
9.64,0,-0.0816112,-0.07117735,-3.9542,1.391238
9.66,0,-0.07937681,-0.06601589,-3.847329,1.604201
9.68,0,-0.0839537,-0.08351199,-3.923666,0.6273563
9.7,0,-0.08496968,-0.07499392,-3.938933,1.379473
9.72,0,-0.08796979,-0.08326976,-3.908398,0.9884071
9.74,0,-0.08736637,-0.07482465,-3.816795,1.596757
9.76,0,-0.09189451,-0.09007059,-3.9542,0.7914336
9.78,0,-0.09693496,-0.09321503,-3.9542,0.9753312
9.8,0,-0.1011182,-0.09555286,-3.969467,1.148999
9.82,0,-0.107282,-0.1049922,-3.862597,0.9366517
9.84,0,-0.1075831,-0.09342039,-3.893131,1.866239
9.86,0,-0.096595,-0.06487022,-3.847329,3.160182
9.88,0,-0.08903264,-0.06845149,-3.847329,2.236009
9.9,0,-0.1068014,-0.1297305,-4.351147,-1.036868
9.92,0,-0.1034019,-0.07769568,-3.923666,2.738821
9.94,0,-0.09755626,-0.07781392,-4.015268,2.230812
9.96,0,-0.08582032,-0.05532735,-3.9542,2.987747
9.98,0,-0.07752486,-0.05692632,-3.862597,2.156093
10,0,-0.08154587,-0.08185292,-3.984734,0.5517306
10.02,200,-0.08479347,-0.07894599,-3.908398,44.73578
10.04,200,-0.1147763,0.7167346,-2.488551,109.4313
10.06,200,0.4587004,2.192154,35.78627,175.8164
10.08,200,1.741232,4.462133,64.16796,243.8698
10.1,200,3.16268,5.74784,65.69468,223.2076
10.12,200,4.208496,5.957243,50.00002,150.4892
10.14,200,5.278482,7.090933,48.4733,147.921
10.16,200,5.755852,6.35919,21.03818,50.10312
10.18,200,5.844858,5.93964,0.7328247,9.772408
10.2,200,5.907925,6.047428,2.809161,12.82915
10.22,200,5.974543,6.102556,0.6564888,11.46024
10.24,200,6.027936,6.125511,-0.2442749,8.70576
10.26,200,6.050539,6.092402,-1.068703,4.194931
10.28,200,6.081139,6.14517,-0.9770995,5.711258
10.3,200,6.060345,6.024939,-3.740459,-1.909314
10.32,200,6.091264,6.170077,-1.511451,6.795685
10.34,200,6.055236,5.98857,-4.106872,-4.315191
10.36,200,6.033494,6.026434,-4.625956,0.4969177
10.38,200,6.023424,6.028052,-3.816795,1.479888
10.4,200,6.016126,6.024685,-3.618322,1.838285
10.42,200,6.003214,6.002106,-3.984734,1.174299
10.44,200,5.985019,5.978364,-4.183208,0.8697269
10.46,200,5.975131,5.986822,-3.938933,2.372775
10.48,200,5.970161,5.988227,-3.832062,2.905464
10.5,200,5.977885,6.017751,-3.770993,4.553575
10.52,200,5.968232,5.971952,-3.893131,1.798001
10.54,200,5.951898,5.952483,-4.030536,1.669179
10.56,200,5.942379,5.95794,-3.923666,2.906232
10.58,200,5.937181,5.958688,-3.847329,3.407114
10.6,200,5.933235,5.956479,-3.938933,3.570597
10.62,200,5.92777,5.948538,-3.923666,3.415826
10.64,200,5.918978,5.935149,-3.893131,3.118922
10.66,200,5.911733,5.932806,-3.938933,3.552994
10.68,200,5.899658,5.912245,-3.908398,2.97541
10.7,200,5.899333,5.936066,-3.908398,4.863872
10.72,200,5.898835,5.930438,-3.969467,4.466201
10.74,200,5.888399,5.903566,-3.969467,3.256304
10.76,200,5.875395,5.890827,-3.923666,3.369161
10.78,200,5.872125,5.906517,-3.9542,4.87321
10.8,200,5.868483,5.898856,-3.9542,4.584679
10.82,200,5.86921,5.908607,-3.862597,5.284502
10.84,200,5.860233,5.880592,-3.908398,3.860648
10.86,200,5.856619,5.891542,-3.969467,5.024197
10.88,200,5.856711,5.895753,-4.015268,5.344961
10.9,200,5.856737,5.894812,-3.847329,5.269141
10.92,200,5.858155,5.898875,-3.984734,5.465788
10.94,200,5.854578,5.885755,-3.984734,4.74553
10.96,200,5.852386,5.888435,-3.923666,5.141751
10.98,200,5.855545,5.900362,-3.9542,5.804294
11,200,5.855775,5.893209,-3.923666,5.225811
11.02,200,5.847201,5.870559,-3.923666,4.187007
11.04,200,5.846026,5.886489,-3.832062,5.531683
11.06,200,5.845604,5.884116,-3.893131,5.381911
11.08,200,5.842673,5.877207,-3.969467,5.091935
11.1,200,5.83415,5.860036,-3.984734,4.476746
11.12,200,5.833039,5.874951,-3.923666,5.736535
11.14,200,5.824623,5.850575,-3.923666,4.549033
11.16,200,5.823842,5.867666,-3.923666,5.950835
11.18,200,5.825294,5.869567,-3.801528,5.975342
11.2,200,5.841158,5.910553,-3.160306,7.825493
11.22,200,5.828412,5.840025,-4.198475,3.401795
11.24,200,5.860082,5.963499,-2.839696,10.34991
11.26,200,5.845527,5.844422,-4.106872,2.286851
11.28,200,5.834102,5.861634,-4.16794,4.606296
11.3,200,5.835868,5.882544,-4.000001,6.088613
11.32,200,5.838723,5.883194,-3.801528,5.895929
11.34,200,5.840282,5.882504,-3.786261,5.709234
11.36,200,5.829648,5.850595,-4.000001,4.122596
11.38,200,5.830483,5.87746,-4.030536,6.150225
11.4,200,5.834291,5.881147,-3.969467,6.11349
11.42,200,5.832775,5.869715,-3.862597,5.349683
11.44,200,5.835464,5.882038,-3.877864,6.083402
11.46,200,5.834891,5.873391,-3.908398,5.456588
11.48,200,5.834014,5.873686,-3.908398,5.554391
11.5,200,5.839127,5.889253,-3.908398,6.334891
11.52,200,5.837676,5.873392,-3.923666,5.219355
11.54,200,5.843576,5.895369,-3.908398,6.433669
11.56,200,5.84972,5.897867,-3.969467,6.1053
11.58,200,5.851154,5.890859,-3.908398,5.435733
11.6,200,5.84626,5.876301,-3.893131,4.715715
11.62,200,5.850184,5.898428,-3.862597,6.109945
11.64,200,5.839436,5.857571,-3.923666,3.833752
11.66,200,5.844005,5.896748,-3.908398,6.505276
11.68,200,5.850541,5.899137,-3.877864,6.134539
11.7,200,5.848575,5.882074,-3.908398,4.96921
11.72,200,5.838643,5.861415,-3.908398,4.201794
11.74,200,5.846328,5.90375,-3.9542,6.854217
11.76,200,5.843316,5.873795,-3.938933,4.770265
11.78,200,5.844116,5.887169,-3.893131,5.747298
11.8,200,5.838974,5.868906,-3.908398,4.758456
11.82,200,5.840461,5.885455,-3.923666,5.924719
11.84,200,5.842183,5.884346,-3.923666,5.691164
11.86,200,5.836793,5.866734,-3.893131,4.774626
11.88,200,5.839949,5.888194,-3.893131,6.182304
11.9,200,5.853438,5.915776,-3.9542,7.187497
11.92,200,5.868231,5.928111,-3.877864,6.89074
11.94,200,5.870816,5.907564,-3.893131,5.065648
11.96,200,5.874692,5.918018,-3.877864,5.55256
11.98,200,5.870173,5.896823,-3.908398,4.281858
12,200,5.867282,5.900808,-3.893131,4.839575
12.02,0,5.874835,5.925809,-3.893131,-37.53098
12.04,0,5.889508,5.074852,-3.893131,-105.2405
12.06,0,5.724808,4.766519,-17.06871,-115.2809
12.08,0,5.025976,3.17804,-48.01528,-179.8321
12.1,0,3.696499,1.014418,-76.53437,-235.5796
12.12,0,2.341927,-0.02793956,-79.19086,-201.6081
12.14,0,0.8720278,-1.572591,-80.59544,-197.0685
12.16,0,-0.3753187,-2.204701,-42.03055,-140.1988
12.18,0,-0.002458587,1.078321,5.511452,84.47028
12.2,0,0.05799073,-0.05246544,-4.732826,-9.056778
12.22,0,-0.02190553,-0.1491334,-10.94657,-9.781101
12.24,0,-0.1831861,-0.4388772,-11.49619,-18.67576
12.26,0,-0.2232607,-0.2164285,-6.641223,2.115471
12.28,0,-0.2577502,-0.2883322,-7.328247,-0.5680175
12.3,0,-0.3059017,-0.3482547,-7.541987,-1.146617
12.32,0,-0.3056271,-0.2533644,-5.679391,6.24213
12.34,0,-0.3263367,-0.3302173,-6.152674,2.001363
12.36,0,-0.3437895,-0.3277035,-6.106872,3.685255
12.38,0,-0.3396516,-0.2870228,-3.923666,6.510045
12.4,0,-0.3140554,-0.2315399,-4.305345,8.663033
12.42,0,-0.2941481,-0.2313283,-3.725192,6.983426
12.44,0,-0.281695,-0.2308733,-3.816795,5.958621
12.46,0,-0.2671943,-0.2120922,-3.938933,6.190747
12.48,0,-0.2539396,-0.2039436,-4.000001,5.698193
12.5,0,-0.231575,-0.166353,-3.877864,6.729593
12.52,0,-0.2128112,-0.1601715,-3.847329,5.613954
12.54,0,-0.2091891,-0.183377,-3.938933,3.493073
12.56,0,-0.2071737,-0.1792897,-3.969467,3.641158
12.58,0,-0.1915176,-0.1402645,-3.877864,5.355886
12.6,0,-0.1772454,-0.135362,-3.984734,4.52277
12.62,0,-0.1729508,-0.1488021,-4.000001,3.107338
12.64,0,-0.160518,-0.1190383,-4.015268,4.373558
12.66,0,-0.1519453,-0.1225222,-3.755726,3.370933
12.68,0,-0.1493838,-0.1293491,-3.9542,2.61972
12.7,0,-0.1374568,-0.09936441,-4.000001,3.946126
12.72,0,-0.1146043,-0.06256492,-3.923666,4.873765
12.74,0,-0.1046031,-0.08128306,-3.877864,2.559577
12.76,0,-0.09814289,-0.07669209,-3.938933,2.368448
12.78,0,-0.09042818,-0.06728969,-3.938933,2.445807
12.8,0,-0.09106187,-0.08407985,-3.893131,1.188264
12.82,0,-0.09334373,-0.08591993,-3.893131,1.23918
12.84,0,-0.08938928,-0.07072561,-3.984734,2.089188
12.86,0,-0.08348786,-0.06421671,-3.908398,2.094747
12.88,0,-0.07562105,-0.05384338,-3.923666,2.234947
12.9,0,-0.06749339,-0.04687308,-3.832062,2.087082
12.92,0,-0.062193,-0.0474757,-3.9542,1.588571
12.94,0,-0.05811461,-0.04511024,-3.9542,1.426067
12.96,0,-0.05839787,-0.05331593,-3.984734,0.8092738
12.98,0,-0.06324629,-0.06457797,-3.908398,0.3426955
13,0,-0.06661498,-0.06335436,-3.893131,0.7253153
13.02,0,-0.07437131,-0.0792989,-3.908398,0.1404423
13.04,0,-0.05994812,-0.02300451,-3.9542,3.309277
13.06,0,-0.05519395,-0.04579058,-3.862597,1.123761
13.08,0,-0.05542746,-0.04995171,-3.877864,0.8191141
13.1,0,-0.06568667,-0.07706086,-3.908398,-0.4244971
13.12,0,-0.06342991,-0.04787485,-3.923666,1.663319
13.14,0,-0.06186904,-0.05328842,-3.862597,1.107033
13.16,0,-0.06129462,-0.05327687,-3.862597,1.059134
13.18,0,-0.0619171,-0.05597579,-3.923666,0.9013495
13.2,0,-0.05442624,-0.03366583,-3.9542,2.005995
13.22,0,-0.04920542,-0.03649737,-3.908398,1.339874
13.24,0,-0.04547381,-0.03451076,-3.923666,1.177352
13.26,0,-0.05042283,-0.05494468,-3.908398,0.002813578
13.28,0,-0.0457814,-0.02956112,-3.923666,1.590479
13.3,0,-0.04836707,-0.04973119,-3.923666,0.2348483
13.32,0,-0.04898867,-0.0429819,-3.969467,0.8152972
13.34,0,-0.05275046,-0.05367625,-3.908398,0.3002353
13.36,0,-0.05337094,-0.04682766,-3.938933,0.8881552
13.38,0,-0.05336055,-0.04712147,-3.908398,0.8641873
13.4,0,-0.04758048,-0.03110643,-3.923666,1.622818
13.42,0,-0.0402214,-0.02384385,-3.862597,1.563109
13.44,0,-0.03941481,-0.0356198,-3.908398,0.5745838
13.46,0,-0.04559594,-0.05170217,-3.908398,-0.1549157
13.48,0,-0.04359308,-0.03238695,-3.908398,1.183389
13.5,0,-0.02990004,-0.001845358,-3.923666,2.402395
13.52,0,-0.02813602,-0.02646486,-3.908398,0.3288009
13.54,0,-0.02327912,-0.01108344,-3.923666,1.117037
13.56,0,-0.02423366,-0.02508993,-3.938933,0.1040978
13.58,0,-0.02833084,-0.03196585,-3.923666,-0.08377367
13.6,0,-0.01915922,0.001756206,-3.923666,1.76913
13.62,0,-0.01784869,-0.01704914,-3.893131,0.1881721
13.64,0,-0.01660533,-0.012059,-3.938933,0.4724103
13.66,0,-0.01778551,-0.01843888,-3.877864,0.07453012
13.68,0,-0.0113635,0.00260807,-3.893131,1.171616
13.7,0,-0.01730667,-0.02900396,-3.832062,-0.7916677
13.72,0,-0.02703875,-0.03940548,-3.923666,-0.7747463
13.74,0,-0.02890226,-0.02586951,-3.908398,0.4412912
13.76,0,-0.03466015,-0.04134101,-3.893131,-0.2770424
13.78,0,-0.03771016,-0.03684618,-3.862597,0.3340093
13.8,0,-0.04081651,-0.04113998,-3.923666,0.2630672
13.82,0,-0.04315327,-0.04144338,-3.893131,0.4384233
13.84,0,-0.03533537,-0.01579238,-3.67939,1.77611
13.86,0,-0.04161704,-0.05164954,-4.458017,-0.4899888
13.88,0,-0.02817792,0.003426228,-3.511451,2.667859
13.9,0,-0.03940141,-0.06159218,-3.816795,-1.455545
13.92,0,-0.0342775,-0.0152053,-4.183208,1.732289
13.94,0,-0.04220687,-0.05519184,-3.984734,-0.7164328
13.96,0,-0.03640142,-0.01758377,-3.832062,1.727247
13.98,0,-0.03679526,-0.03613938,-3.908398,0.3108349
14,0,-0.04519243,-0.0549453,-3.969467,-0.4425512
14.02,0,-0.04519243,-0.0549453,-3.969467,-0.4425512
